time_s,actuator_mm,actuator_setpoint_mm,depth_filtered_m,depth_setpoint_m,motor_cmd
0.352,48.376,47.81122699999997,0.4892,0.4047,0.0
0.401,48.352,47.81122699999997,0.4894,0.4047,0.0
0.451,48.132,47.80328400000004,0.4892,0.4047,-7.294117647058823
0.501,48.156,47.79804500000005,0.4892,0.4047,-7.294117647058823
0.551,48.352,47.79804500000005,0.4892,0.4047,-7.2
0.601,47.839,47.79010199999997,0.4892,0.4047,-7.2
0.651,47.692,47.79010199999997,0.4891,0.4047,-7.247058823529412
0.701,47.619,47.78215900000004,0.4892,0.4047,-7.247058823529412
0.751,47.619,47.77692000000005,0.4892,0.4047,7.105882352941176
0.801,47.912,47.77692000000005,0.4892,0.4047,7.105882352941176
0.851,47.814,47.774505548936084,0.4891,0.4047,7.105882352941176
0.901,48.083,47.774505548936084,0.4891,0.4047,-7.105882352941176
0.951,47.863,47.76478485596322,0.489,0.4047,-7.105882352941176
1.001,48.303,47.76478485596322,0.489,0.4047,-7.152941176470589
1.051,48.059,47.75227350000001,0.489,0.4047,-7.105882352941176
1.101,47.79,47.75227350000001,0.489,0.4047,-7.105882352941176
1.151,47.619,47.744349299999925,0.489,0.4047,-7.152941176470589
1.201,47.741,47.73912269999994,0.489,0.4047,-7.152941176470589
1.251,47.424,47.73912269999994,0.4889,0.4047,7.105882352941176
1.301,47.473,47.73119850000001,0.489,0.4047,0.0
1.351,47.497,47.73119850000001,0.489,0.4047,0.0
1.401,47.473,47.71774575106381,0.4891,0.4047,7.152941176470589
1.451,47.521,47.72610281612898,0.489,0.4047,7.152941176470589
1.501,47.448,47.72610281612898,0.489,0.4047,7.152941176470589
1.551,47.741,47.70458555106379,0.4891,0.4047,7.152941176470589
1.601,48.23,47.70458555106379,0.4891,0.4047,7.152941176470589
1.651,48.376,47.70197109999993,0.4891,0.4047,0.0
1.701,48.376,47.70197109999993,0.4891,0.4047,0.0
1.751,48.498,47.687973444036686,0.4892,0.4047,-7.294117647058823
1.801,49.621,47.687973444036686,0.4892,0.4047,-7.294117647058823
1.851,48.523,47.68461759999997,0.4892,0.4047,-7.294117647058823
1.901,47.204,47.68461759999997,0.4892,0.4047,-7.764705882352941
1.951,47.888,47.67540709999994,0.4892,0.4047,-7.764705882352941
2.001,47.521,47.67540709999994,0.4892,0.4047,7.247058823529412
2.051,47.668,47.63839609999993,0.4892,0.4047,-7.152941176470589
2.101,47.619,47.63839609999993,0.4891,0.4047,-7.152941176470589
2.151,47.595,47.63839609999993,0.4891,0.4047,-7.152941176470589
2.201,47.473,47.63839609999993,0.4891,0.4047,-7.152941176470589
2.251,47.57,47.63839609999993,0.489,0.4047,-7.152941176470589
2.301,47.228,47.63839609999993,0.489,0.4047,-7.152941176470589
2.351,47.326,47.63839609999993,0.4889,0.4047,-7.152941176470589
2.401,47.057,47.63839609999993,0.4889,0.4047,-7.152941176470589
2.451,46.838,47.63839609999993,0.4889,0.4047,7.105882352941176
2.501,46.838,47.653175879816864,0.4887,0.4047,7.105882352941176
2.551,46.984,47.653175879816864,0.4885,0.4047,7.341176470588235
2.601,47.521,47.644458295744435,0.4883,0.4047,7.341176470588235
2.651,47.643,47.644458295744435,0.4882,0.4047,7.294117647058823
2.701,47.692,47.618867355963225,0.4882,0.4047,7.294117647058823
2.751,48.01,47.618867355963225,0.4882,0.4047,0.0
2.801,48.083,47.62301684680867,0.4879,0.4047,-7.105882352941176
2.851,47.766,47.62301684680867,0.4878,0.4047,-7.105882352941176
2.901,47.912,47.60476714893604,0.4878,0.4047,-7.247058823529412
2.951,47.79,47.60476714893604,0.4875,0.4047,-7.247058823529412
3.001,47.399,47.6095823238535,0.4874,0.4047,-7.152941176470589
3.051,47.155,47.6095823238535,0.487,0.4047,-7.105882352941176
3.101,47.302,47.627688291488894,0.4866,0.4047,-7.105882352941176
3.151,47.106,47.627688291488894,0.4865,0.4047,7.247058823529412
3.201,47.057,47.5906021678898,0.4863,0.4047,7.247058823529412
3.251,47.179,47.5906021678898,0.4862,0.4047,7.247058823529412
3.301,47.448,47.60234159361732,0.4857,0.4047,7.247058823529412
3.351,47.546,47.60234159361732,0.4853,0.4047,7.247058823529412
3.401,48.254,47.59045544468051,0.4852,0.4047,7.105882352941176
3.451,48.376,47.59045544468051,0.4843,0.4047,7.105882352941176
3.501,50.11,47.59826770367032,0.4843,0.4047,-7.294117647058823
3.551,48.694,47.59826770367032,0.4842,0.4047,-7.341176470588235
3.601,48.62,47.5605579978722,0.4841,0.4047,-7.341176470588235
3.651,48.107,47.5605579978722,0.4839,0.4047,-7.482352941176471
3.701,48.083,47.592213040426,0.4832,0.4047,-7.482352941176471
3.751,47.668,47.54774441612909,0.4831,0.4047,-7.247058823529412
3.801,47.424,47.54774441612909,0.483,0.4047,-7.247058823529412
3.851,47.473,47.55442449574443,0.4827,0.4047,-7.247058823529412
3.901,47.497,47.55442449574443,0.4819,0.4047,7.105882352941176
3.951,47.326,47.570044291489786,0.4819,0.4047,7.105882352941176
4.001,47.497,47.53097541612909,0.4818,0.4047,0.0
4.051,47.497,47.53097541612909,0.4809,0.4047,7.152941176470589
4.101,47.643,47.59859173404171,0.4803,0.4047,7.152941176470589
4.151,47.863,47.59859173404171,0.4801,0.4047,0.0
4.201,47.741,47.57251213829844,0.4792,0.4047,-7.152941176470589
4.251,47.888,47.517653216129084,0.4791,0.4047,-7.105882352941176
4.301,47.253,47.517653216129084,0.4789,0.4047,-7.105882352941176
4.351,47.546,47.55235204042501,0.4782,0.4047,-7.105882352941176
4.401,47.57,47.55235204042501,0.4781,0.4047,7.152941176470589
4.451,47.35,47.51086236788981,0.4779,0.4047,7.152941176470589
4.501,47.546,47.51086236788981,0.4767,0.4047,0.0
4.551,47.741,47.55656268723463,0.4767,0.4047,7.105882352941176
4.601,47.741,47.55656268723463,0.4764,0.4047,7.105882352941176
4.651,48.059,47.5080790957444,0.4763,0.4047,-7.105882352941176
4.701,47.717,47.5080790957444,0.4759,0.4047,-7.105882352941176
4.751,47.668,47.541372827523766,0.475,0.4047,-7.247058823529412
4.801,47.326,47.541372827523766,0.475,0.4047,-7.152941176470589
4.851,47.546,47.5193599914889,0.4742,0.4047,-7.152941176470589
4.901,47.35,47.5193599914889,0.4738,0.4047,7.152941176470589
4.951,47.253,47.49322157981638,0.4737,0.4047,7.152941176470589
5.001,47.692,47.49322157981638,0.4731,0.4047,7.105882352941176
5.051,47.717,47.50802819148976,0.4729,0.4047,7.152941176470589
5.101,48.376,47.50802819148976,0.4727,0.4047,7.152941176470589
5.151,48.303,47.51987823829721,0.4718,0.4047,-7.152941176470589
5.201,48.156,47.46547811612899,0.4717,0.4047,-7.152941176470589
5.251,48.034,47.46547811612899,0.4713,0.4047,-7.341176470588235
5.301,48.23,47.495343991489754,0.4709,0.4047,-7.341176470588235
5.351,47.326,47.495343991489754,0.4706,0.4047,-7.294117647058823
5.401,47.839,47.47973929361663,0.4703,0.4047,-7.294117647058823
5.451,47.473,47.47973929361663,0.47,0.4047,7.105882352941176
5.501,47.473,47.47426039174358,0.4696,0.4047,7.105882352941176
5.551,47.546,47.47426039174358,0.4691,0.4047,0.0
5.601,47.546,47.469220993616666,0.469,0.4047,0.0
5.651,47.741,47.469220993616666,0.4684,0.4047,-7.105882352941176
5.701,47.497,47.46388379174295,0.4683,0.4047,-7.105882352941176
5.751,47.985,47.46388379174295,0.4682,0.4047,-7.152941176470589
5.801,47.277,47.45896659361731,0.4677,0.4047,0.0
5.851,47.277,47.45896659361731,0.4675,0.4047,0.0
5.901,47.204,47.454300993616634,0.4671,0.4047,7.105882352941176
5.951,47.399,47.454300993616634,0.4664,0.4047,7.105882352941176
6.001,47.399,47.44917089174358,0.4664,0.4047,7.152941176470589
6.051,47.619,47.44917089174358,0.4656,0.4047,0.0
6.101,47.643,47.461017940425016,0.4655,0.4047,0.0
6.151,47.814,47.461017940425016,0.4654,0.4047,-7.105882352941176
6.201,47.741,47.45929701559611,0.4644,0.4047,-7.105882352941176
6.251,47.448,47.45929701559611,0.4644,0.4047,-7.2
6.301,47.35,47.41981214680865,0.4641,0.4047,-7.2
6.351,47.253,47.41981214680865,0.4631,0.4047,0.0
6.401,47.204,47.45908513829722,0.463,0.4047,0.0
6.451,47.155,47.41350133225804,0.4628,0.4047,7.105882352941176
6.501,47.326,47.41350133225804,0.4627,0.4047,7.105882352941176
6.551,47.35,47.39743944893622,0.4627,0.4047,7.152941176470589
6.601,47.863,47.39743944893622,0.4615,0.4047,7.152941176470589
6.651,47.937,47.45301088723333,0.4615,0.4047,0.0
6.701,47.937,47.45301088723333,0.4606,0.4047,0.0
6.751,47.937,47.44536462752375,0.4602,0.4047,-7.247058823529412
6.801,48.303,47.44536462752375,0.46,0.4047,-7.247058823529412
6.851,48.107,47.43027154042502,0.4593,0.4047,-7.247058823529412
6.901,47.302,47.43027154042502,0.4593,0.4047,-7.3882352941176475
6.951,46.96,47.414832247706244,0.4585,0.4047,-7.3882352941176475
7.001,47.228,47.414832247706244,0.4578,0.4047,7.105882352941176
7.051,47.399,47.45600603404328,0.457,0.4047,7.247058823529412
7.101,47.399,47.45600603404328,0.457,0.4047,7.247058823529412
7.151,47.595,47.39894534468053,0.4565,0.4047,0.0
7.201,47.595,47.39894534468053,0.4554,0.4047,0.0
7.251,47.668,47.42428007156038,0.4553,0.4047,-7.152941176470589
7.301,48.083,47.42428007156038,0.4552,0.4047,-7.152941176470589
7.351,47.106,47.452934582977825,0.4537,0.4047,-7.152941176470589
7.401,47.497,47.452934582977825,0.4535,0.4047,-7.294117647058823
7.451,47.253,47.401922042553544,0.453,0.4047,-7.294117647058823
7.501,47.106,47.3947762645162,0.4526,0.4047,0.0
7.551,47.082,47.3947762645162,0.4519,0.4047,7.105882352941176
7.601,47.131,47.39671544255278,0.4519,0.4047,7.105882352941176
7.651,47.521,47.39671544255278,0.4508,0.4047,7.2
7.701,47.253,47.407115215596114,0.4508,0.4047,7.2
7.751,47.473,47.407115215596114,0.4495,0.4047,-7.105882352941176
7.801,46.422,47.462894078724375,0.4488,0.4047,7.105882352941176
7.851,47.814,47.462894078724375,0.4487,0.4047,7.105882352941176
7.901,48.034,47.39106554255277,0.4481,0.4047,7.435294117647059
7.951,48.01,47.40076499677423,0.4475,0.4047,7.435294117647059
8.001,48.425,47.40076499677423,0.4468,0.4047,-7.294117647058823
8.051,48.571,47.414697287234624,0.4463,0.4047,-7.294117647058823
8.101,48.547,47.414697287234624,0.4455,0.4047,-7.294117647058823
8.151,48.327,47.42988533404169,0.4448,0.4047,-7.482352941176471
8.201,48.059,47.372424048387096,0.4445,0.4047,-7.482352941176471
8.251,47.595,47.372424048387096,0.4439,0.4047,-7.3882352941176475
8.301,47.741,47.39977478936218,0.4435,0.4047,-7.294117647058823
8.351,47.253,47.39977478936218,0.4432,0.4047,-7.294117647058823
8.401,47.302,47.392693040425,0.4426,0.4047,-7.2
8.451,46.667,47.41690734516137,0.4417,0.4047,-7.2
8.501,46.569,47.41690734516137,0.4409,0.4047,7.105882352941176
8.551,45.861,47.423776934043275,0.4402,0.4047,7.341176470588235
8.601,47.179,47.423776934043275,0.44,0.4047,7.341176470588235
8.651,47.302,47.36276689574442,0.4398,0.4047,7.670588235294118
8.701,47.375,47.36276689574442,0.439,0.4047,7.670588235294118
8.751,47.888,47.39044301559701,0.4387,0.4047,0.0
8.801,47.912,47.39044301559701,0.4379,0.4047,0.0
8.851,47.79,47.386545240425015,0.4378,0.4047,-7.247058823529412
8.901,48.23,47.386545240425015,0.4367,0.4047,-7.247058823529412
8.951,47.497,47.412961185107065,0.4364,0.4047,-7.2
9.001,47.57,47.377881280645234,0.4359,0.4047,-7.2
9.051,47.375,47.377881280645234,0.4358,0.4047,-7.105882352941176
9.101,47.448,47.34568299787221,0.4357,0.4047,-7.105882352941176
9.151,47.131,47.34568299787221,0.4345,0.4047,0.0
9.201,47.155,47.427626819265704,0.4337,0.4047,0.0
9.251,46.96,47.427626819265704,0.4334,0.4047,7.152941176470589
9.301,46.862,47.37738609148974,0.4329,0.4047,7.152941176470589
9.351,47.302,47.37738609148974,0.4328,0.4047,7.152941176470589
9.401,47.326,47.36535339361666,0.4323,0.4047,7.247058823529412
9.451,48.083,47.36535339361666,0.4311,0.4047,7.247058823529412
9.501,47.961,47.40240093945045,0.4308,0.4047,0.0
9.551,47.985,47.40240093945045,0.4303,0.4047,0.0
9.601,48.23,47.4085398851056,0.4294,0.4047,-7.247058823529412
9.651,48.059,47.4085398851056,0.4292,0.4047,-7.247058823529412
9.701,48.327,47.364965891742976,0.4287,0.4047,-7.3882352941176475
9.751,47.473,47.364965891742976,0.4282,0.4047,-7.3882352941176475
9.801,47.546,47.3914138382984,0.4276,0.4047,-7.435294117647059
9.851,47.326,47.3914138382984,0.4276,0.4047,-7.435294117647059
9.901,46.618,47.39709318723335,0.4264,0.4047,-7.105882352941176
9.951,46.935,47.42289587741947,0.4253,0.4047,-7.105882352941176
10.001,46.984,47.42289587741947,0.4252,0.4047,7.341176470588235
10.051,46.838,47.39306383829839,0.4242,0.4047,7.341176470588235
10.101,47.082,47.39306383829839,0.424,0.4047,7.247058823529412
10.151,46.911,47.3437772978722,0.424,0.4047,7.247058823529412
10.201,47.521,47.43119099354851,0.4228,0.4047,7.152941176470589
10.251,47.937,47.43119099354851,0.4217,0.4047,7.152941176470589
10.301,47.961,47.39352943829839,0.4217,0.4047,-7.105882352941176
10.351,48.034,47.39352943829839,0.4205,0.4047,-7.105882352941176
10.401,48.059,47.42740613191394,0.42,0.4047,-7.294117647058823
10.451,47.814,47.3608441483871,0.4197,0.4047,-7.294117647058823
10.501,47.668,47.3608441483871,0.4187,0.4047,-7.294117647058823
10.551,47.277,47.407111736170826,0.4184,0.4047,-7.247058823529412
10.601,47.253,47.407111736170826,0.4176,0.4047,-7.247058823529412
10.651,47.057,47.41960323404171,0.4169,0.4047,7.105882352941176
10.701,47.106,47.41349604516138,0.416,0.4047,7.105882352941176
10.751,47.082,47.41349604516138,0.4159,0.4047,7.2
10.801,47.228,47.41172433617082,0.4147,0.4047,7.152941176470589
10.851,47.717,47.41172433617082,0.4142,0.4047,7.152941176470589
10.901,48.107,47.36927814468055,0.4142,0.4047,7.105882352941176
10.951,48.254,47.4744248580647,0.4126,0.4047,7.105882352941176
11.001,48.449,47.4744248580647,0.4121,0.4047,-7.341176470588235
11.051,47.985,47.40546403829838,0.4115,0.4047,-7.341176470588235
11.101,48.498,47.40546403829838,0.4105,0.4047,-7.341176470588235
11.151,47.497,47.445828080850056,0.4097,0.4047,-7.294117647058823
11.201,48.4,47.3911269806452,0.4092,0.4047,-7.294117647058823
11.251,47.546,47.3911269806452,0.4089,0.4047,0.0
11.301,47.497,47.422252536170824,0.4079,0.4047,-7.435294117647059
11.351,47.619,47.422252536170824,0.4077,0.4047,-7.435294117647059
11.401,47.717,47.46337377872229,0.4059,0.4047,-7.105882352941176
11.451,47.204,47.38999926451615,0.4055,0.4047,-7.105882352941176
11.501,47.326,47.38999926451615,0.4054,0.4047,-7.152941176470589
11.551,46.789,47.407422940425946,0.4046,0.4047,7.105882352941176
11.601,46.764,47.407422940425946,0.4039,0.4047,7.105882352941176
11.651,47.106,47.414845489361134,0.4036,0.4047,7.294117647058823
11.701,47.277,47.4196172129033,0.4029,0.4047,7.294117647058823
11.751,47.35,47.4196172129033,0.4017,0.4047,7.152941176470589
11.801,47.668,47.451791582979475,0.4013,0.4047,7.105882352941176
11.851,48.083,47.451791582979475,0.4004,0.4047,7.105882352941176
11.901,47.937,47.460990131913945,0.3996,0.4047,-7.152941176470589
11.951,47.961,47.37088079999997,0.3996,0.4047,-7.152941176470589
12.001,48.327,47.37088079999997,0.3991,0.4047,-7.247058823529412
12.052,47.766,47.45428843404325,0.3981,0.4047,-7.247058823529412
12.101,47.692,47.45428843404325,0.3974,0.4047,-7.435294117647059
12.151,47.497,47.43040708936114,0.3971,0.4047,-7.435294117647059
12.201,47.228,47.460393961290436,0.3961,0.4047,-7.152941176470589
12.251,46.886,47.460393961290436,0.3955,0.4047,-7.152941176470589
12.301,46.813,47.43031414042594,0.3952,0.4047,7.152941176470589
12.351,46.984,47.43031414042594,0.3945,0.4047,7.152941176470589
12.401,47.35,47.46626303404172,0.3937,0.4047,7.294117647058823
12.451,47.546,47.46626303404172,0.3935,0.4047,7.294117647058823
12.501,48.571,47.44525147156032,0.3925,0.4047,7.105882352941176
12.551,47.814,47.44525147156032,0.3917,0.4047,7.105882352941176
12.601,48.327,47.441109340425015,0.3916,0.4047,-7.482352941176471
12.651,47.717,47.441109340425015,0.3903,0.4047,-7.482352941176471
12.701,48.62,47.461837683485996,0.3902,0.4047,-7.3882352941176475
12.751,47.253,47.461837683485996,0.3902,0.4047,-7.152941176470589
12.801,47.888,47.470851636170806,0.3889,0.4047,-7.152941176470589
12.851,47.179,47.470851636170806,0.3885,0.4047,7.152941176470589
12.901,47.497,47.452944840425026,0.388,0.4047,7.152941176470589
12.951,47.35,47.464002912903304,0.3873,0.4047,7.152941176470589
13.001,47.57,47.464002912903304,0.3868,0.4047,0.0
13.051,47.619,47.44788674255349,0.3866,0.4047,0.0
13.101,47.399,47.44788674255349,0.3855,0.4047,-7.105882352941176
13.151,47.79,47.50633943191395,0.3849,0.4047,-7.105882352941176
13.201,47.546,47.50633943191395,0.3842,0.4047,0.0
13.251,47.497,47.50443710734049,0.3831,0.4047,0.0
13.301,47.546,47.50443710734049,0.3827,0.4047,0.0
13.351,47.521,47.46259854255278,0.3824,0.4047,0.0
13.401,47.546,47.46259854255278,0.3817,0.4047,0.0
13.451,47.546,47.48057381559614,0.3813,0.4047,0.0
13.501,47.766,47.48057381559614,0.3807,0.4047,-7.105882352941176
13.551,47.424,47.55394277659677,0.3791,0.4047,-7.105882352941176
13.601,47.448,47.55394277659677,0.3791,0.4047,-7.105882352941176
13.651,47.302,47.4780277425528,0.3784,0.4047,7.105882352941176
13.701,47.375,47.516860745161395,0.3775,0.4047,7.105882352941176
13.751,47.595,47.516860745161395,0.3769,0.4047,7.105882352941176
13.801,47.473,47.48553674255349,0.3768,0.4047,7.105882352941176
13.851,47.961,47.48553674255349,0.3758,0.4047,7.105882352941176
13.901,48.01,47.54491063191396,0.3751,0.4047,0.0
13.951,48.059,47.54491063191396,0.3745,0.4047,0.0
14.001,48.181,47.54887456330385,0.3732,0.4047,-7.247058823529412
14.053,47.717,47.54887456330385,0.3729,0.4047,-7.247058823529412
14.102,48.01,47.5089079914889,0.3724,0.4047,-7.294117647058823
14.152,48.059,47.5089079914889,0.3721,0.4047,-7.294117647058823
14.202,47.79,47.537048283486,0.371,0.4047,-7.247058823529412
14.252,46.764,47.537048283486,0.3706,0.4047,-7.247058823529412
14.302,47.302,47.575509780851895,0.3692,0.4047,-7.152941176470589
14.352,46.74,47.575509780851895,0.3685,0.4047,-7.152941176470589
14.402,46.862,47.54391613829726,0.3681,0.4047,7.152941176470589
14.452,47.009,47.562111145161396,0.3672,0.4047,7.152941176470589
14.502,47.619,47.562111145161396,0.3666,0.4047,7.294117647058823
14.552,47.424,47.553869538298365,0.3661,0.4047,7.247058823529412
14.602,47.717,47.553869538298365,0.3654,0.4047,7.247058823529412
14.652,48.107,47.59850118085008,0.3643,0.4047,7.105882352941176
14.702,47.961,47.538344164516175,0.3639,0.4047,7.105882352941176
14.752,48.278,47.538344164516175,0.3631,0.4047,-7.247058823529412
14.802,48.474,47.576263887234575,0.3627,0.4047,-7.247058823529412
14.852,47.912,47.576263887234575,0.3625,0.4047,-7.341176470588235
14.902,48.376,47.566139040425035,0.3618,0.4047,-7.341176470588235
14.952,47.106,47.5953629451614,0.3609,0.4047,-7.2
15.002,47.497,47.5953629451614,0.3604,0.4047,-7.2
15.052,47.448,47.56559934255348,0.3602,0.4047,7.247058823529412
15.102,48.107,47.56559934255348,0.3588,0.4047,7.247058823529412
15.152,47.399,47.632062180850085,0.3584,0.4047,7.105882352941176
15.202,47.497,47.56400024838713,0.3581,0.4047,7.105882352941176
15.252,47.912,47.56400024838713,0.357,0.4047,7.152941176470589
15.302,48.132,47.610529687234575,0.3569,0.4047,7.152941176470589
15.352,48.523,47.610529687234575,0.3563,0.4047,-7.2
15.402,48.571,47.63412133404174,0.3554,0.4047,-7.2
15.452,48.571,47.582202848387126,0.3551,0.4047,-7.3882352941176475
15.502,48.327,47.582202848387126,0.3541,0.4047,-7.3882352941176475
15.552,47.643,47.629014287234575,0.3539,0.4047,-7.3882352941176475
15.602,47.668,47.629014287234575,0.3534,0.4047,-7.341176470588235
15.652,47.473,47.603130993616695,0.3533,0.4047,-7.341176470588235
15.702,47.155,47.66538077741949,0.3522,0.4047,0.0
15.752,47.302,47.66538077741949,0.3521,0.4047,7.105882352941176
15.802,47.179,47.6258344914897,0.3514,0.4047,7.105882352941176
15.852,47.302,47.6258344914897,0.3508,0.4047,7.2
15.902,47.473,47.626991342552806,0.3507,0.4047,7.2
15.952,48.107,47.651000312903314,0.35,0.4047,7.2
16.002,47.937,47.651000312903314,0.3493,0.4047,7.2
16.054,48.449,47.660504538298355,0.3489,0.4047,-7.247058823529412
16.103,48.278,47.660504538298355,0.3489,0.4047,-7.247058823529412
16.153,48.303,47.69444110733913,0.3471,0.4047,-7.341176470588235
16.203,47.668,47.69444110733913,0.347,0.4047,-7.341176470588235
16.253,47.692,47.65598654255345,0.3464,0.4047,-7.294117647058823
16.303,47.717,47.65598654255345,0.3459,0.4047,-7.294117647058823
16.353,47.204,47.67951818936113,0.3454,0.4047,0.0
16.403,47.228,47.67951818936113,0.3449,0.4047,0.0
16.453,47.35,47.680770959632866,0.3444,0.4047,7.247058823529412
16.503,47.302,47.680770959632866,0.3436,0.4047,7.247058823529412
16.553,47.155,47.717967285107,0.343,0.4047,7.247058823529412
16.603,47.375,47.717967285107,0.3424,0.4047,7.2
16.653,47.985,47.71011303829728,0.3419,0.4047,7.2
16.703,48.156,47.67203743225809,0.3417,0.4047,7.2
16.753,48.425,47.67203743225809,0.3411,0.4047,-7.152941176470589
16.803,48.889,47.73370153617079,0.3404,0.4047,-7.152941176470589
16.853,49.158,47.73370153617079,0.3403,0.4047,-7.341176470588235
16.903,48.376,47.73873408348598,0.339,0.4047,-7.341176470588235
16.953,48.205,47.73873408348598,0.3385,0.4047,-7.576470588235294
17.003,47.277,47.72491809148966,0.3382,0.4047,-7.294117647058823
17.053,47.424,47.72491809148966,0.3376,0.4047,-7.294117647058823
17.103,46.96,47.72731574255278,0.3375,0.4047,7.247058823529412
17.153,46.911,47.72731574255278,0.337,0.4047,7.247058823529412
17.203,47.131,47.764579283486015,0.3361,0.4047,7.341176470588235
17.253,47.692,47.764579283486015,0.3356,0.4047,7.341176470588235
17.303,47.839,47.76762153829835,0.335,0.4047,7.294117647058823
17.353,48.181,47.76762153829835,0.3341,0.4047,7.294117647058823
17.403,48.474,47.769486815596125,0.3339,0.4047,-7.105882352941176
17.453,48.523,47.769486815596125,0.3333,0.4047,-7.105882352941176
17.503,48.669,47.77544024042587,0.333,0.4047,-7.341176470588235
17.553,48.059,47.77544024042587,0.3321,0.4047,-7.341176470588235
17.603,47.668,47.82276448297783,0.3314,0.4047,-7.3882352941176475
17.653,47.79,47.82276448297783,0.3308,0.4047,-7.3882352941176475
17.703,47.302,47.7840322477063,0.3306,0.4047,7.105882352941176
17.753,47.424,47.7840322477063,0.3306,0.4047,0.0
17.803,47.424,47.804057340425906,0.3297,0.4047,0.0
17.853,47.619,47.804057340425906,0.3293,0.4047,7.2
17.903,47.521,47.78534919574447,0.3293,0.4047,7.2
17.953,47.668,47.89280814193569,0.3278,0.4047,7.105882352941176
18.003,47.961,47.89280814193569,0.3274,0.4047,7.105882352941176
18.055,48.23,47.81776884255347,0.3271,0.4047,7.152941176470589
18.104,48.083,47.81776884255347,0.3268,0.4047,7.152941176470589
18.154,48.645,47.827377647706264,0.3263,0.4047,-7.2
18.204,48.694,47.827377647706264,0.3259,0.4047,-7.2
18.254,48.694,47.83674984255343,0.3256,0.4047,-7.3882352941176475
18.304,47.912,47.83674984255343,0.3249,0.4047,-7.3882352941176475
18.354,48.156,47.86223668936113,0.3246,0.4047,-7.3882352941176475
18.404,47.106,47.8553649806452,0.3241,0.4047,-7.3882352941176475
18.454,47.57,47.8553649806452,0.3237,0.4047,-7.152941176470589
18.504,47.204,47.85026154468099,0.3236,0.4047,7.341176470588235
18.554,47.253,47.85026154468099,0.3229,0.4047,7.341176470588235
18.604,47.839,47.87551759148891,0.3228,0.4047,7.294117647058823
18.654,47.448,47.87551759148891,0.3219,0.4047,7.294117647058823
18.704,47.961,47.90426622752273,0.3215,0.4047,0.0
18.754,48.278,47.90426622752273,0.321,0.4047,7.2
18.804,48.4,47.88009674468103,0.321,0.4047,7.2
18.854,48.474,47.88009674468103,0.3208,0.4047,-7.2
18.904,48.132,47.90580680366955,0.3201,0.4047,-7.2
18.954,47.937,47.90580680366955,0.32,0.4047,-7.294117647058823
19.004,47.863,47.89458899574477,0.3197,0.4047,-7.152941176470589
19.054,48.107,47.89458899574477,0.3189,0.4047,-7.152941176470589
19.104,47.521,47.9255307914889,0.3189,0.4047,0.0
19.154,47.521,47.91310934838711,0.3186,0.4047,0.0
19.204,47.375,47.91310934838711,0.318,0.4047,7.2
19.254,47.35,47.93570904255343,0.3179,0.4047,7.2
19.304,47.692,47.93570904255343,0.3175,0.4047,7.2
19.354,47.546,47.97850533616949,0.3166,0.4047,7.294117647058823
19.404,48.181,47.91481859999997,0.3166,0.4047,7.294117647058823
19.454,48.474,47.91481859999997,0.3162,0.4047,7.2
19.504,48.816,47.961799842553425,0.3159,0.4047,7.2
19.554,49.206,47.961799842553425,0.3156,0.4047,-7.247058823529412
19.604,48.669,47.96055574468056,0.3154,0.4047,-7.247058823529412
19.654,49.231,47.96055574468056,0.3151,0.4047,-7.529411764705882
19.704,48.645,47.972482035779734,0.3148,0.4047,-7.529411764705882
19.754,48.4,47.972482035779734,0.3139,0.4047,-7.529411764705882
19.804,47.546,48.0031666404259,0.3139,0.4047,-7.529411764705882
19.854,47.912,48.0031666404259,0.3137,0.4047,-7.2
19.904,47.375,47.989181779816406,0.3134,0.4047,-7.2
19.954,47.424,47.989181779816406,0.3132,0.4047,7.105882352941176
20.004,47.179,47.98588529787233,0.3132,0.4047,7.294117647058823
20.056,47.35,47.98588529787233,0.3125,0.4047,7.294117647058823
20.105,47.912,48.055719136169486,0.3119,0.4047,7.341176470588235
20.155,47.937,48.00059451612902,0.3118,0.4047,7.341176470588235
20.205,48.23,48.00059451612902,0.3113,0.4047,7.105882352941176
20.255,48.4,48.034433893617205,0.3112,0.4047,7.105882352941176
20.305,49.158,48.034433893617205,0.3107,0.4047,-7.152941176470589
20.355,49.133,48.044479293616675,0.3106,0.4047,-7.152941176470589
20.405,49.182,48.07629361290329,0.3099,0.4047,-7.482352941176471
20.455,48.694,48.07629361290329,0.3097,0.4047,-7.482352941176471
20.505,48.254,48.061924493617205,0.3093,0.4047,-7.482352941176471
20.555,48.034,48.061924493617205,0.3091,0.4047,-7.482352941176471
20.605,47.546,48.050034297872216,0.3091,0.4047,-7.152941176470589
20.655,47.814,48.061864632258064,0.3089,0.4047,-7.152941176470589
20.705,47.155,48.061864632258064,0.3087,0.4047,7.247058823529412
20.755,47.131,48.0879120936172,0.3083,0.4047,7.247058823529412
20.805,47.131,48.0879120936172,0.3082,0.4047,7.3882352941176475
20.855,47.668,48.1037586425528,0.3076,0.4047,7.3882352941176475
20.905,47.814,48.072544799999974,0.3076,0.4047,7.435294117647059
20.955,48.425,48.072544799999974,0.3069,0.4047,7.435294117647059
21.005,48.449,48.12590059148964,0.3068,0.4047,7.152941176470589
21.055,48.816,48.12590059148964,0.3068,0.4047,7.152941176470589
21.105,48.962,48.103607097872214,0.3066,0.4047,-7.2
21.155,49.182,48.12386314838711,0.3063,0.4047,-7.2
21.205,48.62,48.12386314838711,0.3061,0.4047,-7.3882352941176475
21.255,49.28,48.131033395744765,0.3059,0.4047,-7.3882352941176475
21.305,48.547,48.131033395744765,0.3057,0.4047,-7.247058823529412
21.355,47.619,48.13010109787221,0.3057,0.4047,-7.247058823529412
21.405,47.595,48.1669543806452,0.3052,0.4047,-7.2
21.455,47.228,48.1669543806452,0.3051,0.4047,-7.2
21.505,47.35,48.14704189787233,0.305,0.4047,7.294117647058823
21.555,47.424,48.14704189787233,0.3048,0.4047,7.294117647058823
21.605,47.521,48.16236104680833,0.3047,0.4047,7.341176470588235
21.655,47.521,48.17741574838711,0.3044,0.4047,7.341176470588235
21.705,48.254,48.17741574838711,0.3042,0.4047,7.294117647058823
21.755,48.425,48.18476459574476,0.304,0.4047,7.294117647058823
21.805,48.791,48.18476459574476,0.304,0.4047,-7.105882352941176
21.855,49.011,48.1784823489361,0.3039,0.4047,-7.105882352941176
21.905,48.816,48.19595423225806,0.3037,0.4047,-7.294117647058823
21.955,48.01,48.19595423225806,0.3035,0.4047,-7.294117647058823
22.005,47.79,48.205904846808544,0.3034,0.4047,-7.294117647058823
22.057,48.327,48.205904846808544,0.3034,0.4047,-7.294117647058823
22.106,47.57,48.199469599999986,0.3034,0.4047,7.2
22.156,47.741,48.214020916129016,0.3033,0.4047,7.2
22.206,47.619,48.214020916129016,0.3033,0.4047,7.294117647058823
22.256,47.595,48.232073646808544,0.303,0.4047,7.294117647058823
22.306,48.352,48.232073646808544,0.3029,0.4047,7.294117647058823
22.356,48.791,48.24226164680833,0.3027,0.4047,7.294117647058823
22.406,48.889,48.23262819999997,0.3027,0.4047,-7.105882352941176
22.456,49.06,48.23262819999997,0.3025,0.4047,-7.247058823529412
22.506,49.011,48.258801846808545,0.3024,0.4047,-7.247058823529412
22.556,48.718,48.258801846808545,0.3023,0.4047,-7.3882352941176475
22.606,48.596,48.2579891489361,0.3023,0.4047,-7.3882352941176475
22.656,48.523,48.26728951612902,0.3022,0.4047,-7.247058823529412
22.706,47.692,48.26728951612902,0.3021,0.4047,-7.2
22.756,47.57,48.27991709787233,0.302,0.4047,-7.2
22.806,45.763,48.27991709787233,0.302,0.4047,7.294117647058823
22.856,47.497,48.27893259999998,0.302,0.4047,7.294117647058823
22.906,47.375,48.29357071612902,0.3019,0.4047,8.0
22.956,48.449,48.29357071612902,0.3019,0.4047,7.341176470588235
23.006,47.961,48.300697948936104,0.3018,0.4047,7.341176470588235
23.056,48.474,48.300697948936104,0.3017,0.4047,-7.105882352941176
23.106,48.449,48.31610849787222,0.3016,0.4047,-7.105882352941176
23.156,48.498,48.32013311612902,0.3015,0.4047,-7.105882352941176
23.206,47.668,48.32013311612902,0.3013,0.4047,-7.105882352941176
23.256,48.254,48.332826497872325,0.3013,0.4047,-7.105882352941176
23.306,47.741,48.332826497872325,0.3012,0.4047,-7.105882352941176
23.356,47.473,48.3374363489361,0.3012,0.4047,7.105882352941176
23.406,47.546,48.33853419999998,0.3012,0.4047,7.294117647058823
23.456,47.546,48.33853419999998,0.3011,0.4047,7.294117647058823
23.506,47.521,48.3537917489361,0.3011,0.4047,7.341176470588235
23.556,47.863,48.3537917489361,0.3012,0.4047,7.341176470588235
23.606,48.352,48.35268245106386,0.3012,0.4047,7.3882352941176475
23.656,48.987,48.36441859999997,0.3012,0.4047,7.3882352941176475
23.706,48.791,48.36441859999997,0.3012,0.4047,0.0
23.756,49.109,48.37414759999989,0.3012,0.4047,-7.294117647058823
23.806,49.011,48.37414759999989,0.3012,0.4047,-7.294117647058823
23.856,49.084,48.389405148936106,0.3011,0.4047,-7.341176470588235
23.906,48.376,48.390509199999975,0.3011,0.4047,-7.341176470588235
23.956,48.034,48.390509199999975,0.3011,0.4047,-7.341176470588235
24.006,47.912,48.40024759999989,0.3011,0.4047,0.0
24.058,47.888,48.40024759999989,0.3011,0.4047,7.247058823529412
24.107,47.79,48.40688714545451,0.3012,0.4047,7.247058823529412
24.157,47.985,48.40688714545451,0.3012,0.4047,7.247058823529412
24.207,48.01,48.421058100000025,0.3012,0.4047,7.294117647058823
24.257,48.449,48.421058100000025,0.3015,0.4047,7.294117647058823
24.307,48.376,48.40867290425506,0.3016,0.4047,7.2
24.357,48.913,48.40867290425506,0.3016,0.4047,7.2
24.407,49.328,48.441187399999976,0.3016,0.4047,0.0
24.457,49.304,48.441187399999976,0.3016,0.4047,0.0
24.507,49.475,48.445350251063665,0.3017,0.4047,-7.3882352941176475
24.557,48.84,48.445350251063665,0.3017,0.4047,-7.3882352941176475
24.607,49.304,48.46199939999995,0.3017,0.4047,-7.435294117647059
24.657,48.913,48.46199939999995,0.3018,0.4047,-7.435294117647059
24.707,48.913,48.465992755914044,0.3018,0.4047,-7.3882352941176475
24.757,48.425,48.465992755914044,0.3018,0.4047,-7.3882352941176475
24.807,47.985,48.475513151063716,0.3019,0.4047,-7.247058823529412
24.857,47.912,48.48730869999994,0.3019,0.4047,-7.247058823529412
24.907,47.668,48.48730869999994,0.302,0.4047,7.247058823529412
24.957,47.595,48.49128345591404,0.302,0.4047,7.247058823529412
25.007,47.595,48.49128345591404,0.3021,0.4047,7.3882352941176475
25.057,48.205,48.495256502127496,0.3022,0.4047,7.3882352941176475
25.107,48.181,48.495256502127496,0.3023,0.4047,7.3882352941176475
25.157,48.889,48.51226924403669,0.3023,0.4047,7.3882352941176475
25.207,48.889,48.51226924403669,0.3024,0.4047,7.2
25.257,49.158,48.51542490212745,0.3025,0.4047,7.2
25.307,49.646,48.51542490212745,0.3028,0.4047,-7.2
25.357,49.524,48.51908435319164,0.3028,0.4047,-7.2
25.407,49.182,48.51654745161284,0.3031,0.4047,-7.482352941176471
25.457,49.231,48.51654745161284,0.3033,0.4047,-7.435294117647059
25.507,49.06,48.53923430212745,0.3033,0.4047,-7.435294117647059
25.557,48.596,48.53923430212745,0.3035,0.4047,-7.341176470588235
25.607,48.474,48.54281855319164,0.3036,0.4047,-7.341176470588235
25.657,47.888,48.53196133548379,0.304,0.4047,0.0
25.707,48.23,48.53196133548379,0.3041,0.4047,7.105882352941176
25.757,47.643,48.56262810212745,0.3042,0.4047,7.105882352941176
25.807,47.985,48.56262810212745,0.3043,0.4047,7.152941176470589
25.857,48.376,48.57718485106387,0.3043,0.4047,7.152941176470589
25.907,48.474,48.58045808387093,0.3044,0.4047,7.294117647058823
25.957,48.864,48.58045808387093,0.3045,0.4047,7.152941176470589
26.007,48.718,48.58136515319123,0.3047,0.4047,7.152941176470589
26.059,49.328,48.58136515319123,0.3049,0.4047,-7.152941176470589
26.108,49.353,48.5702709636365,0.3055,0.4047,-7.152941176470589
26.158,49.353,48.5702709636365,0.306,0.4047,-7.341176470588235
26.208,48.889,48.57676069139817,0.3062,0.4047,-7.341176470588235
26.258,48.718,48.57676069139817,0.3062,0.4047,-7.341176470588235
26.308,48.889,48.61812555106372,0.3063,0.4047,-7.341176470588235
26.358,48.376,48.59707266825397,0.3067,0.4047,-7.105882352941176
26.408,48.4,48.59707266825397,0.307,0.4047,-7.105882352941176
26.458,48.059,48.59883319139817,0.3074,0.4047,7.152941176470589
26.508,47.912,48.59883319139817,0.3074,0.4047,7.152941176470589
26.558,47.985,48.61797105531884,0.3079,0.4047,7.247058823529412
26.608,47.766,48.618093968253966,0.3083,0.4047,7.247058823529412
26.658,48.278,48.618093968253966,0.3084,0.4047,7.294117647058823
26.708,49.06,48.65321955591404,0.3084,0.4047,7.3882352941176475
26.758,49.182,48.65321955591404,0.309,0.4047,7.3882352941176475
26.808,49.06,48.617891159573965,0.3093,0.4047,-7.2
26.858,49.255,48.63920246825397,0.3097,0.4047,-7.2
26.908,49.768,48.63920246825397,0.31,0.4047,-7.247058823529412
26.958,49.109,48.65185527957013,0.3102,0.4047,-7.294117647058823
27.008,48.742,48.65185527957013,0.3102,0.4047,-7.294117647058823
27.058,48.62,48.65997725531884,0.3107,0.4047,-7.247058823529412
27.108,48.083,48.64363815238097,0.3113,0.4047,-7.247058823529412
27.158,47.912,48.64363815238097,0.3116,0.4047,0.0
27.208,47.643,48.68318646774209,0.3116,0.4047,7.247058823529412
27.258,47.961,48.68318646774209,0.3127,0.4047,7.247058823529412
27.308,48.303,48.630667214892874,0.313,0.4047,7.435294117647059
27.358,48.327,48.678341168253965,0.3134,0.4047,7.435294117647059
27.408,48.327,48.678341168253965,0.3134,0.4047,7.2
27.458,48.816,48.68506423548415,0.314,0.4047,7.2
27.508,48.962,48.68506423548415,0.3144,0.4047,7.2
27.558,49.231,48.69820535531885,0.3145,0.4047,7.2
27.608,49.402,48.689769660317474,0.315,0.4047,-7.152941176470589
27.658,49.719,48.689769660317474,0.3156,0.4047,-7.152941176470589
27.708,49.475,48.69310914731219,0.3158,0.4047,-7.341176470588235
27.758,48.889,48.69310914731219,0.316,0.4047,-7.341176470588235
27.808,48.889,48.716833755318845,0.3163,0.4047,-7.341176470588235
27.858,49.035,48.70014185238098,0.3169,0.4047,-7.341176470588235
27.908,48.938,48.70014185238098,0.317,0.4047,-7.105882352941176
27.958,49.035,48.711241147312194,0.3177,0.4047,-7.105882352941176
28.008,48.181,48.711241147312194,0.3185,0.4047,-7.152941176470589
28.06,47.863,48.72577026363586,0.3185,0.4047,-7.152941176470589
28.109,47.741,48.72577026363586,0.319,0.4047,7.247058823529412
28.159,48.034,48.7366366354841,0.3191,0.4047,7.3882352941176475
28.209,48.132,48.7366366354841,0.3195,0.4047,7.3882352941176475
28.259,47.888,48.72165561063771,0.3201,0.4047,7.341176470588235
28.309,48.376,48.72165561063771,0.3204,0.4047,7.341176470588235
28.359,48.816,48.73183210000021,0.3212,0.4047,7.3882352941176475
28.409,48.791,48.73183210000021,0.3212,0.4047,7.2
28.459,48.645,48.7672550236561,0.3216,0.4047,7.2
28.509,49.499,48.7672550236561,0.3218,0.4047,0.0
28.559,49.524,48.77998615319128,0.3219,0.4047,0.0
28.609,49.695,48.719731920635,0.3229,0.4047,-7.341176470588235
28.659,49.255,48.719731920635,0.323,0.4047,-7.341176470588235
28.709,49.768,48.73967667096828,0.3241,0.4047,-7.435294117647059
28.759,49.499,48.73967667096828,0.3245,0.4047,-7.435294117647059
28.809,48.498,48.78412645531885,0.3246,0.4047,-7.435294117647059
28.859,48.718,48.79948288412696,0.3248,0.4047,-7.435294117647059
28.909,48.205,48.79948288412696,0.3251,0.4047,7.152941176470589
28.959,48.376,48.76693015914023,0.3258,0.4047,7.152941176470589
29.009,48.23,48.76693015914023,0.3261,0.4047,7.294117647058823
29.059,48.547,48.77282471063776,0.3268,0.4047,7.294117647058823
29.109,48.449,48.790209860317475,0.3273,0.4047,7.247058823529412
29.159,49.206,48.790209860317475,0.3274,0.4047,7.247058823529412
29.209,49.475,48.79799109139816,0.328,0.4047,7.2
29.259,49.744,48.79799109139816,0.3285,0.4047,7.2
29.309,49.597,48.79649795454486,0.329,0.4047,-7.294117647058823
29.359,49.67,48.79649795454486,0.3301,0.4047,-7.294117647058823
29.409,49.988,48.77079358279628,0.3304,0.4047,-7.341176470588235
29.459,49.768,48.77079358279628,0.3305,0.4047,-7.341176470588235
29.509,49.548,48.81434675744638,0.3311,0.4047,-7.529411764705882
29.559,48.889,48.81434675744638,0.3317,0.4047,-7.529411764705882
29.609,48.425,48.821625163636504,0.3319,0.4047,-7.341176470588235
29.659,48.449,48.821625163636504,0.3328,0.4047,-7.105882352941176
29.709,48.498,48.797731470968266,0.3331,0.4047,-7.105882352941176
29.759,48.376,48.797731470968266,0.3338,0.4047,7.2
29.809,48.205,48.7971068638291,0.3344,0.4047,7.2
29.859,48.181,48.862541892063454,0.3345,0.4047,7.2
29.909,48.083,48.862541892063454,0.3348,0.4047,7.294117647058823
29.959,48.718,48.826736203226204,0.3354,0.4047,7.294117647058823
30.009,49.133,48.826736203226204,0.3355,0.4047,7.341176470588235
30.061,49.499,48.81615593636284,0.3368,0.4047,7.341176470588235
30.11,49.67,48.81615593636284,0.3368,0.4047,-7.152941176470589
30.16,49.597,48.84142184731215,0.3376,0.4047,-7.152941176470589
30.21,50.037,48.84142184731215,0.3382,0.4047,-7.3882352941176475
30.26,49.475,48.818868863829074,0.3389,0.4047,-7.3882352941176475
30.31,49.158,48.88402039206342,0.339,0.4047,-7.529411764705882
30.36,48.816,48.88402039206342,0.3403,0.4047,-7.529411764705882
30.41,48.669,48.808696694624324,0.3406,0.4047,-7.152941176470589
30.46,48.327,48.808696694624324,0.3417,0.4047,-7.152941176470589
30.51,48.205,48.806758268084195,0.3423,0.4047,7.105882352941176
30.56,46.691,48.806758268084195,0.3428,0.4047,7.105882352941176
30.61,48.376,48.856483254545644,0.3433,0.4047,7.294117647058823
30.66,48.327,48.856483254545644,0.3433,0.4047,7.858823529411764
30.71,48.645,48.83503462688228,0.3446,0.4047,7.858823529411764
30.76,49.182,48.83503462688228,0.3451,0.4047,7.247058823529412
30.81,49.255,48.860819559573976,0.3455,0.4047,7.247058823529412
30.86,49.817,48.81470780476201,0.3467,0.4047,-7.2
30.91,50.012,48.81470780476201,0.347,0.4047,-7.2
30.96,50.281,48.87065474731217,0.3475,0.4047,-7.2
31.01,49.817,48.87065474731217,0.348,0.4047,-7.529411764705882
31.06,49.109,48.825056968084226,0.3492,0.4047,-7.529411764705882
31.11,49.206,48.91083619206346,0.3493,0.4047,-7.435294117647059
31.16,48.62,48.91083619206346,0.3503,0.4047,-7.152941176470589
31.21,48.498,48.80662637419446,0.3514,0.4047,-7.152941176470589
31.26,48.132,48.80662637419446,0.3521,0.4047,7.152941176470589
31.31,48.303,48.88734096363588,0.3522,0.4047,7.152941176470589
31.36,48.4,48.88734096363588,0.3528,0.4047,7.294117647058823
31.41,48.23,48.85038808279628,0.3536,0.4047,7.294117647058823
31.46,49.133,48.85038808279628,0.3536,0.4047,7.294117647058823
31.51,49.28,48.836474968084204,0.3553,0.4047,7.294117647058823
31.56,49.67,48.86487023650797,0.3561,0.4047,7.294117647058823
31.61,49.67,48.86487023650797,0.3567,0.4047,-7.247058823529412
31.66,49.646,48.87702565914019,0.3571,0.4047,-7.341176470588235
31.71,49.963,48.87702565914019,0.3576,0.4047,-7.341176470588235
31.76,49.451,48.8689209127653,0.3583,0.4047,-7.341176470588235
31.81,49.158,48.894959860317456,0.3588,0.4047,-7.341176470588235
31.86,48.987,48.894959860317456,0.3599,0.4047,-7.294117647058823
31.91,48.571,48.8551264387103,0.3603,0.4047,-7.294117647058823
31.96,48.132,48.8551264387103,0.3617,0.4047,-7.105882352941176
32.01,48.083,48.83490277021177,0.3622,0.4047,-7.105882352941176
32.062,47.912,48.90607286825396,0.3626,0.4047,7.341176470588235
32.111,47.863,48.90607286825396,0.3629,0.4047,7.341176470588235
32.161,47.839,48.87470647096823,0.3638,0.4047,7.435294117647059
32.211,48.254,48.87470647096823,0.3641,0.4047,7.435294117647059
32.261,48.816,48.860138965956644,0.3653,0.4047,7.435294117647059
32.311,48.84,48.88540874444447,0.366,0.4047,7.435294117647059
32.361,49.28,48.88540874444447,0.3661,0.4047,0.0
32.411,49.426,48.860778738710295,0.3675,0.4047,0.0
32.461,49.353,48.860778738710295,0.3676,0.4047,0.0
32.511,49.377,48.91727795531884,0.368,0.4047,-7.294117647058823
32.561,49.377,48.848472104761996,0.3692,0.4047,-7.294117647058823
32.611,49.89,48.848472104761996,0.37,0.4047,-7.247058823529412
32.661,49.328,48.89674090322616,0.3701,0.4047,-7.247058823529412
32.711,48.718,48.89674090322616,0.3716,0.4047,-7.247058823529412
32.761,48.449,48.84886651914799,0.3719,0.4047,-7.2
32.811,48.742,48.922249176190455,0.3722,0.4047,-7.2
32.861,48.278,48.922249176190455,0.3732,0.4047,7.2
32.911,48.156,48.87646782688225,0.3735,0.4047,7.2
32.961,48.083,48.87646782688225,0.3743,0.4047,7.294117647058823
33.011,48.523,48.84977921914799,0.3753,0.4047,7.294117647058823
33.061,48.645,48.90666206031746,0.3758,0.4047,7.341176470588235
33.111,48.938,48.90666206031746,0.3759,0.4047,7.341176470588235
33.161,49.158,48.876418926882245,0.3771,0.4047,7.152941176470589
33.211,49.744,48.876418926882245,0.3772,0.4047,7.152941176470589
33.261,49.988,48.89914885957396,0.378,0.4047,-7.152941176470589
33.311,49.939,48.883560836507975,0.3788,0.4047,-7.152941176470589
33.361,49.866,48.883560836507975,0.3795,0.4047,-7.482352941176471
33.411,49.402,48.82657743010844,0.381,0.4047,-7.435294117647059
33.461,49.377,48.82657743010844,0.3814,0.4047,-7.435294117647059
33.511,49.035,48.92497060425506,0.3814,0.4047,-7.294117647058823
33.561,48.913,48.866287020634985,0.3824,0.4047,-7.294117647058823
33.611,48.767,48.866287020634985,0.3829,0.4047,-7.105882352941176
33.661,48.303,48.89745520322616,0.3833,0.4047,0.0
33.711,48.278,48.89745520322616,0.3844,0.4047,0.0
33.761,48.498,48.859397117020436,0.3849,0.4047,7.294117647058823
33.811,48.523,48.896894052380965,0.3855,0.4047,7.294117647058823
33.861,48.132,48.896894052380965,0.3864,0.4047,7.2
33.911,48.694,48.89044225914017,0.3865,0.4047,7.2
33.961,48.913,48.89044225914017,0.3873,0.4047,7.2
34.011,49.206,48.8740453638291,0.3878,0.4047,7.152941176470589
34.063,49.67,48.89540215238097,0.3884,0.4047,7.152941176470589
34.112,50.061,48.89540215238097,0.3894,0.4047,-7.2
34.162,50.256,48.860752438710286,0.3899,0.4047,-7.341176470588235
34.212,50.012,48.860752438710286,0.3903,0.4047,-7.341176470588235
34.262,49.67,48.85986056595666,0.3914,0.4047,-7.576470588235294
34.312,49.377,48.89977166031746,0.3919,0.4047,-7.576470588235294
34.362,49.133,48.89977166031746,0.3926,0.4047,-7.341176470588235
34.412,48.816,48.83451736236637,0.3938,0.4047,-7.341176470588235
34.462,48.156,48.83451736236637,0.3941,0.4047,-7.152941176470589
34.512,48.596,48.85476426595666,0.3953,0.4047,-7.152941176470589
34.562,48.107,48.878144044444475,0.396,0.4047,7.294117647058823
34.612,48.083,48.878144044444475,0.396,0.4047,7.152941176470589
34.662,48.156,48.90658047957006,0.3965,0.4047,7.152941176470589
34.712,48.816,48.90658047957006,0.3975,0.4047,7.341176470588235
34.762,48.694,48.86789041276532,0.3977,0.4047,7.341176470588235
34.812,48.718,48.81816188888901,0.3991,0.4047,7.105882352941176
34.862,49.646,48.81816188888901,0.3998,0.4047,7.105882352941176
34.912,49.744,48.87952300322615,0.4,0.4047,7.105882352941176
34.962,50.037,48.87952300322615,0.4007,0.4047,-7.3882352941176475
35.012,50.427,48.83436656808422,0.4017,0.4047,-7.3882352941176475
35.062,50.037,48.876124252380976,0.4023,0.4047,-7.482352941176471
35.112,49.499,48.876124252380976,0.4031,0.4047,-7.670588235294118
35.162,49.109,48.823424906452345,0.4041,0.4047,-7.670588235294118
35.212,48.694,48.823424906452345,0.4044,0.4047,-7.294117647058823
35.262,48.718,48.864970010637755,0.4051,0.4047,-7.294117647058823
35.312,48.059,48.86927945238097,0.4057,0.4047,7.105882352941176
35.362,48.498,48.86927945238097,0.4062,0.4047,7.105882352941176
35.412,48.254,48.844192126882234,0.407,0.4047,7.341176470588235
35.462,48.84,48.844192126882234,0.4078,0.4047,7.341176470588235
35.512,49.353,48.85305436170154,0.4081,0.4047,7.294117647058823
35.562,49.377,48.82992272063499,0.4091,0.4047,7.294117647058823
35.612,49.695,48.82992272063499,0.4102,0.4047,-7.247058823529412
35.662,49.304,48.83626522688223,0.4104,0.4047,-7.247058823529412
35.712,49.646,48.83626522688223,0.4108,0.4047,-7.247058823529412
35.762,49.451,48.82822221489288,0.4118,0.4047,-7.247058823529412
35.812,49.353,48.87781457619046,0.4121,0.4047,-7.247058823529412
35.862,49.109,48.87781457619046,0.4132,0.4047,-7.294117647058823
35.912,48.767,48.77246608602245,0.4144,0.4047,-7.294117647058823
35.962,48.767,48.77246608602245,0.415,0.4047,-7.152941176470589
36.012,48.303,48.83439616170154,0.4155,0.4047,-7.152941176470589
36.064,48.23,48.835226744444476,0.4162,0.4047,0.0
36.113,48.205,48.835226744444476,0.4164,0.4047,0.0
36.163,48.327,48.867370223656025,0.4166,0.4047,7.294117647058823
36.213,48.254,48.867370223656025,0.4177,0.4047,7.294117647058823
36.263,48.571,48.76612892340314,0.4188,0.4047,7.247058823529412
36.313,48.596,48.86597628412696,0.419,0.4047,7.247058823529412
36.363,48.889,48.86597628412696,0.4199,0.4047,7.152941176470589
36.413,49.621,48.802320382796246,0.4204,0.4047,7.152941176470589
36.463,49.475,48.802320382796246,0.4207,0.4047,0.0
36.513,49.621,48.80977081276533,0.4216,0.4047,-7.294117647058823
36.563,49.475,48.774822204762,0.4228,0.4047,-7.294117647058823
36.613,49.28,48.774822204762,0.423,0.4047,-7.341176470588235
36.663,49.182,48.79576362688223,0.4241,0.4047,-7.341176470588235
36.713,49.328,48.79576362688223,0.4246,0.4047,-7.247058823529412
36.763,48.694,48.80854701063776,0.4251,0.4047,-7.247058823529412
36.813,48.352,48.78716802857149,0.426,0.4047,-7.247058823529412
36.863,48.425,48.78716802857149,0.4264,0.4047,7.105882352941176
36.913,48.352,48.80634490322613,0.4269,0.4047,7.105882352941176
36.963,48.571,48.80634490322613,0.4278,0.4047,7.2
37.013,48.767,48.75865986808424,0.4286,0.4047,7.2
37.063,48.767,48.83129408412696,0.4288,0.4047,7.152941176470589
37.113,49.158,48.83129408412696,0.4298,0.4047,0.0
37.163,49.158,48.76672678279624,0.4302,0.4047,0.0
37.213,49.158,48.76672678279624,0.4305,0.4047,-7.2
37.263,49.084,48.751141817020454,0.4318,0.4047,-7.2
37.313,49.377,48.801969668253975,0.4322,0.4047,-7.2
37.363,48.889,48.801969668253975,0.4328,0.4047,-7.2
37.413,48.278,48.758544826882215,0.4335,0.4047,-7.2
37.463,48.62,48.758544826882215,0.4342,0.4047,-7.105882352941176
37.513,48.4,48.77044461063777,0.4345,0.4047,-7.105882352941176
37.563,48.205,48.78104466031748,0.435,0.4047,7.105882352941176
37.613,48.278,48.78104466031748,0.4354,0.4047,7.2
37.663,48.327,48.745295926882214,0.4363,0.4047,7.2
37.713,48.742,48.745295926882214,0.4374,0.4047,7.247058823529412
37.763,48.62,48.71823266808424,0.438,0.4047,7.247058823529412
37.813,49.109,48.79027468412696,0.4382,0.4047,0.0
37.863,49.109,48.79027468412696,0.4387,0.4047,0.0
37.913,48.987,48.75834704731211,0.439,0.4047,-7.2
37.963,49.548,48.75834704731211,0.4397,0.4047,-7.2
38.013,48.889,48.6930911702118,0.4409,0.4047,-7.152941176470589
38.065,48.718,48.76744597619047,0.4412,0.4047,-7.152941176470589
38.114,48.4,48.76744597619047,0.4414,0.4047,-7.152941176470589
38.164,48.23,48.687319406452325,0.443,0.4047,-7.152941176470589
38.214,48.23,48.687319406452325,0.443,0.4047,7.2
38.264,48.01,48.752850655318866,0.4435,0.4047,7.2
38.314,48.498,48.736287960317476,0.444,0.4047,7.247058823529412
38.364,49.011,48.736287960317476,0.4444,0.4047,7.341176470588235
38.414,48.742,48.70528787096819,0.4452,0.4047,7.341176470588235
38.464,49.28,48.70528787096819,0.4455,0.4047,-7.152941176470589
38.514,49.426,48.713028000000165,0.4463,0.4047,-7.152941176470589
38.564,49.402,48.713028000000165,0.4465,0.4047,-7.294117647058823
38.614,48.864,48.73700340425506,0.4467,0.4047,-7.341176470588235
38.664,48.669,48.73700340425506,0.4471,0.4047,-7.341176470588235
38.714,48.474,48.67617498279621,0.4481,0.4047,-7.105882352941176
38.764,48.376,48.740566792063404,0.4482,0.4047,-7.105882352941176
38.814,48.571,48.740566792063404,0.4493,0.4047,7.152941176470589
38.864,48.303,48.65042896808421,0.4499,0.4047,7.2
38.914,48.205,48.65042896808421,0.4502,0.4047,7.2
38.964,48.645,48.69196574731208,0.4507,0.4047,7.2
39.014,48.596,48.69196574731208,0.4509,0.4047,7.2
39.064,49.109,48.720403590908944,0.4509,0.4047,0.0
39.114,49.377,48.720403590908944,0.4518,0.4047,7.105882352941176
39.164,49.109,48.61907066236635,0.4528,0.4047,7.105882352941176
39.214,49.744,48.61907066236635,0.4532,0.4047,-7.294117647058823
39.264,49.548,48.66836565454559,0.4538,0.4047,-7.294117647058823
39.314,49.548,48.66836565454559,0.4539,0.4047,-7.482352941176471
39.364,49.475,48.68709060425506,0.4542,0.4047,-7.3882352941176475
39.414,49.084,48.68709060425506,0.4547,0.4047,-7.3882352941176475
39.464,48.962,48.62556468279621,0.4556,0.4047,-7.341176470588235
39.514,48.254,48.697626799999895,0.4556,0.4047,-7.341176470588235
39.564,48.254,48.697626799999895,0.4566,0.4047,-7.2
39.614,48.181,48.63755671063775,0.4566,0.4047,7.247058823529412
39.664,47.985,48.63755671063775,0.4568,0.4047,7.247058823529412
39.714,48.083,48.6356507032261,0.4575,0.4047,7.247058823529412
39.764,48.669,48.68071139999989,0.4575,0.4047,7.247058823529412
39.814,48.718,48.68071139999989,0.4581,0.4047,7.247058823529412
39.864,49.084,48.59281996595666,0.459,0.4047,0.0
39.914,49.084,48.59281996595666,0.4593,0.4047,0.0
39.964,49.109,48.650800367741965,0.4593,0.4047,-7.247058823529412
40.014,49.28,48.59020432857144,0.4602,0.4047,-7.247058823529412
40.066,48.742,48.59020432857144,0.4607,0.4047,-7.341176470588235
40.115,48.278,48.62877315531885,0.4607,0.4047,-7.341176470588235
40.165,48.571,48.62877315531885,0.4613,0.4047,-7.341176470588235
40.215,48.547,48.59430445914012,0.4617,0.4047,7.2
40.265,48.278,48.58747724444443,0.4624,0.4047,7.2
40.315,48.376,48.58747724444443,0.4626,0.4047,0.0
40.365,48.4,48.615494804255064,0.4628,0.4047,0.0
40.415,48.645,48.615494804255064,0.4634,0.4047,7.152941176470589
40.465,48.718,48.59785423548403,0.4634,0.4047,7.152941176470589
40.515,48.791,48.577557352380914,0.464,0.4047,0.0
40.565,48.767,48.577557352380914,0.4645,0.4047,0.0
40.615,48.694,48.564316710637755,0.465,0.4047,-7.152941176470589
40.665,48.694,48.564316710637755,0.4652,0.4047,-7.152941176470589
40.715,48.254,48.58397207957001,0.4655,0.4047,-7.105882352941176
40.765,48.352,48.550023744444424,0.4662,0.4047,-7.105882352941176
40.815,48.303,48.550023744444424,0.4664,0.4047,7.2
40.865,48.327,48.58321265319129,0.4665,0.4047,7.152941176470589
40.915,48.767,48.58321265319129,0.4668,0.4047,7.152941176470589
40.965,48.913,48.53756625914012,0.4675,0.4047,7.152941176470589
41.015,49.255,48.5710876841269,0.4677,0.4047,7.152941176470589
41.065,49.328,48.5710876841269,0.4678,0.4047,-7.2
41.115,49.353,48.55339595531885,0.4682,0.4047,-7.294117647058823
41.165,49.084,48.55339595531885,0.4685,0.4047,-7.294117647058823
41.215,48.547,48.55174362365599,0.4686,0.4047,-7.341176470588235
41.265,48.132,48.54479487619041,0.4689,0.4047,-7.341176470588235
41.315,48.523,48.54479487619041,0.4693,0.4047,0.0
41.365,48.449,48.52386975744641,0.4696,0.4047,7.2
41.415,48.523,48.52386975744641,0.4702,0.4047,7.2
41.465,48.4,48.5047973032261,0.4705,0.4047,7.105882352941176
41.515,48.718,48.54903899999989,0.4705,0.4047,7.105882352941176
41.565,49.109,48.54903899999989,0.4706,0.4047,7.105882352941176
41.615,49.792,48.53732525106373,0.4706,0.4047,7.105882352941176
41.665,49.719,48.53732525106373,0.4708,0.4047,-7.247058823529412
41.715,49.377,48.486244903226094,0.4715,0.4047,-7.247058823529412
41.765,49.353,48.52228079206339,0.4716,0.4047,-7.482352941176471
41.815,49.255,48.52228079206339,0.4719,0.4047,-7.3882352941176475
41.865,49.084,48.496285955318854,0.4721,0.4047,-7.3882352941176475
41.915,49.158,48.496285955318854,0.4722,0.4047,-7.341176470588235
41.965,48.474,48.511027855913916,0.4722,0.4047,-7.341176470588235
42.015,48.498,48.47143766031741,0.4727,0.4047,-7.294117647058823
42.067,48.327,48.47143766031741,0.4731,0.4047,0.0
42.116,48.303,48.48261400425507,0.4731,0.4047,0.0
42.166,48.498,48.48261400425507,0.4731,0.4047,7.105882352941176
42.216,48.523,48.48635811182794,0.4733,0.4047,7.105882352941176
42.266,48.425,48.49278899999989,0.4733,0.4047,0.0
42.316,48.498,48.49278899999989,0.4734,0.4047,0.0
42.366,48.571,48.45869785531885,0.4738,0.4047,0.0
42.416,48.571,48.45869785531885,0.4743,0.4047,0.0
42.466,48.596,48.43418214731207,0.4746,0.4047,0.0
42.516,48.864,48.46464639206339,0.4747,0.4047,-7.105882352941176
42.566,48.718,48.46464639206339,0.4748,0.4047,-7.105882352941176
42.616,47.985,48.45494580212751,0.4749,0.4047,-7.105882352941176
42.666,47.985,48.45494580212751,0.4749,0.4047,-7.152941176470589
42.716,48.107,48.44788421182793,0.4751,0.4047,-7.152941176470589
42.766,47.863,48.41348766031741,0.4756,0.4047,7.247058823529412
42.816,47.888,48.41348766031741,0.4759,0.4047,7.2
42.866,48.107,48.41886285531886,0.4761,0.4047,7.2
42.916,48.645,48.41886285531886,0.4762,0.4047,7.247058823529412
42.966,48.84,48.416475823655986,0.4765,0.4047,7.247058823529412
43.016,49.06,48.433457799999886,0.4765,0.4047,-7.152941176470589
43.066,49.011,48.433457799999886,0.4765,0.4047,-7.2
43.116,49.06,48.41012295319129,0.4768,0.4047,-7.2
43.166,48.864,48.41012295319129,0.4769,0.4047,-7.294117647058823
43.216,48.254,48.402618167741956,0.4771,0.4047,-7.294117647058823
43.266,47.863,48.389757576190405,0.4774,0.4047,-7.247058823529412
43.316,48.352,48.389757576190405,0.4777,0.4047,-7.247058823529412
43.366,47.985,48.38461910425507,0.4778,0.4047,7.247058823529412
43.416,47.79,48.38461910425507,0.478,0.4047,7.247058823529412
43.466,47.937,48.38792611182794,0.478,0.4047,7.2
43.516,48.791,48.32891843650793,0.4788,0.4047,7.2
43.566,48.816,48.32891843650793,0.4789,0.4047,7.247058823529412
43.616,49.035,48.36885945319129,0.4791,0.4047,7.247058823529412
43.666,49.182,48.36885945319129,0.4792,0.4047,-7.247058823529412
43.716,49.573,48.36672641182794,0.4793,0.4047,-7.247058823529412
43.766,49.402,48.36463649206339,0.4794,0.4047,-7.3882352941176475
43.816,48.23,48.36463649206339,0.4794,0.4047,-7.3882352941176475
43.866,48.767,48.35449410212751,0.4796,0.4047,-7.435294117647059
43.916,48.645,48.35449410212751,0.48,0.4047,-7.435294117647059
43.966,48.083,48.330238479570006,0.4801,0.4047,-7.2
44.016,48.083,48.34422719206339,0.4802,0.4047,-7.2
44.068,47.863,48.34422719206339,0.4802,0.4047,7.152941176470589
44.117,47.937,48.34506669999995,0.4802,0.4047,7.152941176470589
44.167,48.4,48.34506669999995,0.4803,0.4047,7.247058823529412
44.217,48.327,48.32724108807335,0.4804,0.4047,7.247058823529412
44.267,48.645,48.32724108807335,0.4805,0.4047,0.0
44.317,48.669,48.318242502127546,0.4806,0.4047,0.0
44.367,48.645,48.318242502127546,0.4806,0.4047,0.0
44.417,48.547,48.32182209999993,0.4806,0.4047,-7.2
44.467,48.425,48.31704039999992,0.4806,0.4047,-7.2
44.517,48.718,48.31704039999992,0.4806,0.4047,-7.152941176470589
44.567,48.376,48.30990579999999,0.4806,0.4047,-7.105882352941176
44.617,47.937,48.30990579999999,0.4806,0.4047,-7.105882352941176
44.667,48.181,48.30284709999993,0.4806,0.4047,-7.105882352941176
44.717,48.107,48.30620820793642,0.4805,0.4047,-7.105882352941176
44.767,47.766,48.30620820793642,0.4804,0.4047,7.105882352941176
44.817,47.766,48.30220359787242,0.4803,0.4047,7.152941176470589
44.867,47.521,48.30220359787242,0.4803,0.4047,7.152941176470589
44.917,48.205,48.290120144085904,0.4802,0.4047,7.247058823529412
44.967,48.4,48.290120144085904,0.4802,0.4047,7.247058823529412
45.017,48.889,48.28119525454532,0.4801,0.4047,7.105882352941176
45.067,48.962,48.28119525454532,0.4799,0.4047,-7.105882352941176
45.117,49.109,48.28061929787239,0.4799,0.4047,-7.105882352941176
45.167,48.645,48.28061929787239,0.4795,0.4047,-7.294117647058823
45.217,48.449,48.285774479816354,0.4794,0.4047,-7.294117647058823
45.267,48.523,48.285774479816354,0.4794,0.4047,-7.2
45.317,48.327,48.261345448936204,0.4793,0.4047,-7.105882352941176
45.367,47.79,48.261345448936204,0.4791,0.4047,-7.105882352941176
45.417,48.156,48.260259788171886,0.4791,0.4047,-7.105882352941176
45.467,47.839,48.260259788171886,0.4791,0.4047,-7.105882352941176
45.517,48.425,48.28888764545419,0.4781,0.4047,7.105882352941176
45.567,47.79,48.28888764545419,0.4781,0.4047,7.2
45.617,47.717,48.24206204893617,0.478,0.4047,7.2
45.667,47.985,48.24206204893617,0.478,0.4047,7.247058823529412
45.717,48.547,48.24314736788978,0.4777,0.4047,7.247058823529412
45.767,48.84,48.24314736788978,0.4777,0.4047,7.152941176470589
45.817,48.742,48.228052448936204,0.4776,0.4047,-7.152941176470589
45.867,49.109,48.228052448936204,0.4774,0.4047,-7.152941176470589
45.917,48.962,48.238296176343844,0.4772,0.4047,-7.247058823529412
45.967,48.132,48.228508915872915,0.477,0.4047,-7.247058823529412
46.017,48.742,48.228508915872915,0.4766,0.4047,-7.341176470588235
46.069,48.034,48.23348244468108,0.4765,0.4047,7.105882352941176
46.118,48.132,48.23348244468108,0.4765,0.4047,7.105882352941176
46.168,48.742,48.20579494408591,0.4764,0.4047,7.152941176470589
46.218,48.034,48.21218711587291,0.4762,0.4047,7.152941176470589
46.268,48.742,48.21218711587291,0.476,0.4047,-7.247058823529412
46.318,49.035,48.2227643936173,0.4756,0.4047,7.105882352941176
46.368,48.742,48.2227643936173,0.4754,0.4047,7.105882352941176
46.418,49.011,48.21218402042982,0.4751,0.4047,-7.341176470588235
46.468,48.498,48.18900990793642,0.475,0.4047,-7.341176470588235
46.518,48.864,48.18900990793642,0.475,0.4047,-7.341176470588235
46.568,48.718,48.196579395744855,0.4746,0.4047,-7.152941176470589
46.618,47.839,48.196579395744855,0.4745,0.4047,-7.152941176470589
46.668,48.181,48.18555903225786,0.4743,0.4047,-7.247058823529412
46.718,47.839,48.18947362380941,0.474,0.4047,-7.247058823529412
46.768,47.888,48.18947362380941,0.4739,0.4047,0.0
46.818,47.985,48.17020699787242,0.4738,0.4047,7.2
46.868,47.814,48.17020699787242,0.4734,0.4047,7.105882352941176
46.918,48.083,48.18107062042982,0.4733,0.4047,7.105882352941176
46.968,48.571,48.17429552380941,0.473,0.4047,7.105882352941176
47.018,48.62,48.17429552380941,0.4726,0.4047,-7.2
47.068,48.645,48.166179995744855,0.4726,0.4047,-7.2
47.118,48.694,48.166179995744855,0.4722,0.4047,-7.2
47.168,48.083,48.16651692042982,0.4721,0.4047,-7.247058823529412
47.218,47.937,48.159817423809415,0.4718,0.4047,-7.247058823529412
47.268,48.034,48.159817423809415,0.4712,0.4047,7.105882352941176
47.318,48.987,48.16287179361729,0.4712,0.4047,7.152941176470589
47.368,48.205,48.16287179361729,0.4711,0.4047,7.152941176470589
47.418,48.181,48.158286264515795,0.4706,0.4047,-7.3882352941176475
47.468,48.034,48.13001930793642,0.4705,0.4047,-7.3882352941176475
47.518,48.181,48.13001930793642,0.4704,0.4047,0.0
47.568,48.083,48.16565454042595,0.4696,0.4047,7.105882352941176
47.618,48.23,48.16565454042595,0.4694,0.4047,7.105882352941176
47.668,48.23,48.1452603645158,0.469,0.4047,7.105882352941176
47.718,48.327,48.1415226317459,0.4686,0.4047,7.105882352941176
47.768,48.913,48.1415226317459,0.4684,0.4047,-7.105882352941176
47.818,48.669,48.12035564680864,0.4683,0.4047,-7.105882352941176
47.868,48.742,48.12035564680864,0.468,0.4047,-7.105882352941176
47.918,48.132,48.120825976343845,0.4679,0.4047,-7.247058823529412
47.968,47.985,48.144195847618896,0.4673,0.4047,-7.247058823529412
48.018,48.01,48.144195847618896,0.4672,0.4047,0.0
48.07,48.132,48.118335144681076,0.4668,0.4047,7.105882352941176
48.119,48.034,48.118335144681076,0.4662,0.4047,7.105882352941176
48.169,48.254,48.12506360860178,0.4661,0.4047,0.0
48.219,48.278,48.1405606555554,0.4654,0.4047,0.0
48.269,48.01,48.1405606555554,0.4654,0.4047,-7.105882352941176
48.319,48.059,48.07929929999998,0.4654,0.4047,-7.105882352941176
48.369,47.961,48.07929929999998,0.4649,0.4047,-7.105882352941176
48.419,47.937,48.17419579354753,0.4636,0.4047,0.0
48.469,47.961,48.08999651587292,0.4634,0.4047,0.0
48.519,48.132,48.08999651587292,0.4634,0.4047,7.152941176470589
48.569,47.912,48.10177699361729,0.4628,0.4047,7.152941176470589
48.619,48.107,48.10177699361729,0.4627,0.4047,0.0
48.669,48.23,48.08121573225787,0.4625,0.4047,0.0
48.719,48.23,48.1021593396824,0.462,0.4047,0.0
48.769,48.205,48.1021593396824,0.4618,0.4047,0.0
48.819,48.327,48.106847540425946,0.4611,0.4047,-7.105882352941176
48.869,47.912,48.106847540425946,0.4609,0.4047,-7.105882352941176
48.919,48.107,48.06490128817189,0.4609,0.4047,-7.152941176470589
48.969,47.717,48.0913220396824,0.4604,0.4047,-7.152941176470589
49.019,47.766,48.0913220396824,0.46,0.4047,0.0
49.069,47.79,48.090632091489724,0.4596,0.4047,0.0
49.119,47.961,48.090632091489724,0.4595,0.4047,7.2
49.169,47.814,48.11000092903167,0.4584,0.4047,7.2
49.219,47.79,48.050244507936426,0.4583,0.4047,7.105882352941176
49.269,48.278,48.050244507936426,0.4583,0.4047,7.105882352941176
49.319,48.083,48.07596944255351,0.4576,0.4047,7.152941176470589
49.369,48.767,48.07596944255351,0.4574,0.4047,7.152941176470589
49.419,48.962,48.056158276343844,0.4572,0.4047,0.0
49.469,48.938,48.08834505555539,0.4565,0.4047,0.0
49.519,49.011,48.08834505555539,0.4564,0.4047,-7.3882352941176475
49.569,49.206,48.066620142553504,0.4558,0.4047,-7.3882352941176475
49.619,49.451,48.066620142553504,0.4555,0.4047,-7.3882352941176475
49.669,49.035,48.0581476645158,0.4552,0.4047,-7.482352941176471
49.719,48.01,48.030850907936426,0.4551,0.4047,-7.482352941176471
49.769,47.985,48.030850907936426,0.4548,0.4047,-7.435294117647059
49.819,47.937,48.06793374042594,0.4542,0.4047,-7.435294117647059
49.869,47.643,48.06793374042594,0.4538,0.4047,0.0
49.919,47.668,48.06572869677374,0.4533,0.4047,0.0
49.969,47.497,48.03056541587292,0.4531,0.4047,7.2
50.019,47.741,48.03056541587292,0.4531,0.4047,7.2
50.071,47.985,48.032256995744845,0.4527,0.4047,7.2
50.12,48.23,48.032256995744845,0.452,0.4047,7.152941176470589
50.17,48.596,48.05678719677374,0.4518,0.4047,7.152941176470589
50.22,48.864,48.038004031745906,0.4514,0.4047,-7.152941176470589
50.27,48.742,48.038004031745906,0.451,0.4047,-7.247058823529412
50.32,49.035,48.0405680425535,0.4507,0.4047,-7.247058823529412
50.37,47.839,48.0405680425535,0.4506,0.4047,-7.341176470588235
50.42,48.156,48.02710833577967,0.4501,0.4047,-7.341176470588235
50.47,47.912,48.02710833577967,0.4498,0.4047,7.152941176470589
50.52,47.961,48.02296054468049,0.4496,0.4047,-7.105882352941176
50.57,47.375,48.02296054468049,0.449,0.4047,-7.105882352941176
50.62,47.692,48.03084404255348,0.4489,0.4047,0.0
50.67,47.717,48.07357676129041,0.4479,0.4047,0.0
50.72,48.01,48.07357676129041,0.4476,0.4047,7.2
50.77,47.839,48.027570642552725,0.4472,0.4047,7.2
50.82,47.888,48.027570642552725,0.4471,0.4047,7.2
50.87,48.327,48.01951289361726,0.4466,0.4047,7.152941176470589
50.92,48.205,47.993270916129,0.4465,0.4047,7.152941176470589
50.97,48.571,47.993270916129,0.4457,0.4047,-7.152941176470589
51.02,48.84,48.058676885105534,0.4451,0.4047,-7.152941176470589
51.07,48.254,48.058676885105534,0.4451,0.4047,-7.152941176470589
51.12,48.742,47.99699684680861,0.4448,0.4047,-7.341176470588235
51.17,47.79,48.02817749677423,0.4442,0.4047,-7.341176470588235
51.22,47.985,48.02817749677423,0.4437,0.4047,-7.341176470588235
51.27,47.741,48.00924869361661,0.4436,0.4047,7.152941176470589
51.32,47.546,48.00924869361661,0.4427,0.4047,7.152941176470589
51.37,47.79,48.02896268936214,0.4426,0.4047,7.152941176470589
51.42,47.937,48.031316412903266,0.4419,0.4047,7.152941176470589
51.47,48.645,48.031316412903266,0.4414,0.4047,7.152941176470589
51.52,48.547,48.01006784255273,0.4412,0.4047,7.105882352941176
51.57,48.816,48.01006784255273,0.4405,0.4047,7.105882352941176
51.62,48.962,48.02468828936213,0.4402,0.4047,-7.247058823529412
51.67,49.573,48.00237866451613,0.4398,0.4047,-7.247058823529412
51.72,49.646,48.00237866451613,0.439,0.4047,-7.3882352941176475
51.77,48.059,48.027635238297194,0.4387,0.4047,-7.670588235294118
51.82,48.059,48.027635238297194,0.4387,0.4047,-7.670588235294118
51.87,48.107,47.993571344681044,0.4382,0.4047,0.0
51.92,48.083,47.993571344681044,0.4377,0.4047,0.0
51.97,48.083,48.00170854770623,0.4374,0.4047,-7.105882352941176
52.02,48.327,48.00170854770623,0.4361,0.4047,-7.105882352941176
52.072,48.01,48.033808636170804,0.4361,0.4047,-7.105882352941176
52.121,48.156,48.033808636170804,0.4357,0.4047,-7.2
52.171,47.497,48.018813771559394,0.4349,0.4047,-7.2
52.221,47.595,48.018813771559394,0.4347,0.4047,-7.105882352941176
52.271,47.082,47.9885718446805,0.4344,0.4047,7.247058823529412
52.321,47.375,47.9885718446805,0.4337,0.4047,7.247058823529412
52.371,47.912,47.99788414255348,0.4337,0.4047,7.3882352941176475
52.421,47.741,48.033288545161355,0.4328,0.4047,7.3882352941176475
52.471,48.303,48.033288545161355,0.4324,0.4047,7.105882352941176
52.521,48.376,47.99123779361662,0.4322,0.4047,7.152941176470589
52.571,48.84,47.99123779361662,0.4318,0.4047,7.152941176470589
52.621,48.889,47.98990919361726,0.4316,0.4047,-7.2
52.671,48.425,48.01422151290326,0.4309,0.4047,-7.2
52.721,49.206,48.01422151290326,0.4305,0.4047,-7.3882352941176475
52.771,48.23,48.00506404042497,0.43,0.4047,-7.3882352941176475
52.821,48.4,48.00506404042497,0.4294,0.4047,-7.529411764705882
52.871,48.156,48.021156087234566,0.4288,0.4047,-7.529411764705882
52.921,47.375,47.97237353225804,0.4286,0.4047,-7.2
52.971,47.546,47.97237353225804,0.4282,0.4047,-7.2
53.021,47.448,47.9816406446805,0.4281,0.4047,7.294117647058823
53.071,47.57,47.9816406446805,0.4279,0.4047,7.294117647058823
53.121,47.619,48.024716436170785,0.4268,0.4047,7.247058823529412
53.171,47.668,47.97073873225804,0.4266,0.4047,7.247058823529412
53.221,48.62,47.97073873225804,0.4264,0.4047,7.2
53.271,48.571,48.0133651382972,0.4255,0.4047,7.152941176470589
53.321,48.474,48.0133651382972,0.4254,0.4047,7.152941176470589
53.371,49.06,47.96395639787238,0.4253,0.4047,-7.247058823529412
53.421,49.328,48.009935912903266,0.4246,0.4047,-7.247058823529412
53.471,49.182,48.009935912903266,0.4246,0.4047,-7.482352941176471
53.521,49.109,47.96267079787216,0.4244,0.4047,-7.576470588235294
53.571,48.254,47.96267079787216,0.424,0.4047,-7.576470588235294
53.621,48.303,47.99993764042591,0.4235,0.4047,-7.482352941176471
53.671,47.839,47.95917041612899,0.4234,0.4047,-7.482352941176471
53.721,47.692,47.95917041612899,0.4229,0.4047,-7.152941176470589
53.771,47.497,47.99357649148885,0.4226,0.4047,7.105882352941176
53.821,47.521,47.99357649148885,0.4225,0.4047,7.105882352941176
53.871,47.643,47.99356909148969,0.4218,0.4047,7.247058823529412
53.921,47.766,48.01612142903231,0.421,0.4047,7.247058823529412
53.971,48.132,48.01612142903231,0.4208,0.4047,7.2
54.021,48.425,47.988772942552735,0.4203,0.4047,7.2
54.073,48.742,47.988772942552735,0.4202,0.4047,-7.105882352941176
54.122,48.669,48.00535798936213,0.4193,0.4047,-7.105882352941176
54.172,48.645,47.95126129999994,0.4193,0.4047,-7.341176470588235
54.222,48.059,47.95126129999994,0.4187,0.4047,-7.294117647058823
54.272,47.839,47.999645840424975,0.4184,0.4047,-7.294117647058823
54.322,48.01,47.999645840424975,0.4177,0.4047,-7.105882352941176
54.372,47.35,48.00024264042591,0.4175,0.4047,-7.105882352941176
54.422,47.497,47.976388848387074,0.4172,0.4047,0.0
54.472,47.521,47.976388848387074,0.4171,0.4047,0.0
54.522,47.692,47.97866304468051,0.4167,0.4047,7.247058823529412
54.572,47.326,47.97866304468051,0.4158,0.4047,7.247058823529412
54.622,47.717,48.01728188723457,0.4155,0.4047,7.152941176470589
54.672,47.863,48.027218945161344,0.4146,0.4047,7.152941176470589
54.722,48.107,48.027218945161344,0.4145,0.4047,7.152941176470589
54.772,48.376,47.964764797872164,0.4144,0.4047,7.152941176470589
54.822,49.109,47.964764797872164,0.4134,0.4047,-7.105882352941176
54.872,48.303,48.01955728723456,0.4132,0.4047,-7.105882352941176
54.922,48.791,47.95520049999994,0.4132,0.4047,-7.482352941176471
54.972,48.376,47.95520049999994,0.412,0.4047,-7.482352941176471
55.022,48.718,48.03180118510556,0.4118,0.4047,-7.3882352941176475
55.072,47.668,48.03180118510556,0.4117,0.4047,-7.3882352941176475
55.122,47.57,48.00089409148969,0.411,0.4047,-7.294117647058823
55.172,47.35,47.99103316451612,0.4106,0.4047,-7.294117647058823
55.222,47.424,47.99103316451612,0.4102,0.4047,7.2
55.272,47.228,48.01350598936109,0.4096,0.4047,7.294117647058823
55.322,47.302,48.01350598936109,0.4093,0.4047,7.294117647058823
55.372,47.79,48.026196487234564,0.4084,0.4047,7.341176470588235
55.422,47.888,47.978678732258025,0.4082,0.4047,7.341176470588235
55.472,48.181,47.978678732258025,0.408,0.4047,7.152941176470589
55.522,48.449,47.9843348957444,0.4078,0.4047,7.152941176470589
55.572,48.767,47.9843348957444,0.4072,0.4047,-7.152941176470589
55.622,48.694,48.029109487234564,0.4066,0.4047,-7.152941176470589
55.672,48.376,48.02305691290326,0.4059,0.4047,-7.341176470588235
55.722,48.376,48.02305691290326,0.4056,0.4047,-7.294117647058823
55.772,48.254,48.01624944042498,0.405,0.4047,-7.294117647058823
55.822,47.741,48.01624944042498,0.4049,0.4047,-7.2
55.872,47.692,48.00152019361725,0.4044,0.4047,-7.2
55.922,47.546,48.00270676451611,0.404,0.4047,7.152941176470589
55.972,47.668,48.00270676451611,0.4037,0.4047,7.152941176470589
56.022,47.692,48.03685708723333,0.4028,0.4047,7.152941176470589
56.074,48.034,48.03685708723333,0.4025,0.4047,7.2
56.123,48.498,48.01161884770684,0.402,0.4047,7.2
56.173,48.4,48.01161884770684,0.4017,0.4047,0.0
56.223,48.498,48.00281814468052,0.4015,0.4047,-7.247058823529412
56.273,48.352,48.00281814468052,0.4014,0.4047,-7.247058823529412
56.323,48.523,48.020751591489685,0.4007,0.4047,-7.247058823529412
56.373,47.595,48.0446121290323,0.3999,0.4047,-7.247058823529412
56.423,47.619,48.0446121290323,0.3995,0.4047,-7.247058823529412
56.473,47.741,48.01924704255275,0.3992,0.4047,7.247058823529412
56.523,47.741,48.01924704255275,0.3991,0.4047,7.247058823529412
56.573,47.546,48.00464419574481,0.3988,0.4047,7.152941176470589
56.623,47.546,48.00464419574481,0.3982,0.4047,7.152941176470589
56.673,48.156,48.02719320366952,0.3979,0.4047,7.247058823529412
56.723,48.767,48.02719320366952,0.3977,0.4047,7.247058823529412
56.773,48.864,48.052890587233335,0.3967,0.4047,7.247058823529412
56.823,48.962,48.052890587233335,0.3966,0.4047,-7.341176470588235
56.873,48.864,47.9947308559633,0.3966,0.4047,-7.341176470588235
56.923,48.962,47.9947308559633,0.3956,0.4047,-7.3882352941176475
56.973,48.181,48.051719138297216,0.3955,0.4047,-7.3882352941176475
57.023,48.23,48.051719138297216,0.3953,0.4047,-7.3882352941176475
57.073,48.059,48.043830240425905,0.3946,0.4047,-7.105882352941176
57.123,47.448,48.043830240425905,0.3944,0.4047,-7.105882352941176
57.173,47.619,48.02104907981637,0.3941,0.4047,0.0
57.223,47.643,48.02104907981637,0.3934,0.4047,7.294117647058823
57.273,47.595,48.05992373829722,0.393,0.4047,7.294117647058823
57.323,47.79,48.05992373829722,0.3927,0.4047,7.2
57.373,48.059,48.05226984042591,0.3921,0.4047,7.2
57.423,48.523,48.01344941612898,0.392,0.4047,7.152941176470589
57.473,48.718,48.01344941612898,0.3911,0.4047,0.0
57.523,48.718,48.078449836169455,0.3907,0.4047,0.0
57.573,48.718,48.078449836169455,0.3904,0.4047,-7.341176470588235
57.623,48.474,48.032731095744815,0.3903,0.4047,-7.341176470588235
57.673,48.571,48.04543016451611,0.3899,0.4047,-7.294117647058823
57.723,47.985,48.04543016451611,0.3895,0.4047,-7.247058823529412
57.773,47.668,48.042206044680526,0.3894,0.4047,-7.247058823529412
57.823,47.814,48.042206044680526,0.3885,0.4047,0.0
57.873,47.814,48.094448185107,0.388,0.4047,0.0
57.923,47.741,48.02928621612898,0.3879,0.4047,7.152941176470589
57.973,47.863,48.02928621612898,0.3871,0.4047,7.152941176470589
58.023,48.23,48.07255784042499,0.387,0.4047,7.152941176470589
58.075,48.278,48.07255784042499,0.3868,0.4047,7.105882352941176
58.124,48.327,48.03621091192665,0.3868,0.4047,7.105882352941176
58.174,47.619,48.03621091192665,0.3858,0.4047,-7.152941176470589
58.224,48.376,48.10059033616945,0.3855,0.4047,-7.152941176470589
58.274,48.864,48.10059033616945,0.385,0.4047,-7.152941176470589
58.324,47.937,48.077474591489676,0.3847,0.4047,-7.152941176470589
58.374,48.01,48.06097354838706,0.3844,0.4047,-7.152941176470589
58.424,47.766,48.06097354838706,0.3839,0.4047,7.105882352941176
58.474,47.937,48.082916591488875,0.3836,0.4047,0.0
58.524,47.985,48.082916591488875,0.3831,0.4047,7.105882352941176
58.574,48.01,48.08104664255345,0.3829,0.4047,7.105882352941176
58.624,48.913,48.08651778064515,0.3824,0.4047,7.105882352941176
58.674,48.132,48.08651778064515,0.3823,0.4047,7.105882352941176
58.724,48.84,48.06487704680829,0.3821,0.4047,-7.3882352941176475
58.774,48.694,48.06487704680829,0.3818,0.4047,-7.3882352941176475
58.824,48.303,48.07868674468102,0.3816,0.4047,-7.341176470588235
58.874,48.107,48.05352319999992,0.3816,0.4047,-7.341176470588235
58.924,47.961,48.05352319999992,0.3807,0.4047,-7.152941176470589
58.974,47.839,48.11098008936111,0.3806,0.4047,0.0
59.024,47.766,48.11098008936111,0.3798,0.4047,0.0
59.074,47.912,48.109810940425895,0.3797,0.4047,7.152941176470589
59.124,47.57,48.08003003225801,0.3795,0.4047,7.152941176470589
59.174,48.01,48.08003003225801,0.3793,0.4047,7.152941176470589
59.224,48.083,48.09944109361664,0.3789,0.4047,7.247058823529412
59.274,48.474,48.09944109361664,0.3788,0.4047,7.247058823529412
59.324,48.718,48.114179791489676,0.3781,0.4047,0.0
59.374,48.742,48.08981723225801,0.3779,0.4047,0.0
59.424,48.523,48.08981723225801,0.3777,0.4047,-7.294117647058823
59.474,48.913,48.09832159574441,0.3775,0.4047,-7.294117647058823
59.524,48.645,48.09832159574441,0.3774,0.4047,-7.2
59.574,47.937,48.08513034893614,0.3774,0.4047,-7.2
59.624,48.132,48.114586664516104,0.377,0.4047,-7.247058823529412
59.674,47.643,48.114586664516104,0.3766,0.4047,-7.247058823529412
59.724,47.595,48.107046595744414,0.3766,0.4047,0.0
59.774,47.595,48.107046595744414,0.3763,0.4047,0.0
59.824,47.473,48.116054144681016,0.3761,0.4047,7.247058823529412
59.874,47.595,48.09950231612896,0.376,0.4047,7.247058823529412
59.924,48.083,48.09950231612896,0.3758,0.4047,7.294117647058823
59.974,47.595,48.11624979574441,0.3756,0.4047,7.247058823529412
60.024,48.352,48.11624979574441,0.3755,0.4047,7.247058823529412
60.076,48.718,48.14193699148967,0.3748,0.4047,7.247058823529412
60.125,48.474,48.12604974838706,0.3745,0.4047,7.247058823529412
60.175,48.669,48.12604974838706,0.3744,0.4047,-7.294117647058823
60.225,49.06,48.11022354893606,0.3744,0.4047,-7.294117647058823
60.275,48.645,48.11022354893606,0.3743,0.4047,-7.247058823529412
60.325,48.23,48.12433824680858,0.3741,0.4047,-7.247058823529412
60.375,48.132,48.151631580645144,0.3736,0.4047,-7.247058823529412
60.425,48.23,48.151631580645144,0.3732,0.4047,-7.105882352941176
60.475,47.448,48.13634659574441,0.3732,0.4047,-7.105882352941176
60.525,47.766,48.13634659574441,0.3731,0.4047,-7.105882352941176
60.575,47.375,48.12355954893614,0.3731,0.4047,-7.105882352941176
60.625,47.521,48.13674103225801,0.3729,0.4047,7.2
60.675,47.497,48.13674103225801,0.3726,0.4047,7.2
60.725,48.034,48.15124394468053,0.3724,0.4047,7.294117647058823
60.775,47.741,48.15124394468053,0.372,0.4047,7.294117647058823
60.825,48.596,48.160855693617236,0.3718,0.4047,7.105882352941176
60.875,48.889,48.14752203225801,0.3716,0.4047,7.105882352941176
60.925,48.62,48.14752203225801,0.3714,0.4047,-7.2
60.975,48.571,48.1510900468083,0.3713,0.4047,-7.341176470588235
61.025,48.474,48.1510900468083,0.3712,0.4047,-7.341176470588235
61.075,48.083,48.14932929787236,0.3711,0.4047,-7.2
61.125,47.424,48.157315632258005,0.3709,0.4047,-7.2
61.175,48.01,48.157315632258005,0.3708,0.4047,7.105882352941176
61.225,47.741,48.15542089787218,0.3707,0.4047,7.341176470588235
61.275,48.034,48.15542089787218,0.3705,0.4047,7.341176470588235
61.325,48.205,48.17009279574479,0.3703,0.4047,7.2
61.375,48.376,48.159219716128966,0.3702,0.4047,7.2
61.425,48.742,48.159219716128966,0.3697,0.4047,0.0
61.475,48.791,48.198626591488875,0.3694,0.4047,-7.152941176470589
61.525,48.816,48.198626591488875,0.3691,0.4047,-7.152941176470589
61.575,48.547,48.1815057957448,0.369,0.4047,-7.294117647058823
61.625,47.912,48.17898403225801,0.3688,0.4047,-7.294117647058823
61.675,48.034,48.17898403225801,0.3688,0.4047,-7.2
61.725,47.79,48.16622959999995,0.3688,0.4047,7.152941176470589
61.775,47.79,48.16622959999995,0.3686,0.4047,7.152941176470589
61.825,47.961,48.21936114042589,0.3679,0.4047,7.2
61.875,48.449,48.17377039999992,0.3679,0.4047,7.2
61.925,48.718,48.17377039999992,0.3679,0.4047,7.152941176470589
61.975,48.913,48.18828669787218,0.3677,0.4047,-7.152941176470589
62.025,49.304,48.18828669787218,0.3675,0.4047,-7.152941176470589
62.077,48.571,48.20087362385311,0.3673,0.4047,-7.341176470588235
62.126,48.303,48.20087362385311,0.3671,0.4047,-7.341176470588235
62.176,48.107,48.21368334468103,0.3668,0.4047,-7.2
62.226,48.01,48.21368334468103,0.3666,0.4047,-7.2
62.276,47.839,48.20723584680832,0.3665,0.4047,7.105882352941176
62.326,47.863,48.20723584680832,0.3665,0.4047,7.105882352941176
62.376,48.034,48.20024025596328,0.3664,0.4047,7.2
62.426,48.303,48.20024025596328,0.3663,0.4047,7.2
62.476,48.62,48.210310397872185,0.3662,0.4047,7.2
62.526,48.596,48.210310397872185,0.3659,0.4047,-7.105882352941176
62.576,48.547,48.2278588798164,0.3657,0.4047,-7.105882352941176
62.626,48.523,48.2278588798164,0.3657,0.4047,-7.2
62.676,48.303,48.21964619787237,0.3655,0.4047,-7.2
62.726,48.205,48.21964619787237,0.3655,0.4047,-7.2
62.776,47.814,48.21269269999997,0.3655,0.4047,-7.105882352941176
62.826,47.253,48.21269269999997,0.3654,0.4047,-7.105882352941176
62.876,47.643,48.231359667890004,0.3652,0.4047,7.2
62.926,47.668,48.231359667890004,0.365,0.4047,7.435294117647059
62.976,48.01,48.232368297872185,0.365,0.4047,7.435294117647059
63.026,47.839,48.232368297872185,0.365,0.4047,7.294117647058823
63.076,48.547,48.22546179999992,0.365,0.4047,7.294117647058823
63.126,48.864,48.23619391612896,0.3649,0.4047,7.2
63.176,48.498,48.23619391612896,0.3649,0.4047,-7.2
63.226,48.62,48.23187059999995,0.3649,0.4047,-7.2
63.276,48.205,48.23187059999995,0.3648,0.4047,-7.152941176470589
63.326,47.839,48.241140348936135,0.3648,0.4047,-7.152941176470589
63.376,48.278,48.246565716128956,0.3647,0.4047,0.0
63.426,47.961,48.246565716128956,0.3647,0.4047,7.2
63.476,48.156,48.24226119999995,0.3647,0.4047,7.2
63.526,48.913,48.24226119999995,0.3645,0.4047,7.152941176470589
63.576,48.571,48.26260684680857,0.3644,0.4047,7.152941176470589
63.626,49.158,48.24914799999991,0.3644,0.4047,-7.294117647058823
63.676,48.498,48.24914799999991,0.3644,0.4047,-7.152941176470589
63.726,48.327,48.25293619999995,0.3644,0.4047,-7.152941176470589
63.776,48.205,48.25293619999995,0.3644,0.4047,-7.152941176470589
63.826,48.034,48.25732889999997,0.3644,0.4047,-7.152941176470589
63.876,47.961,48.25732889999997,0.3644,0.4047,0.0
63.926,48.132,48.261117099999936,0.3644,0.4047,7.152941176470589
63.976,47.814,48.261117099999936,0.3644,0.4047,7.152941176470589
64.026,48.449,48.27043384893609,0.3643,0.4047,7.105882352941176
64.078,48.449,48.25934878387092,0.3644,0.4047,7.105882352941176
64.127,48.767,48.25934878387092,0.3643,0.4047,-7.105882352941176
64.177,48.449,48.28225859787237,0.3642,0.4047,-7.152941176470589
64.227,48.84,48.28225859787237,0.3642,0.4047,-7.152941176470589
64.277,47.937,48.27542729999997,0.3642,0.4047,-7.105882352941176
64.327,48.01,48.27793829999997,0.3642,0.4047,-7.105882352941176
64.377,47.839,48.27793829999997,0.3642,0.4047,7.2
64.427,47.937,48.28174529999993,0.3642,0.4047,7.152941176470589
64.477,47.741,48.28174529999993,0.3642,0.4047,7.152941176470589
64.527,48.449,48.2966093978722,0.364,0.4047,7.2
64.577,48.767,48.28849449999997,0.364,0.4047,7.2
64.627,48.718,48.28849449999997,0.364,0.4047,-7.105882352941176
64.677,48.596,48.292320299999936,0.364,0.4047,-7.247058823529412
64.727,48.352,48.292320299999936,0.364,0.4047,-7.247058823529412
64.777,48.01,48.29614609999997,0.364,0.4047,-7.152941176470589
64.827,47.766,48.29866949999997,0.364,0.4047,-7.152941176470589
64.877,47.937,48.29866949999997,0.364,0.4047,7.152941176470589
64.927,48.107,48.30249529999993,0.364,0.4047,7.152941176470589
64.977,48.303,48.30249529999993,0.3638,0.4047,7.2
65.027,48.645,48.3173781978722,0.3638,0.4047,7.2
65.077,48.694,48.3173781978722,0.3638,0.4047,0.0
65.127,48.718,48.31119799999991,0.3638,0.4047,0.0
65.177,48.596,48.31119799999991,0.3638,0.4047,-7.2
65.227,48.84,48.315042599999956,0.3638,0.4047,-7.2
65.277,48.449,48.315042599999956,0.3638,0.4047,-7.152941176470589
65.327,47.961,48.31950069999997,0.3638,0.4047,-7.152941176470589
65.377,47.619,48.31950069999997,0.364,0.4047,-7.105882352941176
65.427,47.814,48.3122882021275,0.364,0.4047,7.2
65.477,48.01,48.3122882021275,0.364,0.4047,7.2
65.527,48.278,48.326752299999974,0.364,0.4047,7.247058823529412
65.577,48.376,48.32927569999997,0.364,0.4047,7.247058823529412
65.627,48.523,48.32927569999997,0.364,0.4047,0.0
65.677,48.596,48.327572951063715,0.3641,0.4047,0.0
65.727,48.596,48.327572951063715,0.3642,0.4047,0.0
65.777,48.156,48.33117995106385,0.3642,0.4047,-7.152941176470589
65.827,48.669,48.33901009999997,0.3642,0.4047,-7.152941176470589
65.877,48.425,48.33901009999997,0.3643,0.4047,7.105882352941176
65.927,48.376,48.326231453191276,0.3645,0.4047,-7.2
65.977,48.083,48.326231453191276,0.3648,0.4047,-7.2
66.027,48.278,48.32938205319162,0.3648,0.4047,0.0
66.079,48.254,48.33954258387092,0.3649,0.4047,0.0
66.128,48.254,48.33954258387092,0.3649,0.4047,0.0
66.178,48.376,48.345819751063715,0.365,0.4047,7.105882352941176
66.228,48.303,48.345819751063715,0.3651,0.4047,7.105882352941176
66.278,48.303,48.33275650425551,0.3654,0.4047,0.0
66.328,48.352,48.34819898387092,0.3655,0.4047,0.0
66.378,48.352,48.34819898387092,0.3656,0.4047,0.0
66.428,48.352,48.3488912021275,0.3657,0.4047,0.0
66.478,48.352,48.3488912021275,0.3658,0.4047,0.0
66.528,48.352,48.357666951063855,0.3658,0.4047,0.0
66.578,48.352,48.357666951063855,0.3659,0.4047,0.0
66.628,48.327,48.357630088073186,0.366,0.4047,0.0
66.678,48.327,48.357630088073186,0.3661,0.4047,0.0
66.728,48.352,48.348328004255485,0.3664,0.4047,0.0
66.778,48.376,48.348328004255485,0.3668,0.4047,0.0
66.828,48.352,48.35458707614682,0.3668,0.4047,0.0
66.878,48.352,48.35458707614682,0.3671,0.4047,0.0
66.928,48.327,48.35438410425506,0.3672,0.4047,0.0
66.978,48.352,48.35438410425506,0.3673,0.4047,0.0
67.028,48.352,48.37365715106385,0.3673,0.4047,0.0
67.078,48.352,48.36475366774188,0.3675,0.4047,0.0
67.128,48.352,48.36475366774188,0.3675,0.4047,0.0
67.178,48.352,48.35120820638262,0.3681,0.4047,0.0
67.228,48.352,48.35120820638262,0.3681,0.4047,0.0
67.278,48.352,48.38103495106385,0.3682,0.4047,0.0
67.328,48.376,48.38034638387092,0.3683,0.4047,0.0
67.378,48.352,48.38034638387092,0.3684,0.4047,0.0
67.428,48.352,48.38630395106372,0.3684,0.4047,0.0
67.478,48.376,48.38630395106372,0.3688,0.4047,0.0
67.528,48.352,48.36186400638327,0.369,0.4047,0.0
67.578,48.327,48.39599229999997,0.369,0.4047,0.0
67.628,48.352,48.39599229999997,0.3691,0.4047,0.0
67.678,48.864,48.382762453191276,0.3693,0.4047,7.105882352941176
67.728,48.474,48.382762453191276,0.3695,0.4047,7.105882352941176
67.778,48.571,48.39099040212774,0.3695,0.4047,-7.247058823529412
67.828,48.742,48.39554038387092,0.3696,0.4047,-7.247058823529412
67.878,48.474,48.39554038387092,0.3697,0.4047,-7.105882352941176
67.928,48.034,48.38479010425506,0.37,0.4047,-7.2
67.978,48.327,48.38479010425506,0.3701,0.4047,-7.2
68.028,47.912,48.39274285319162,0.3703,0.4047,7.2
68.08,47.814,48.40256238387092,0.3704,0.4047,7.2
68.129,47.912,48.40256238387092,0.3704,0.4047,7.247058823529412
68.179,48.376,48.4027940021275,0.3706,0.4047,7.294117647058823
68.229,48.547,48.4027940021275,0.3707,0.4047,7.294117647058823
68.279,48.791,48.405580602127735,0.3708,0.4047,0.0
68.329,48.791,48.41004998387092,0.3709,0.4047,0.0
68.379,48.4,48.41004998387092,0.3711,0.4047,-7.2
68.429,48.694,48.40470605319128,0.3712,0.4047,-7.2
68.479,48.742,48.40470605319128,0.3713,0.4047,0.0
68.529,48.742,48.41828395106385,0.3713,0.4047,0.0
68.579,48.816,48.376049603225695,0.3719,0.4047,-7.2
68.629,48.694,48.376049603225695,0.3721,0.4047,-7.2
68.679,48.303,48.410934253191286,0.3722,0.4047,-7.2
68.729,48.376,48.410934253191286,0.3723,0.4047,-7.2
68.779,48.083,48.418889602127734,0.3724,0.4047,-7.2
68.829,47.814,48.42325978387092,0.3725,0.4047,0.0
68.879,47.79,48.42325978387092,0.3726,0.4047,7.2
68.929,47.937,48.40117980638263,0.3731,0.4047,7.2
68.979,47.888,48.40117980638263,0.3732,0.4047,7.294117647058823
69.029,48.327,48.43053655106385,0.3732,0.4047,7.294117647058823
69.079,48.694,48.43780869999996,0.3732,0.4047,7.247058823529412
69.129,48.718,48.43780869999996,0.3733,0.4047,7.105882352941176
69.179,49.084,48.435241151063714,0.3733,0.4047,7.105882352941176
69.229,49.451,48.435241151063714,0.3738,0.4047,-7.152941176470589
69.279,49.377,48.41034060638327,0.3739,0.4047,-7.152941176470589
69.329,49.475,48.402811519354735,0.3744,0.4047,-7.435294117647059
69.379,49.328,48.402811519354735,0.3745,0.4047,-7.435294117647059
69.429,48.449,48.4349252021275,0.3746,0.4047,-7.482352941176471
69.479,48.694,48.4349252021275,0.3747,0.4047,-7.482352941176471
69.529,47.961,48.43180725319162,0.3749,0.4047,0.0
69.579,47.937,48.42480015161283,0.3752,0.4047,0.0
69.629,47.814,48.42480015161283,0.3756,0.4047,7.247058823529412
69.679,48.107,48.40753830851019,0.376,0.4047,7.247058823529412
69.729,48.181,48.40753830851019,0.3761,0.4047,7.247058823529412
69.779,48.523,48.44726075106385,0.3761,0.4047,7.152941176470589
69.829,48.864,48.45435309999996,0.3761,0.4047,7.152941176470589
69.879,48.987,48.45435309999996,0.3761,0.4047,-7.105882352941176
69.929,49.109,48.43492730425506,0.3765,0.4047,-7.105882352941176
69.979,48.84,48.43492730425506,0.3768,0.4047,-7.247058823529412
70.029,48.474,48.42568340638327,0.3771,0.4047,-7.247058823529412
70.081,48.376,48.434497351612826,0.3774,0.4047,0.0
70.13,48.278,48.434497351612826,0.3776,0.4047,0.0
70.18,48.327,48.44467145319128,0.3777,0.4047,0.0
70.23,48.156,48.44467145319128,0.3781,0.4047,7.105882352941176
70.28,48.425,48.42038939633037,0.3786,0.4047,7.105882352941176
70.33,48.449,48.42038939633037,0.3788,0.4047,7.152941176470589
70.38,48.889,48.44754155319127,0.3789,0.4047,7.152941176470589
70.43,49.011,48.44754155319127,0.379,0.4047,0.0
70.48,49.035,48.45486710212772,0.3791,0.4047,0.0
70.53,48.596,48.46709259999995,0.3791,0.4047,-7.294117647058823
70.58,49.328,48.46709259999995,0.3792,0.4047,-7.294117647058823
70.63,48.913,48.45291335319127,0.3794,0.4047,-7.105882352941176
70.68,48.352,48.45291335319127,0.3798,0.4047,-7.105882352941176
70.73,48.254,48.443606255319374,0.3799,0.4047,-7.247058823529412
70.78,47.57,48.43865673548377,0.3803,0.4047,-7.247058823529412
70.83,47.961,48.43865673548377,0.3804,0.4047,7.152941176470589
70.88,47.692,48.462151302127495,0.3805,0.4047,7.3882352941176475
70.93,47.888,48.462151302127495,0.3805,0.4047,7.3882352941176475
70.98,48.254,48.458478753191606,0.3808,0.4047,7.341176470588235
71.03,48.352,48.4676472838709,0.3809,0.4047,7.341176470588235
71.08,48.962,48.4676472838709,0.3816,0.4047,7.152941176470589
71.13,49.158,48.4392491574464,0.3816,0.4047,7.105882352941176
71.18,49.475,48.4392491574464,0.3817,0.4047,7.105882352941176
71.23,49.597,48.456540404255485,0.382,0.4047,-7.341176470588235
71.28,49.402,48.47922439999995,0.382,0.4047,-7.341176470588235
71.33,50.085,48.47922439999995,0.3822,0.4047,-7.482352941176471
71.38,48.84,48.459244004255055,0.3824,0.4047,-7.3882352941176475
71.43,49.133,48.459244004255055,0.3827,0.4047,-7.3882352941176475
71.48,48.718,48.45497405531937,0.3829,0.4047,-7.2
71.53,47.961,48.45497405531937,0.3832,0.4047,-7.2
71.58,47.912,48.45515766422024,0.3835,0.4047,-7.152941176470589
71.63,47.888,48.45515766422024,0.3835,0.4047,7.247058823529412
71.68,47.912,48.48467339999994,0.3835,0.4047,7.247058823529412
71.73,48.547,48.48467339999994,0.3837,0.4047,7.294117647058823
71.78,48.327,48.47560910212773,0.3837,0.4047,7.294117647058823
71.83,48.742,48.446195819354735,0.3842,0.4047,0.0
71.88,49.451,48.446195819354735,0.3847,0.4047,7.105882352941176
71.93,48.864,48.46080265531885,0.3847,0.4047,7.105882352941176
71.98,47.668,48.46080265531885,0.3849,0.4047,-7.435294117647059
72.03,49.206,48.46558812018351,0.3852,0.4047,-7.435294117647059
72.082,48.938,48.46558812018351,0.3855,0.4047,-7.341176470588235
72.131,48.352,48.47377125319127,0.3855,0.4047,-7.341176470588235
72.181,48.694,48.47377125319127,0.386,0.4047,-7.341176470588235
72.231,48.278,48.447305108511024,0.3863,0.4047,7.105882352941176
72.281,48.425,48.4827283838709,0.3864,0.4047,7.105882352941176
72.331,48.303,48.4827283838709,0.3869,0.4047,7.105882352941176
72.381,48.84,48.45934180638262,0.387,0.4047,7.105882352941176
72.431,48.571,48.45934180638262,0.3871,0.4047,7.105882352941176
72.481,49.084,48.448692108511025,0.3878,0.4047,7.105882352941176
72.531,49.866,48.49229309999995,0.3878,0.4047,-7.105882352941176
72.581,49.817,48.49229309999995,0.3881,0.4047,-7.105882352941176
72.631,49.475,48.4551818574464,0.3885,0.4047,-7.576470588235294
72.681,49.426,48.4551818574464,0.3886,0.4047,-7.576470588235294
72.731,49.548,48.48288160212772,0.3887,0.4047,-7.435294117647059
72.781,47.985,48.46142903548377,0.3891,0.4047,-7.435294117647059
72.831,48.352,48.46142903548377,0.3893,0.4047,-7.482352941176471
72.881,48.107,48.46198220638262,0.3897,0.4047,7.247058823529412
72.931,48.059,48.46198220638262,0.3902,0.4047,7.247058823529412
72.981,48.327,48.44555015957491,0.3906,0.4047,7.2
73.031,48.474,48.477755267741856,0.3908,0.4047,7.2
73.081,48.913,48.477755267741856,0.3908,0.4047,7.105882352941176
73.131,48.767,48.489662351063714,0.3909,0.4047,7.105882352941176
73.181,49.133,48.489662351063714,0.3916,0.4047,-7.2
73.231,49.304,48.429936112766555,0.3921,0.4047,-7.2
73.281,48.84,48.478005667741854,0.3923,0.4047,-7.294117647058823
73.331,49.133,48.478005667741854,0.3928,0.4047,-7.3882352941176475
73.381,48.425,48.4566004574464,0.393,0.4047,-7.3882352941176475
73.431,48.767,48.4566004574464,0.3931,0.4047,-7.294117647058823
73.481,47.888,48.483877202127715,0.3932,0.4047,-7.294117647058823
73.531,47.79,48.470416351612805,0.3935,0.4047,-7.152941176470589
73.581,47.741,48.470416351612805,0.3938,0.4047,-7.152941176470589
73.631,47.937,48.468019955318844,0.394,0.4047,7.294117647058823
73.681,47.79,48.468019955318844,0.3945,0.4047,7.294117647058823
73.731,48.205,48.45139310851102,0.3948,0.4047,7.247058823529412
73.781,48.474,48.4862893838709,0.3949,0.4047,7.247058823529412
73.831,48.718,48.4862893838709,0.3952,0.4047,7.152941176470589
73.881,48.742,48.4565752574464,0.3956,0.4047,0.0
73.931,48.742,48.4565752574464,0.3959,0.4047,0.0
73.981,49.109,48.455964857447135,0.3963,0.4047,-7.152941176470589
74.031,48.864,48.452366119354714,0.3968,0.4047,-7.152941176470589
74.083,48.669,48.452366119354714,0.3969,0.4047,-7.294117647058823
74.132,48.327,48.44920290851019,0.3976,0.4047,-7.294117647058823
74.182,48.474,48.44920290851019,0.3976,0.4047,-7.152941176470589
74.232,48.132,48.48136640212771,0.3978,0.4047,-7.152941176470589
74.282,47.717,48.47589106774185,0.398,0.4047,0.0
74.332,47.888,48.47589106774185,0.3982,0.4047,7.2
74.382,47.741,48.442892959573975,0.3989,0.4047,7.2
74.432,47.961,48.442892959573975,0.3993,0.4047,7.294117647058823
74.482,48.083,48.46919630425548,0.3993,0.4047,7.294117647058823
74.532,48.4,48.474266267741854,0.3995,0.4047,7.247058823529412
74.582,48.376,48.474266267741854,0.3996,0.4047,7.2
74.632,49.011,48.47429845319129,0.3998,0.4047,7.2
74.682,49.206,48.47429845319129,0.4001,0.4047,7.105882352941176
74.732,49.328,48.42990246170267,0.4009,0.4047,7.105882352941176
74.782,49.451,48.480377983870895,0.401,0.4047,-7.341176470588235
74.832,49.426,48.480377983870895,0.4012,0.4047,-7.341176470588235
74.882,49.817,48.4777332021275,0.4012,0.4047,-7.435294117647059
74.932,49.255,48.4777332021275,0.4018,0.4047,-7.435294117647059
74.982,48.84,48.45552920638325,0.4018,0.4047,-7.576470588235294
75.032,48.694,48.45454103548376,0.4022,0.4047,-7.576470588235294
75.082,48.327,48.45454103548376,0.4027,0.4047,-7.2
75.132,48.132,48.44833425744641,0.4029,0.4047,-7.2
75.182,47.888,48.44833425744641,0.4033,0.4047,7.105882352941176
75.232,47.839,48.458094755319365,0.4034,0.4047,7.105882352941176
75.282,48.083,48.48477109999994,0.4034,0.4047,7.247058823529412
75.332,48.205,48.48477109999994,0.4034,0.4047,7.294117647058823
75.382,48.62,48.45725055531885,0.4039,0.4047,7.294117647058823
75.432,48.767,48.45725055531885,0.404,0.4047,7.152941176470589
75.482,49.499,48.45627875531936,0.4044,0.4047,7.152941176470589
75.532,49.109,48.474622383870894,0.4045,0.4047,-7.152941176470589
75.582,49.475,48.474622383870894,0.4049,0.4047,-7.435294117647059
75.632,49.426,48.46059150425507,0.4049,0.4047,-7.435294117647059
75.682,48.547,48.46059150425507,0.405,0.4047,-7.435294117647059
75.732,49.011,48.47079220212771,0.4051,0.4047,-7.435294117647059
75.782,48.767,48.42351068709662,0.4058,0.4047,-7.105882352941176
75.832,48.327,48.42351068709662,0.4059,0.4047,-7.105882352941176
75.882,47.912,48.46327325319128,0.4061,0.4047,-7.2
75.932,47.668,48.46327325319128,0.4061,0.4047,-7.2
75.982,47.79,48.47357055106382,0.4062,0.4047,7.247058823529412
76.032,47.863,48.4705259838709,0.4063,0.4047,7.247058823529412
76.084,47.863,48.4705259838709,0.4065,0.4047,7.294117647058823
76.133,48.474,48.45079735531885,0.4068,0.4047,7.294117647058823
76.183,48.571,48.45079735531885,0.407,0.4047,7.294117647058823
76.233,48.767,48.44402440638325,0.4074,0.4047,0.0
76.283,48.742,48.467501183870894,0.4075,0.4047,0.0
76.333,48.987,48.467501183870894,0.4076,0.4047,-7.2
76.383,48.474,48.4642454021275,0.4077,0.4047,-7.2
76.433,48.474,48.4642454021275,0.4078,0.4047,-7.247058823529412
76.483,48.278,48.46028433636365,0.408,0.4047,-7.247058823529412
76.533,48.205,48.46028433636365,0.4087,0.4047,0.0
76.583,48.132,48.434514291398095,0.4087,0.4047,7.105882352941176
76.633,48.376,48.434514291398095,0.4088,0.4047,7.105882352941176
76.683,48.23,48.45518705319129,0.409,0.4047,7.152941176470589
76.733,48.816,48.45518705319129,0.4091,0.4047,7.152941176470589
76.783,49.035,48.44668552018351,0.4095,0.4047,7.152941176470589
76.833,48.889,48.44668552018351,0.4095,0.4047,-7.2
76.883,48.718,48.43599880638263,0.4101,0.4047,-7.2
76.933,49.011,48.43599880638263,0.4101,0.4047,-7.247058823529412
76.983,48.547,48.45634900212771,0.4103,0.4047,-7.247058823529412
77.033,48.205,48.45009866774185,0.4105,0.4047,-7.294117647058823
77.083,48.254,48.45009866774185,0.4107,0.4047,-7.105882352941176
77.133,47.741,48.4214541085102,0.4113,0.4047,-7.105882352941176
77.183,47.79,48.4214541085102,0.4114,0.4047,7.152941176470589
77.233,48.01,48.45376839090908,0.4115,0.4047,7.152941176470589
77.283,48.303,48.45376839090908,0.4118,0.4047,7.294117647058823
77.333,48.669,48.417541747312114,0.4123,0.4047,7.247058823529412
77.383,48.376,48.417541747312114,0.4126,0.4047,7.247058823529412
77.433,48.278,48.437723904255066,0.4127,0.4047,-7.152941176470589
77.483,48.327,48.458496499999946,0.4127,0.4047,-7.152941176470589
77.533,48.767,48.458496499999946,0.4128,0.4047,7.105882352941176
77.583,48.938,48.44658121182798,0.4129,0.4047,7.105882352941176
77.633,49.084,48.44658121182798,0.4137,0.4047,7.105882352941176
77.683,49.035,48.412334708510194,0.4137,0.4047,-7.247058823529412
77.733,48.742,48.44617809206345,0.4138,0.4047,-7.247058823529412
77.783,49.524,48.44617809206345,0.4141,0.4047,-7.294117647058823
77.833,48.254,48.436511367742,0.4141,0.4047,-7.152941176470589
77.883,48.327,48.436511367742,0.4145,0.4047,-7.152941176470589
77.933,48.303,48.42411405531885,0.4146,0.4047,7.105882352941176
77.983,48.425,48.433800484126955,0.4148,0.4047,7.105882352941176
78.033,48.278,48.433800484126955,0.4151,0.4047,7.105882352941176
78.085,48.694,48.431977267742,0.4151,0.4047,0.0
78.134,48.694,48.431977267742,0.4151,0.4047,0.0
78.184,48.742,48.441600151063724,0.4152,0.4047,-7.152941176470589
78.234,48.938,48.42182937619046,0.4155,0.4047,-7.152941176470589
78.284,48.742,48.42182937619046,0.4155,0.4047,-7.152941176470589
78.334,47.961,48.43346321182798,0.4157,0.4047,-7.247058823529412
78.384,48.083,48.43346321182798,0.416,0.4047,-7.247058823529412
78.434,47.863,48.398953508510196,0.4165,0.4047,7.247058823529412
78.484,48.059,48.440763299999944,0.4165,0.4047,7.247058823529412
78.534,48.156,48.440763299999944,0.4168,0.4047,7.247058823529412
78.584,48.327,48.41732332365602,0.4169,0.4047,7.2
78.634,48.742,48.41732332365602,0.4171,0.4047,7.2
78.684,48.987,48.426624802127506,0.4171,0.4047,7.105882352941176
78.734,49.011,48.42833909206345,0.4172,0.4047,7.105882352941176
78.784,49.377,48.42833909206345,0.4175,0.4047,-7.247058823529412
78.834,49.255,48.418356167742004,0.4175,0.4047,-7.294117647058823
78.884,49.597,48.418356167742004,0.4177,0.4047,-7.294117647058823
78.934,48.889,48.4222249021275,0.4177,0.4047,-7.3882352941176475
78.984,48.742,48.415758584126955,0.4179,0.4047,-7.3882352941176475
79.034,48.694,48.415758584126955,0.4179,0.4047,-7.247058823529412
79.084,47.888,48.43040399999993,0.4179,0.4047,-7.2
79.134,48.181,48.43040399999993,0.418,0.4047,-7.2
79.184,46.447,48.42363465106373,0.418,0.4047,7.247058823529412
79.234,48.083,48.419973092063444,0.4181,0.4047,7.247058823529412
79.284,48.01,48.419973092063444,0.4181,0.4047,7.811764705882353
79.334,48.376,48.41549211182798,0.4183,0.4047,7.2
79.384,49.035,48.41549211182798,0.4186,0.4047,7.2
79.434,49.011,48.40838075319129,0.4186,0.4047,0.0
79.484,49.035,48.407176884126955,0.4188,0.4047,0.0
79.534,49.109,48.407176884126955,0.4189,0.4047,-7.294117647058823
79.584,48.962,48.41615295591396,0.4189,0.4047,-7.294117647058823
79.634,49.084,48.41615295591396,0.4192,0.4047,-7.294117647058823
79.684,48.23,48.392551755318856,0.4194,0.4047,-7.247058823529412
79.734,48.523,48.41822139999994,0.4194,0.4047,-7.247058823529412
79.784,47.961,48.41822139999994,0.4198,0.4047,7.105882352941176
79.834,48.205,48.38892607957005,0.4199,0.4047,-7.105882352941176
79.884,48.132,48.38892607957005,0.4199,0.4047,-7.105882352941176
79.934,47.912,48.40885045106373,0.42,0.4047,7.105882352941176
79.984,47.888,48.40506289206345,0.4201,0.4047,7.105882352941176
80.034,48.449,48.40506289206345,0.4202,0.4047,7.247058823529412
80.086,48.4,48.40039591182798,0.4203,0.4047,7.247058823529412
80.135,49.304,48.40039591182798,0.4203,0.4047,7.247058823529412
80.185,48.962,48.40415365106373,0.4204,0.4047,0.0
80.236,48.962,48.39219808412696,0.4206,0.4047,-7.247058823529412
80.285,48.84,48.39219808412696,0.4207,0.4047,-7.247058823529412
80.335,48.987,48.38424982365602,0.421,0.4047,-7.294117647058823
80.385,48.669,48.38424982365602,0.4213,0.4047,-7.294117647058823
80.435,47.814,48.38210880425507,0.4214,0.4047,-7.294117647058823
80.485,47.937,48.38604768412696,0.4216,0.4047,-7.294117647058823
80.535,46.691,48.38604768412696,0.4219,0.4047,7.294117647058823
80.585,48.01,48.37242077957004,0.4221,0.4047,7.294117647058823
80.635,48.132,48.37242077957004,0.4221,0.4047,7.7176470588235295
80.685,48.278,48.39213835106373,0.4222,0.4047,7.7176470588235295
80.735,48.938,48.380069384126955,0.4224,0.4047,7.152941176470589
80.785,49.133,48.380069384126955,0.4227,0.4047,7.105882352941176
80.835,49.28,48.366368079570044,0.4229,0.4047,7.105882352941176
80.885,49.255,48.366368079570044,0.4229,0.4047,-7.341176470588235
80.935,49.206,48.380481902127514,0.4231,0.4047,-7.341176470588235
80.985,49.328,48.38996099999994,0.4231,0.4047,-7.3882352941176475
81.035,49.255,48.38996099999994,0.4231,0.4047,-7.3882352941176475
81.085,48.571,48.377078511827975,0.4233,0.4047,-7.3882352941176475
81.135,48.791,48.377078511827975,0.4237,0.4047,-7.3882352941176475
81.185,47.985,48.36675938181793,0.4237,0.4047,-7.3882352941176475
81.235,47.937,48.36675938181793,0.4238,0.4047,-7.2
81.285,47.985,48.372002911827984,0.4239,0.4047,7.2
81.335,47.985,48.372002911827984,0.4239,0.4047,7.2
81.385,48.23,48.38095079999996,0.4239,0.4047,7.2
81.435,48.425,48.38095079999996,0.4239,0.4047,7.2
81.485,48.718,48.37408234545452,0.424,0.4047,7.105882352941176
81.535,48.816,48.37408234545452,0.4244,0.4047,0.0
81.585,48.816,48.354490323656016,0.4244,0.4047,0.0
81.635,48.425,48.354490323656016,0.4244,0.4047,-7.247058823529412
81.685,48.791,48.36861535106373,0.4245,0.4047,-7.247058823529412
81.735,48.938,48.37268709999994,0.4245,0.4047,-7.105882352941176
81.785,48.596,48.37268709999994,0.4245,0.4047,-7.2
81.835,48.01,48.37084569999993,0.4245,0.4047,-7.2
81.885,48.132,48.37084569999993,0.4245,0.4047,-7.152941176470589
81.935,48.23,48.36898449999995,0.4245,0.4047,-7.152941176470589
81.985,47.839,48.35959429206345,0.4246,0.4047,7.152941176470589
82.035,47.985,48.35959429206345,0.4246,0.4047,7.152941176470589
82.087,48.034,48.36568009999993,0.4246,0.4047,7.247058823529412
82.136,47.79,48.36568009999993,0.4246,0.4047,7.247058823529412
82.186,48.303,48.363809499999945,0.4246,0.4047,7.2
82.236,49.109,48.362555799999946,0.4246,0.4047,7.2
82.286,49.011,48.362555799999946,0.425,0.4047,0.0
82.336,49.084,48.338362523656016,0.425,0.4047,-7.294117647058823
82.386,49.011,48.338362523656016,0.425,0.4047,-7.294117647058823
82.436,49.548,48.35763489999996,0.425,0.4047,-7.294117647058823
82.486,49.011,48.35763489999996,0.425,0.4047,-7.294117647058823
82.536,48.181,48.35574699999994,0.425,0.4047,-7.294117647058823
82.586,47.766,48.35574699999994,0.425,0.4047,-7.294117647058823
82.636,47.814,48.353838799999956,0.425,0.4047,-7.294117647058823
82.686,47.912,48.35255989999995,0.425,0.4047,7.294117647058823
82.736,47.888,48.35255989999995,0.425,0.4047,7.294117647058823
82.786,48.352,48.35067199999994,0.425,0.4047,7.247058823529412
82.836,48.181,48.35067199999994,0.425,0.4047,7.247058823529412
82.886,48.547,48.34876379999996,0.425,0.4047,0.0
82.936,48.571,48.34876379999996,0.425,0.4047,0.0
82.986,48.303,48.34653079999995,0.425,0.4047,-7.152941176470589
83.036,48.425,48.34653079999995,0.425,0.4047,-7.152941176470589
83.086,48.303,48.34464289999993,0.425,0.4047,-7.152941176470589
83.136,48.181,48.34464289999993,0.4252,0.4047,-7.105882352941176
83.186,48.23,48.328140536363435,0.4253,0.4047,-7.105882352941176
83.236,44.811,48.328140536363435,0.4253,0.4047,7.105882352941176
83.286,47.937,48.33986109999994,0.4253,0.4047,7.105882352941176
83.336,47.57,48.33986109999994,0.4253,0.4047,7.105882352941176
83.386,48.132,48.33792469999996,0.4253,0.4047,7.2
83.436,48.352,48.33792469999996,0.4254,0.4047,7.2
83.486,48.791,48.32138933636366,0.4256,0.4047,7.152941176470589
83.536,48.962,48.32138933636366,0.4256,0.4047,0.0
83.586,48.987,48.33308199999993,0.4256,0.4047,0.0
83.636,49.231,48.33308199999993,0.4256,0.4047,-7.294117647058823
83.686,48.645,48.32602654545445,0.4257,0.4047,-7.294117647058823
83.736,48.596,48.32602654545445,0.4257,0.4047,-7.3882352941176475
83.786,48.156,48.32861899999994,0.4257,0.4047,-7.2
83.836,47.79,48.32861899999994,0.4257,0.4047,-7.2
83.886,48.034,48.332173548936176,0.4256,0.4047,7.105882352941176
83.936,47.839,48.325537699999956,0.4256,0.4047,7.105882352941176
83.986,48.449,48.325537699999956,0.4256,0.4047,7.152941176470589
84.036,48.62,48.32359399999994,0.4256,0.4047,7.247058823529412
84.088,48.767,48.32359399999994,0.4256,0.4047,-7.152941176470589
84.137,48.816,48.321629399999956,0.4256,0.4047,-7.152941176470589
84.187,48.718,48.32845550793645,0.4255,0.4047,-7.152941176470589
84.237,48.987,48.32845550793645,0.4255,0.4047,-7.247058823529412
84.287,48.449,48.31858459999994,0.4255,0.4047,-7.2
84.337,48.181,48.31858459999994,0.4255,0.4047,-7.2
84.387,48.083,48.31662939999996,0.4255,0.4047,-7.105882352941176
84.437,47.888,48.323461807936454,0.4254,0.4047,-7.105882352941176
84.487,47.668,48.323461807936454,0.4253,0.4047,7.152941176470589
84.537,47.741,48.319185844085915,0.4253,0.4047,7.2
84.587,47.619,48.319185844085915,0.4252,0.4047,7.2
84.637,47.961,48.322930197872395,0.4251,0.4047,7.294117647058823
84.687,48.181,48.327292315872945,0.4249,0.4047,7.294117647058823
84.737,48.938,48.327292315872945,0.4248,0.4047,7.2
84.787,48.816,48.320711988171894,0.4247,0.4047,7.105882352941176
84.837,49.744,48.320711988171894,0.4246,0.4047,7.105882352941176
84.887,49.499,48.31360784893618,0.4246,0.4047,-7.247058823529412
84.937,49.451,48.307034999999956,0.4246,0.4047,-7.247058823529412
84.987,49.475,48.307034999999956,0.4245,0.4047,-7.482352941176471
85.037,48.62,48.316355588171895,0.4244,0.4047,-7.482352941176471
85.087,48.523,48.316355588171895,0.4244,0.4047,-7.482352941176471
85.137,47.937,48.30375109999996,0.4244,0.4047,-7.152941176470589
85.187,47.717,48.302509999999955,0.4244,0.4047,-7.152941176470589
85.237,47.888,48.302509999999955,0.4243,0.4047,7.2
85.287,47.985,48.306263544085915,0.4243,0.4047,7.294117647058823
85.337,47.814,48.306263544085915,0.4242,0.4047,7.294117647058823
85.387,48.156,48.34327319148971,0.4235,0.4047,7.2
85.437,48.523,48.30767840793645,0.4234,0.4047,7.2
85.487,48.962,48.30767840793645,0.4234,0.4047,7.105882352941176
85.537,49.231,48.29800279999994,0.4234,0.4047,7.105882352941176
85.587,49.133,48.29800279999994,0.4231,0.4047,-7.294117647058823
85.637,49.792,48.312830646808614,0.4231,0.4047,-7.294117647058823
85.687,49.304,48.30385680793645,0.423,0.4047,-7.3882352941176475
85.737,48.913,48.30385680793645,0.4229,0.4047,-7.3882352941176475
85.787,48.742,48.30538968817189,0.4228,0.4047,-7.435294117647059
85.837,48.694,48.30538968817189,0.4227,0.4047,-7.435294117647059
85.887,47.985,48.303992697872395,0.4226,0.4047,-7.2
85.937,47.912,48.29222669999996,0.4226,0.4047,-7.2
85.987,47.888,48.29222669999996,0.4225,0.4047,7.2
86.037,47.839,48.324075864515805,0.422,0.4047,7.2
86.089,47.79,48.324075864515805,0.4219,0.4047,7.2
86.138,48.352,48.301248697872396,0.4218,0.4047,7.247058823529412
86.188,48.474,48.29767590793645,0.4217,0.4047,0.0
86.238,48.62,48.29767590793645,0.4216,0.4047,0.0
86.288,48.62,48.29374404408592,0.4216,0.4047,-7.105882352941176
86.338,48.181,48.29374404408592,0.4214,0.4047,-7.105882352941176
86.388,48.23,48.30336474680861,0.4213,0.4047,-7.2
86.438,48.425,48.29450430793645,0.4212,0.4047,-7.2
86.488,47.937,48.29450430793645,0.4212,0.4047,7.105882352941176
86.538,47.497,48.296204588171896,0.421,0.4047,7.105882352941176
86.588,48.23,48.296204588171896,0.421,0.4047,7.2
86.638,48.376,48.283919699999956,0.421,0.4047,7.2
86.688,48.571,48.299178415872944,0.4208,0.4047,7.105882352941176
86.738,48.669,48.299178415872944,0.4208,0.4047,-7.105882352941176
86.788,49.402,48.28739374408592,0.4207,0.4047,-7.105882352941176
86.838,49.035,48.28739374408592,0.4207,0.4047,-7.2
86.888,48.645,48.29709904680861,0.4204,0.4047,-7.2
86.938,48.4,48.28829530793645,0.4203,0.4047,-7.341176470588235
86.988,47.912,48.28829530793645,0.4203,0.4047,-7.341176470588235
87.038,47.497,48.278907999999944,0.4203,0.4047,-7.105882352941176
87.088,47.497,48.278907999999944,0.4201,0.4047,-7.105882352941176
87.138,47.643,48.2884986978724,0.4201,0.4047,7.341176470588235
87.188,47.643,48.29317581587294,0.4199,0.4047,7.341176470588235
87.238,47.521,48.29317581587294,0.4198,0.4047,7.294117647058823
87.288,47.717,48.287060488171896,0.4197,0.4047,7.294117647058823
87.338,48.425,48.287060488171896,0.4197,0.4047,7.341176470588235
87.388,48.596,48.29148344680861,0.4194,0.4047,7.341176470588235
87.438,49.035,48.28274270793645,0.4193,0.4047,-7.105882352941176
87.488,48.718,48.28274270793645,0.4193,0.4047,-7.105882352941176
87.538,49.255,48.27344839999994,0.4193,0.4047,-7.341176470588235
87.588,48.962,48.27344839999994,0.4192,0.4047,-7.341176470588235
87.638,48.376,48.28866164680861,0.419,0.4047,-7.435294117647059
87.688,48.059,48.28808891587294,0.4188,0.4047,-7.435294117647059
87.738,47.619,48.28808891587294,0.4188,0.4047,-7.105882352941176
87.788,47.863,48.270904599999945,0.4188,0.4047,7.152941176470589
87.838,47.79,48.270904599999945,0.4187,0.4047,7.152941176470589
87.888,47.839,48.28616484680861,0.4185,0.4047,7.2
87.938,47.888,48.28562361587294,0.4183,0.4047,7.2
87.988,48.205,48.28562361587294,0.4182,0.4047,7.247058823529412
88.038,48.474,48.29082837634385,0.4179,0.4047,7.2
88.09,49.158,48.29082837634385,0.4177,0.4047,-7.105882352941176
88.139,48.864,48.28214036363622,0.4176,0.4047,-7.105882352941176
88.189,48.864,48.28214036363622,0.4174,0.4047,-7.105882352941176
88.239,48.913,48.278348497872386,0.4174,0.4047,-7.294117647058823
88.289,48.791,48.278348497872386,0.4173,0.4047,-7.294117647058823
88.339,47.888,48.27211474408591,0.4173,0.4047,-7.294117647058823
88.389,47.937,48.27211474408591,0.4171,0.4047,-7.294117647058823
88.439,47.595,48.27486530909096,0.4171,0.4047,7.2
88.489,47.912,48.27486530909096,0.417,0.4047,7.2
88.539,48.083,48.28137813225788,0.4168,0.4047,7.2
88.589,48.083,48.28137813225788,0.4165,0.4047,7.2
88.639,48.571,48.30196973636338,0.416,0.4047,7.2
88.689,48.718,48.30196973636338,0.4158,0.4047,7.152941176470589
88.739,48.987,48.28665809574482,0.4156,0.4047,-7.152941176470589
88.789,49.06,48.28665809574482,0.4156,0.4047,-7.152941176470589
88.839,49.231,48.28112473225787,0.4153,0.4047,-7.341176470588235
88.889,48.376,48.28061351587293,0.4151,0.4047,-7.341176470588235
88.939,47.961,48.28061351587293,0.415,0.4047,-7.435294117647059
88.989,47.741,48.28587709574482,0.4147,0.4047,-7.105882352941176
89.039,47.619,48.28587709574482,0.4145,0.4047,-7.105882352941176
89.089,48.01,48.28601307634385,0.4143,0.4047,7.247058823529412
89.139,47.79,48.28601307634385,0.4143,0.4047,7.247058823529412
89.189,47.766,48.27296460909096,0.4141,0.4047,7.152941176470589
89.239,48.059,48.27296460909096,0.4138,0.4047,7.152941176470589
89.289,48.4,48.28534207634385,0.4137,0.4047,7.247058823529412
89.339,48.669,48.28534207634385,0.4135,0.4047,7.247058823529412
89.389,48.913,48.30169054255349,0.413,0.4047,-7.105882352941176
89.439,49.011,48.28021921587294,0.4128,0.4047,-7.105882352941176
89.489,48.816,48.28021921587294,0.4128,0.4047,-7.294117647058823
89.539,49.084,48.2747641881719,0.4126,0.4047,-7.294117647058823
89.589,47.888,48.2747641881719,0.4126,0.4047,-7.247058823529412
89.639,48.083,48.290911644681046,0.4121,0.4047,-7.247058823529412
89.689,47.79,48.26384969999995,0.4121,0.4047,7.2
89.739,47.643,48.26384969999995,0.4116,0.4047,7.152941176470589
89.789,48.083,48.296675364515814,0.4115,0.4047,7.152941176470589
89.839,48.083,48.296675364515814,0.4111,0.4047,7.294117647058823
89.889,48.889,48.28745157272709,0.411,0.4047,7.294117647058823
89.939,48.596,48.28745157272709,0.4108,0.4047,7.152941176470589
89.989,48.987,48.28624629574482,0.4106,0.4047,-7.294117647058823
90.039,48.938,48.28624629574482,0.4105,0.4047,-7.294117647058823
90.091,48.4,48.270006644085925,0.4105,0.4047,-7.341176470588235
90.14,48.4,48.31312174761891,0.4099,0.4047,-7.341176470588235
90.19,47.839,48.31312174761891,0.4096,0.4047,-7.105882352941176
90.24,48.254,48.29265664468104,0.4094,0.4047,-7.105882352941176
90.29,48.132,48.29265664468104,0.4094,0.4047,-7.105882352941176
90.34,47.741,48.27120944408592,0.4093,0.4047,0.0
90.39,47.668,48.273686107936435,0.4092,0.4047,0.0
90.44,47.985,48.273686107936435,0.4092,0.4047,7.247058823529412
90.49,47.814,48.29849789361726,0.4086,0.4047,7.294117647058823
90.54,47.766,48.29849789361726,0.4085,0.4047,7.294117647058823
90.59,47.985,48.28297723225788,0.4083,0.4047,7.247058823529412
90.64,48.303,48.28290701587293,0.4081,0.4047,7.247058823529412
90.69,48.742,48.28290701587293,0.408,0.4047,7.152941176470589
90.74,48.913,48.27224294893617,0.408,0.4047,0.0
90.79,49.011,48.27224294893617,0.408,0.4047,0.0
90.84,49.035,48.28337383225787,0.4077,0.4047,-7.294117647058823
90.89,49.035,48.27519860793644,0.4076,0.4047,-7.294117647058823
90.94,48.864,48.27519860793644,0.4074,0.4047,-7.341176470588235
90.99,48.938,48.30016079361726,0.407,0.4047,-7.341176470588235
91.04,48.864,48.30016079361726,0.407,0.4047,-7.341176470588235
91.09,47.912,48.284788932257875,0.4067,0.4047,-7.294117647058823
91.14,47.863,48.27667670793644,0.4066,0.4047,-7.294117647058823
91.19,47.497,48.27667670793644,0.4065,0.4047,7.2
91.24,47.717,48.2851472468086,0.4063,0.4047,7.2
91.29,47.888,48.2851472468086,0.4061,0.4047,7.2
91.34,47.985,48.280212288171896,0.4061,0.4047,7.294117647058823
91.39,48.23,48.30194263174592,0.4057,0.4047,7.294117647058823
91.44,48.278,48.30194263174592,0.4056,0.4047,7.152941176470589
91.49,48.889,48.29774534468103,0.4052,0.4047,7.105882352941176
91.54,49.182,48.29774534468103,0.4052,0.4047,7.105882352941176
91.59,49.353,48.287860032257875,0.4049,0.4047,-7.294117647058823
91.64,49.011,48.27171839999994,0.4049,0.4047,-7.294117647058823
91.69,49.28,48.27171839999994,0.4049,0.4047,-7.482352941176471
91.74,49.158,48.28275669787238,0.4047,0.4047,-7.341176470588235
91.79,48.816,48.28275669787238,0.4045,0.4047,-7.341176470588235
91.84,48.327,48.2832896881719,0.4045,0.4047,-7.3882352941176475
91.89,48.181,48.288835215872936,0.4043,0.4047,-7.3882352941176475
91.94,47.888,48.288835215872936,0.4042,0.4047,0.0
91.99,47.79,48.31722819148969,0.4035,0.4047,7.105882352941176
92.04,47.937,48.31722819148969,0.4034,0.4047,7.105882352941176
92.092,47.888,48.280372244085925,0.4034,0.4047,7.247058823529412
92.141,48.23,48.29950622380942,0.4031,0.4047,7.2
92.191,48.449,48.29950622380942,0.403,0.4047,7.2
92.241,48.791,48.29796129574482,0.4027,0.4047,7.105882352941176
92.291,49.109,48.29796129574482,0.4025,0.4047,7.105882352941176
92.341,49.475,48.299213276343856,0.4023,0.4047,-7.247058823529412
92.391,49.206,48.28600190793644,0.4022,0.4047,-7.247058823529412
92.441,49.28,48.28600190793644,0.4021,0.4047,-7.482352941176471
92.491,49.328,48.28935749787237,0.402,0.4047,-7.3882352941176475
92.541,48.645,48.28935749787237,0.4019,0.4047,-7.3882352941176475
92.591,48.132,48.30131287634386,0.4016,0.4047,-7.435294117647059
92.641,47.912,48.29628841587294,0.4014,0.4047,-7.435294117647059
92.691,47.961,48.29628841587294,0.4013,0.4047,7.105882352941176
92.741,47.79,48.308368344681035,0.4009,0.4047,7.2
92.791,48.01,48.308368344681035,0.4006,0.4047,7.2
92.841,48.205,48.321225508601785,0.4002,0.4047,7.247058823529412
92.891,48.596,48.28387459999994,0.4002,0.4047,7.247058823529412
92.941,48.596,48.28387459999994,0.4,0.4047,7.105882352941176
92.991,49.133,48.29535469787238,0.4,0.4047,7.105882352941176
93.041,48.425,48.29535469787238,0.3996,0.4047,-7.152941176470589
93.091,49.548,48.32425300860179,0.3993,0.4047,-7.152941176470589
93.141,48.938,48.30324441587293,0.3991,0.4047,-7.105882352941176
93.191,48.62,48.30324441587293,0.3991,0.4047,-7.529411764705882
93.241,49.28,48.29342634893616,0.399,0.4047,-7.529411764705882
93.291,48.523,48.29342634893616,0.3989,0.4047,-7.2
93.341,47.57,48.2998085881719,0.3988,0.4047,-7.2
93.391,47.497,48.31385602380943,0.3985,0.4047,-7.152941176470589
93.441,48.059,48.31385602380943,0.3983,0.4047,-7.152941176470589
93.491,47.57,48.30168639787238,0.3983,0.4047,7.3882352941176475
93.541,47.717,48.30168639787238,0.3981,0.4047,7.3882352941176475
93.591,47.668,48.31398587634386,0.3979,0.4047,7.341176470588235
93.641,48.278,48.30105170793644,0.3978,0.4047,7.341176470588235
93.691,48.278,48.30105170793644,0.3977,0.4047,7.294117647058823
93.741,48.523,48.310349446808594,0.3975,0.4047,7.294117647058823
93.791,49.011,48.310349446808594,0.3974,0.4047,0.0
93.842,49.084,48.30064724408592,0.3974,0.4047,-7.341176470588235
93.891,48.205,48.30387360793644,0.3973,0.4047,-7.341176470588235
93.941,48.571,48.30387360793644,0.3972,0.4047,-7.341176470588235
93.991,48.84,48.30768979787238,0.3971,0.4047,7.105882352941176
94.041,48.62,48.30768979787238,0.3971,0.4047,7.105882352941176
94.093,48.864,48.302677955963226,0.397,0.4047,-7.247058823529412
94.142,48.669,48.302677955963226,0.397,0.4047,-7.247058823529412
94.192,48.571,48.298814599999936,0.397,0.4047,-7.247058823529412
94.242,48.498,48.298814599999936,0.3967,0.4047,-7.247058823529412
94.292,47.985,48.316287632257875,0.3967,0.4047,-7.152941176470589
94.342,47.814,48.30066259999994,0.3967,0.4047,-7.152941176470589
94.392,47.961,48.30066259999994,0.3964,0.4047,7.2
94.442,47.814,48.318000246808595,0.3964,0.4047,7.247058823529412
94.492,47.741,48.318000246808595,0.3964,0.4047,7.247058823529412
94.542,48.523,48.30281469999994,0.3964,0.4047,7.247058823529412
94.592,48.352,48.30281469999994,0.3963,0.4047,7.247058823529412
94.642,48.718,48.313240609090805,0.3962,0.4047,0.0
94.692,48.742,48.313240609090805,0.3962,0.4047,0.0
94.742,48.596,48.31047724893616,0.3961,0.4047,-7.2
94.792,48.596,48.31047724893616,0.3961,0.4047,-7.2
94.842,49.231,48.3204896678898,0.3958,0.4047,-7.2
94.892,48.059,48.3204896678898,0.3958,0.4047,-7.152941176470589
94.942,48.474,48.31862189787237,0.3956,0.4047,-7.3882352941176475
94.992,47.717,48.31862189787237,0.3956,0.4047,-7.3882352941176475
95.042,47.692,48.31441554408592,0.3955,0.4047,-7.105882352941176
95.092,47.961,48.31441554408592,0.3955,0.4047,-7.105882352941176
95.142,47.253,48.314807654545376,0.3954,0.4047,7.294117647058823
95.192,47.424,48.314807654545376,0.3953,0.4047,7.2
95.242,47.375,48.31666494893616,0.3953,0.4047,7.2
95.292,48.083,48.31666494893616,0.395,0.4047,7.3882352941176475
95.342,48.181,48.33156262385309,0.3949,0.4047,7.3882352941176475
95.392,48.327,48.33156262385309,0.3947,0.4047,7.152941176470589
95.442,48.523,48.32519229787237,0.3947,0.4047,7.105882352941176
95.492,48.742,48.32519229787237,0.3945,0.4047,7.105882352941176
95.542,49.133,48.332240932257875,0.3944,0.4047,-7.152941176470589
95.592,48.62,48.33304641587293,0.3942,0.4047,-7.152941176470589
95.642,49.06,48.33304641587293,0.3942,0.4047,-7.341176470588235
95.692,49.011,48.31816039999993,0.3942,0.4047,-7.152941176470589
95.742,48.181,48.31816039999993,0.3942,0.4047,-7.152941176470589
95.792,47.692,48.324722544085915,0.3941,0.4047,-7.341176470588235
95.842,47.399,48.324722544085915,0.394,0.4047,-7.341176470588235
95.892,47.643,48.33478156363624,0.3938,0.4047,7.294117647058823
95.942,47.863,48.33478156363624,0.3938,0.4047,7.3882352941176475
95.992,47.717,48.33322689787237,0.3936,0.4047,7.3882352941176475
96.042,48.181,48.33322689787237,0.3935,0.4047,7.247058823529412
96.094,48.352,48.32859655596323,0.3935,0.4047,7.247058823529412
96.143,48.23,48.32859655596323,0.3933,0.4047,7.105882352941176
96.193,49.011,48.33611929787237,0.3933,0.4047,0.0
96.243,49.011,48.33611929787237,0.3931,0.4047,0.0
96.293,49.109,48.34329813225787,0.393,0.4047,-7.294117647058823
96.343,48.962,48.327906199999944,0.393,0.4047,-7.294117647058823
96.393,48.962,48.327906199999944,0.393,0.4047,-7.341176470588235
96.443,48.62,48.34559164680859,0.3927,0.4047,-7.294117647058823
96.493,48.474,48.34559164680859,0.3926,0.4047,-7.294117647058823
96.543,48.083,48.3419214881719,0.3925,0.4047,-7.152941176470589
96.593,47.57,48.34822301587293,0.3923,0.4047,-7.152941176470589
96.643,47.326,48.34822301587293,0.3923,0.4047,7.152941176470589
96.693,47.961,48.350101246808585,0.392,0.4047,7.341176470588235
96.743,47.888,48.350101246808585,0.3918,0.4047,7.341176470588235
96.793,48.034,48.35208183225787,0.3917,0.4047,7.2
96.843,48.327,48.336771799999944,0.3917,0.4047,7.2
96.893,48.523,48.336771799999944,0.3916,0.4047,7.2
96.943,48.84,48.34905089787237,0.3915,0.4047,0.0
96.993,48.791,48.34905089787237,0.3915,0.4047,0.0
97.043,48.987,48.356397132257875,0.3912,0.4047,-7.247058823529412
97.093,49.011,48.34926140793644,0.3911,0.4047,-7.247058823529412
97.143,48.449,48.34926140793644,0.3908,0.4047,-7.294117647058823
97.193,48.474,48.35918894680859,0.3908,0.4047,-7.294117647058823
97.243,47.814,48.35918894680859,0.3907,0.4047,-7.294117647058823
97.293,47.839,48.3556954881719,0.3906,0.4047,-7.105882352941176
97.343,47.619,48.34583109999994,0.3906,0.4047,-7.105882352941176
97.393,47.717,48.34583109999994,0.3904,0.4047,7.247058823529412
97.443,47.863,48.36927069574481,0.3902,0.4047,7.341176470588235
97.493,47.888,48.36927069574481,0.3902,0.4047,7.341176470588235
97.543,48.107,48.35492824408592,0.3901,0.4047,7.247058823529412
97.593,48.181,48.35047169999994,0.3901,0.4047,7.247058823529412
97.643,48.962,48.35047169999994,0.39,0.4047,7.152941176470589
97.693,49.011,48.35737264893615,0.39,0.4047,7.105882352941176
97.743,49.133,48.35737264893615,0.3899,0.4047,7.105882352941176
97.793,48.889,48.35900624408592,0.3899,0.4047,-7.294117647058823
97.843,49.353,48.36270510793644,0.3898,0.4047,-7.294117647058823
97.893,49.499,48.36270510793644,0.3897,0.4047,-7.247058823529412
97.943,48.962,48.36169774893615,0.3897,0.4047,-7.435294117647059
97.993,49.328,48.36169774893615,0.3897,0.4047,-7.435294117647059
98.043,48.327,48.357773599999945,0.3897,0.4047,-7.294117647058823
98.095,48.083,48.36686140793644,0.3896,0.4047,-7.294117647058823
98.144,47.863,48.36686140793644,0.3896,0.4047,0.0
98.194,46.007,48.36034429999993,0.3896,0.4047,7.152941176470589
98.244,48.107,48.36034429999993,0.3894,0.4047,7.152941176470589
98.294,48.132,48.3729198881719,0.3894,0.4047,7.952941176470588
98.344,48.254,48.36313109999995,0.3894,0.4047,7.952941176470588
98.394,48.938,48.36313109999995,0.3894,0.4047,7.152941176470589
98.444,49.133,48.370097848936155,0.3893,0.4047,7.152941176470589
98.494,49.158,48.370097848936155,0.3893,0.4047,-7.294117647058823
98.544,48.962,48.37179654408592,0.3892,0.4047,-7.294117647058823
98.594,48.938,48.367396699999944,0.3892,0.4047,-7.341176470588235
98.644,48.987,48.367396699999944,0.3892,0.4047,-7.294117647058823
98.694,48.352,48.36885369999993,0.3892,0.4047,-7.294117647058823
98.744,48.4,48.36885369999993,0.3892,0.4047,-7.294117647058823
98.794,47.717,48.370295199999944,0.3892,0.4047,-7.294117647058823
98.844,47.814,48.371271699999944,0.3892,0.4047,0.0
98.894,47.863,48.371271699999944,0.389,0.4047,0.0
98.944,48.034,48.38378579787237,0.389,0.4047,7.247058823529412
98.994,47.888,48.38378579787237,0.389,0.4047,7.247058823529412
99.044,48.132,48.37460759999994,0.389,0.4047,7.2
99.094,48.352,48.38373950793644,0.3889,0.4047,7.2
99.144,48.4,48.38373950793644,0.3889,0.4047,7.152941176470589
99.194,48.694,48.38281674893615,0.3888,0.4047,7.152941176470589
99.244,49.06,48.38281674893615,0.3887,0.4047,0.0
99.294,49.06,48.38456194408592,0.3887,0.4047,0.0
99.344,49.377,48.38019359999994,0.3887,0.4047,-7.294117647058823
99.394,48.474,48.38019359999994,0.3886,0.4047,-7.294117647058823
99.444,49.011,48.38722614893615,0.3886,0.4047,-7.435294117647059
99.494,48.864,48.38722614893615,0.3886,0.4047,-7.435294117647059
99.544,48.23,48.38898994408592,0.3885,0.4047,-7.294117647058823
99.594,47.643,48.39277700793644,0.3884,0.4047,-7.294117647058823
99.644,47.937,48.39277700793644,0.3884,0.4047,7.105882352941176
99.694,47.814,48.38637269999993,0.3884,0.4047,7.341176470588235
99.744,47.839,48.38637269999993,0.3883,0.4047,7.341176470588235
99.794,48.327,48.39347424408592,0.3883,0.4047,7.294117647058823
99.844,48.962,48.38913109999994,0.3883,0.4047,7.294117647058823
99.894,48.303,48.38913109999994,0.3883,0.4047,7.105882352941176
99.944,48.816,48.39067269999993,0.3883,0.4047,-7.294117647058823
99.994,48.669,48.39067269999993,0.3883,0.4047,-7.294117647058823
100.044,48.767,48.4033691881719,0.3881,0.4047,-7.2
100.096,48.596,48.393662299999946,0.3881,0.4047,-7.2
100.145,48.23,48.393662299999946,0.3881,0.4047,-7.2
100.195,47.961,48.395222699999934,0.3881,0.4047,-7.2
100.245,47.912,48.395222699999934,0.3881,0.4047,7.105882352941176
100.295,47.643,48.40235214408592,0.388,0.4047,7.105882352941176
100.345,48.303,48.38988509206345,0.3881,0.4047,7.247058823529412
100.395,48.645,48.38988509206345,0.3881,0.4047,7.341176470588235
100.445,49.011,48.39938199999993,0.3881,0.4047,7.341176470588235
100.495,48.84,48.39938199999993,0.3881,0.4047,-7.152941176470589
100.545,48.376,48.400925799999946,0.3881,0.4047,-7.152941176470589
100.595,48.352,48.401971599999946,0.3881,0.4047,-7.247058823529412
100.645,48.645,48.401971599999946,0.3881,0.4047,0.0
100.695,48.62,48.40353199999993,0.3881,0.4047,0.0
100.745,48.23,48.40353199999993,0.3881,0.4047,-7.152941176470589
100.795,48.205,48.40507579999994,0.3881,0.4047,-7.152941176470589
100.845,48.156,48.40612159999994,0.3881,0.4047,7.105882352941176
100.895,48.205,48.40612159999994,0.3882,0.4047,7.152941176470589
100.945,48.4,48.40215345106371,0.3882,0.4047,7.152941176470589
100.995,48.742,48.40215345106371,0.3883,0.4047,7.152941176470589
101.045,49.133,48.40447304403665,0.3883,0.4047,7.152941176470589
101.095,48.962,48.40447304403665,0.3883,0.4047,-7.2
101.145,48.645,48.40507325106383,0.3884,0.4047,-7.341176470588235
101.195,48.547,48.40507325106383,0.3885,0.4047,-7.341176470588235
101.245,48.352,48.40639605106372,0.3885,0.4047,-7.152941176470589
101.295,48.449,48.40444888387089,0.3886,0.4047,-7.152941176470589
101.345,48.254,48.40444888387089,0.3886,0.4047,0.0
101.395,48.205,48.419555348936065,0.3885,0.4047,0.0
101.445,48.23,48.419555348936065,0.3886,0.4047,0.0
101.495,48.205,48.41023045106372,0.3886,0.4047,7.152941176470589
101.545,48.547,48.41023045106372,0.3886,0.4047,7.152941176470589
101.595,48.303,48.41250644403666,0.3887,0.4047,7.152941176470589
101.645,48.742,48.41250644403666,0.3887,0.4047,-7.105882352941176
101.695,48.596,48.413069051063715,0.3888,0.4047,-7.105882352941176
101.745,47.985,48.413069051063715,0.3888,0.4047,-7.2
101.795,47.766,48.419866899999946,0.3888,0.4047,-7.2
101.845,47.937,48.404582984126954,0.389,0.4047,7.2
101.895,48.156,48.404582984126954,0.389,0.4047,7.294117647058823
101.945,48.694,48.41640325106371,0.3891,0.4047,7.294117647058823
101.995,48.816,48.41640325106371,0.3892,0.4047,7.152941176470589
102.045,48.816,48.412001911827986,0.3893,0.4047,7.152941176470589
102.097,49.158,48.415581992063444,0.3894,0.4047,-7.2
102.146,49.28,48.415581992063444,0.3895,0.4047,-7.2
102.196,49.377,48.41942815106371,0.3895,0.4047,-7.2
102.246,48.669,48.41942815106371,0.3896,0.4047,-7.3882352941176475
102.296,47.961,48.42160604403665,0.3896,0.4047,-7.3882352941176475
102.346,47.741,48.42160604403665,0.3897,0.4047,-7.152941176470589
102.396,48.107,48.422084051063834,0.3897,0.4047,7.247058823529412
102.446,47.985,48.422084051063834,0.3899,0.4047,7.247058823529412
102.496,48.059,48.4177561021275,0.3899,0.4047,7.2
102.546,48.303,48.42104128387089,0.39,0.4047,7.2
102.596,48.571,48.42104128387089,0.3901,0.4047,7.2
102.646,48.718,48.41943050212772,0.3902,0.4047,7.105882352941176
102.696,49.377,48.41943050212772,0.3904,0.4047,7.105882352941176
102.746,49.499,48.409317604255065,0.3906,0.4047,-7.152941176470589
102.796,49.231,48.41492696774185,0.3908,0.4047,-7.152941176470589
102.846,49.426,48.41492696774185,0.3908,0.4047,-7.482352941176471
102.896,49.573,48.426834051063835,0.3909,0.4047,-7.3882352941176475
102.946,48.181,48.426834051063835,0.3909,0.4047,-7.3882352941176475
102.996,48.4,48.43345039999994,0.3909,0.4047,-7.482352941176471
103.046,48.034,48.43345039999994,0.3911,0.4047,7.152941176470589
103.096,48.059,48.406166264220225,0.3915,0.4047,7.152941176470589
103.146,48.376,48.406166264220225,0.3915,0.4047,7.2
103.196,48.425,48.43492999999993,0.3915,0.4047,7.2
103.246,48.742,48.43492999999993,0.3916,0.4047,0.0
103.296,48.767,48.43157074403665,0.3916,0.4047,0.0
103.346,48.938,48.43157074403665,0.3916,0.4047,-7.152941176470589
103.396,48.694,48.43738929999995,0.3916,0.4047,-7.2
103.446,48.742,48.43738929999995,0.3917,0.4047,-7.2
103.496,48.694,48.42203505319128,0.3919,0.4047,-7.152941176470589
103.546,47.961,48.4139739516128,0.3922,0.4047,-7.152941176470589
103.596,48.059,48.4139739516128,0.3923,0.4047,-7.152941176470589
103.646,47.79,48.43381395106383,0.3923,0.4047,7.247058823529412
103.696,47.79,48.43381395106383,0.3923,0.4047,7.247058823529412
103.746,47.961,48.44029869999994,0.3923,0.4047,7.294117647058823
103.796,48.181,48.40798463548376,0.3927,0.4047,7.294117647058823
103.846,48.864,48.40798463548376,0.393,0.4047,7.247058823529412
103.896,48.938,48.4247850531916,0.393,0.4047,7.152941176470589
103.946,49.304,48.4247850531916,0.3931,0.4047,7.152941176470589
103.996,49.328,48.43631375106372,0.3931,0.4047,-7.247058823529412
104.046,49.353,48.44235209999994,0.3931,0.4047,-7.247058823529412
104.098,49.133,48.44235209999994,0.3935,0.4047,-7.3882352941176475
104.147,49.353,48.41027120638326,0.3937,0.4047,-7.3882352941176475
104.197,48.303,48.41027120638326,0.3938,0.4047,-7.3882352941176475
104.247,48.498,48.4321630021275,0.3939,0.4047,-7.435294117647059
104.297,48.327,48.43520018387089,0.394,0.4047,-7.435294117647059
104.347,48.205,48.43520018387089,0.3941,0.4047,-7.105882352941176
104.397,47.643,48.43874195106383,0.3941,0.4047,7.105882352941176
104.447,48.059,48.43874195106383,0.3941,0.4047,7.105882352941176
104.497,47.741,48.43952895106372,0.3942,0.4047,7.341176470588235
104.547,48.107,48.445499099999935,0.3942,0.4047,7.341176470588235
104.597,48.523,48.445499099999935,0.3946,0.4047,7.341176470588235
104.647,48.694,48.413314806383255,0.3948,0.4047,7.2
104.697,48.864,48.413314806383255,0.3948,0.4047,7.2
104.747,48.987,48.4351032021275,0.395,0.4047,-7.152941176470589
104.797,49.158,48.44634289999994,0.395,0.4047,-7.152941176470589
104.847,49.426,48.44634289999994,0.3951,0.4047,-7.247058823529412
104.897,49.377,48.42514050425549,0.3954,0.4047,-7.341176470588235
104.947,48.596,48.42514050425549,0.3955,0.4047,-7.341176470588235
104.997,48.181,48.4362342021275,0.3956,0.4047,-7.435294117647059
105.047,47.497,48.41435383548376,0.396,0.4047,-7.435294117647059
105.097,47.692,48.41435383548376,0.3962,0.4047,7.152941176470589
105.147,48.01,48.4308440531916,0.3963,0.4047,7.3882352941176475
105.197,47.888,48.4308440531916,0.3965,0.4047,7.3882352941176475
105.247,48.107,48.4365340021275,0.3965,0.4047,7.2
105.297,48.816,48.43113926774185,0.3967,0.4047,7.2
105.347,48.816,48.43113926774185,0.3967,0.4047,7.2
105.397,48.889,48.448020299999946,0.3967,0.4047,-7.2
105.447,49.158,48.448020299999946,0.3967,0.4047,-7.2
105.497,48.889,48.43218665319128,0.397,0.4047,-7.247058823529412
105.547,48.694,48.4403507838709,0.3971,0.4047,-7.247058823529412
105.597,48.083,48.4403507838709,0.3974,0.4047,-7.247058823529412
105.647,47.839,48.42148695531937,0.3976,0.4047,-7.152941176470589
105.697,48.132,48.42148695531937,0.3977,0.4047,-7.152941176470589
105.747,47.912,48.4376930021275,0.3978,0.4047,7.294117647058823
105.797,47.839,48.40740551935471,0.3983,0.4047,7.294117647058823
105.847,47.912,48.40740551935471,0.3983,0.4047,7.247058823529412
105.897,48.596,48.448329699999945,0.3983,0.4047,7.247058823529412
105.947,48.376,48.448329699999945,0.3984,0.4047,7.247058823529412
105.997,48.547,48.4378742021275,0.3985,0.4047,7.247058823529412
106.047,49.011,48.44889689999994,0.3985,0.4047,7.105882352941176
106.099,49.255,48.44889689999994,0.3985,0.4047,-7.105882352941176
106.148,49.28,48.44947969999995,0.3985,0.4047,-7.105882352941176
106.198,49.621,48.44947969999995,0.3986,0.4047,-7.341176470588235
106.248,49.158,48.44055938807321,0.3987,0.4047,-7.341176470588235
106.298,48.278,48.44055938807321,0.3988,0.4047,-7.482352941176471
106.348,48.791,48.43371205319159,0.399,0.4047,-7.341176470588235
106.398,48.181,48.43371205319159,0.3991,0.4047,-7.341176470588235
106.448,48.059,48.439148202127505,0.3992,0.4047,-7.2
106.498,47.692,48.439148202127505,0.3993,0.4047,-7.2
106.548,47.643,48.44558794403665,0.3993,0.4047,7.2
106.598,47.35,48.44558794403665,0.3994,0.4047,7.341176470588235
106.648,48.059,48.42856850425548,0.3997,0.4047,7.341176470588235
106.698,47.717,48.42856850425548,0.3998,0.4047,7.482352941176471
106.748,48.449,48.4392580021275,0.3999,0.4047,7.482352941176471
106.798,48.449,48.44192318387089,0.4,0.4047,7.341176470588235
106.848,49.109,48.44192318387089,0.4,0.4047,7.341176470588235
106.898,49.084,48.44490095106383,0.4001,0.4047,0.0
106.948,49.109,48.44490095106383,0.4001,0.4047,0.0
106.998,48.913,48.44512395106372,0.4002,0.4047,-7.294117647058823
107.048,48.987,48.45072209999994,0.4002,0.4047,-7.294117647058823
107.098,48.62,48.45072209999994,0.4006,0.4047,-7.247058823529412
107.148,48.596,48.423502355319364,0.4007,0.4047,-7.247058823529412
107.198,48.205,48.423502355319364,0.4009,0.4047,-7.105882352941176
107.248,48.742,48.43388845319129,0.401,0.4047,-7.105882352941176
107.298,48.034,48.45007529999994,0.401,0.4047,7.152941176470589
107.348,48.254,48.45007529999994,0.401,0.4047,-7.152941176470589
107.398,47.497,48.450423099999945,0.401,0.4047,-7.152941176470589
107.448,47.912,48.450423099999945,0.4011,0.4047,7.152941176470589
107.498,47.937,48.43971380212751,0.4012,0.4047,7.152941176470589
107.548,47.839,48.4422983838709,0.4013,0.4047,7.247058823529412
107.598,48.181,48.4422983838709,0.4013,0.4047,7.247058823529412
107.648,48.449,48.43962540212771,0.4015,0.4047,7.247058823529412
107.698,48.547,48.43962540212771,0.4016,0.4047,7.152941176470589
107.748,48.962,48.439507402127504,0.4017,0.4047,7.152941176470589
107.798,49.231,48.45033169999994,0.4017,0.4047,-7.105882352941176
107.848,49.426,48.45033169999994,0.4019,0.4047,-7.247058823529412
107.898,48.596,48.4340280531916,0.402,0.4047,-7.247058823529412
107.948,49.255,48.4340280531916,0.4021,0.4047,-7.435294117647059
107.998,48.596,48.444710751063724,0.4021,0.4047,-7.435294117647059
108.048,47.912,48.45019109999994,0.4021,0.4047,-7.3882352941176475
108.1,47.717,48.45019109999994,0.4022,0.4047,-7.105882352941176
108.149,47.717,48.433849853191596,0.4024,0.4047,-7.105882352941176
108.199,47.668,48.433849853191596,0.4024,0.4047,7.341176470588235
108.249,47.937,48.44449495106372,0.4025,0.4047,7.341176470588235
108.299,47.985,48.441679783870896,0.4026,0.4047,7.341176470588235
108.349,48.352,48.441679783870896,0.4026,0.4047,7.247058823529412
108.399,48.352,48.44994169999995,0.4026,0.4047,7.247058823529412
108.449,48.742,48.44994169999995,0.4026,0.4047,7.105882352941176
108.499,49.084,48.45017059999994,0.4026,0.4047,7.105882352941176
108.549,49.255,48.45017059999994,0.4028,0.4047,-7.152941176470589
108.599,49.255,48.43931090212771,0.4028,0.4047,-7.294117647058823
108.649,48.669,48.43931090212771,0.4028,0.4047,-7.294117647058823
108.699,48.425,48.45012779999994,0.4028,0.4047,-7.3882352941176475
108.749,48.816,48.4419748838709,0.4029,0.4047,-7.3882352941176475
108.799,48.278,48.4419748838709,0.4031,0.4047,0.0
108.849,48.498,48.43915150212771,0.4031,0.4047,-7.2
108.899,48.181,48.43915150212771,0.4032,0.4047,-7.2
108.949,47.961,48.444411651063724,0.4032,0.4047,0.0
108.999,47.937,48.44982379999994,0.4032,0.4047,0.0
109.049,47.912,48.44982379999994,0.4033,0.4047,7.247058823529412
109.099,47.619,48.44443625106383,0.4033,0.4047,7.247058823529412
109.149,47.79,48.44443625106383,0.4033,0.4047,7.247058823529412
109.199,48.694,48.44435845106372,0.4034,0.4047,7.3882352941176475
109.249,49.67,48.441487483870894,0.4035,0.4047,7.3882352941176475
109.299,49.158,48.441487483870894,0.4035,0.4047,-7.152941176470589
109.349,49.158,48.449664799999944,0.4035,0.4047,-7.529411764705882
109.399,48.645,48.449664799999944,0.4035,0.4047,-7.529411764705882
109.449,49.328,48.44977759999994,0.4035,0.4047,-7.341176470588235
109.499,48.303,48.44985199999994,0.4035,0.4047,-7.341176470588235
109.549,48.01,48.44985199999994,0.4035,0.4047,-7.3882352941176475
109.599,47.888,48.44996479999994,0.4035,0.4047,7.105882352941176
109.649,47.888,48.44996479999994,0.4035,0.4047,7.105882352941176
109.699,47.668,48.45007759999994,0.4035,0.4047,7.247058823529412
109.749,48.425,48.45007759999994,0.4035,0.4047,7.247058823529412
109.799,48.474,48.44541034403665,0.4036,0.4047,7.341176470588235
109.849,48.742,48.44541034403665,0.4036,0.4047,0.0
109.899,48.767,48.450100899999946,0.4036,0.4047,0.0
109.949,48.913,48.450100899999946,0.4037,0.4047,-7.152941176470589
109.999,48.523,48.43582663210985,0.4039,0.4047,-7.152941176470589
110.049,48.913,48.43582663210985,0.4039,0.4047,-7.247058823529412
110.101,48.523,48.44966329999994,0.4039,0.4047,-7.105882352941176
110.15,49.28,48.44966329999994,0.4039,0.4047,-7.105882352941176
110.2,47.961,48.44973849999994,0.4039,0.4047,-7.105882352941176
110.25,48.034,48.44978809999994,0.4039,0.4047,-7.105882352941176
110.3,47.448,48.44978809999994,0.4039,0.4047,7.247058823529412
110.35,47.424,48.44986329999994,0.4039,0.4047,7.2
110.4,47.912,48.44986329999994,0.4039,0.4047,7.2
110.45,48.059,48.44993849999994,0.4039,0.4047,7.435294117647059
110.5,48.303,48.44998809999994,0.4039,0.4047,7.435294117647059
110.55,48.547,48.44998809999994,0.4039,0.4047,7.2
110.6,48.913,48.44453475106382,0.404,0.4047,7.2
110.65,49.231,48.44453475106382,0.404,0.4047,-7.105882352941176
110.7,48.718,48.44991969999994,0.404,0.4047,-7.105882352941176
110.75,49.255,48.44996309999994,0.404,0.4047,-7.341176470588235
110.8,48.4,48.44996309999994,0.4042,0.4047,-7.152941176470589
110.85,48.791,48.4334432531916,0.4043,0.4047,-7.152941176470589
110.9,48.278,48.4334432531916,0.4043,0.4047,0.0
110.95,48.278,48.44943829999994,0.4043,0.4047,0.0
111.0,48.278,48.432921667741844,0.4045,0.4047,7.105882352941176
111.05,48.034,48.432921667741844,0.4045,0.4047,7.105882352941176
111.1,48.132,48.44906949999994,0.4045,0.4047,7.105882352941176
111.15,48.889,48.44906949999994,0.4046,0.4047,7.2
111.2,49.255,48.443559751063724,0.4046,0.4047,7.2
111.25,48.913,48.44888509999994,0.4046,0.4047,-7.247058823529412
111.3,49.035,48.44888509999994,0.4046,0.4047,-7.247058823529412
111.35,49.646,48.448894499999945,0.4046,0.4047,-7.247058823529412
111.4,48.23,48.448894499999945,0.4046,0.4047,-7.247058823529412
111.45,48.596,48.44890389999994,0.4046,0.4047,-7.529411764705882
111.5,48.645,48.44891009999994,0.4046,0.4047,-7.529411764705882
111.55,47.766,48.44891009999994,0.4046,0.4047,-7.105882352941176
111.6,47.424,48.44891949999994,0.4046,0.4047,-7.105882352941176
111.65,47.595,48.44891949999994,0.4046,0.4047,7.294117647058823
111.7,47.863,48.44892889999994,0.4046,0.4047,7.294117647058823
111.75,48.01,48.45720581612898,0.4045,0.4047,7.3882352941176475
111.8,48.571,48.45720581612898,0.4045,0.4047,7.3882352941176475
111.85,48.547,48.44916009999994,0.4045,0.4047,7.247058823529412
111.9,48.669,48.44916009999994,0.4045,0.4047,7.247058823529412
111.95,49.133,48.44917889999994,0.4045,0.4047,-7.105882352941176
112.0,48.913,48.45746201612899,0.4044,0.4047,-7.105882352941176
112.05,49.035,48.45746201612899,0.4044,0.4047,-7.294117647058823
112.102,48.523,48.460482797872174,0.4042,0.4047,-7.247058823529412
112.151,48.669,48.460482797872174,0.4042,0.4047,-7.247058823529412
112.201,48.132,48.44989149999994,0.4042,0.4047,-7.105882352941176
112.251,47.375,48.44992249999994,0.4042,0.4047,-7.105882352941176
112.301,47.546,48.44992249999994,0.4041,0.4047,7.2
112.351,47.863,48.45549804893606,0.4041,0.4047,7.2
112.401,47.717,48.45549804893606,0.404,0.4047,7.3882352941176475
112.451,48.034,48.45576384893616,0.404,0.4047,7.3882352941176475
112.501,48.4,48.450488099999944,0.404,0.4047,7.341176470588235
112.551,48.474,48.450488099999944,0.404,0.4047,7.341176470588235
112.601,48.987,48.45608244893606,0.4039,0.4047,0.0
112.651,49.011,48.45608244893606,0.4038,0.4047,0.0
112.701,48.864,48.45636704893616,0.4038,0.4047,-7.247058823529412
112.751,48.791,48.45110369999994,0.4038,0.4047,-7.247058823529412
112.801,48.962,48.45110369999994,0.4038,0.4047,-7.2
112.851,48.864,48.45118829999994,0.4038,0.4047,-7.2
112.901,48.767,48.45118829999994,0.4038,0.4047,-7.247058823529412
112.951,48.059,48.45680144893616,0.4037,0.4047,-7.247058823529412
113.001,47.668,48.45154429999994,0.4037,0.4047,-7.2
113.051,47.741,48.45154429999994,0.4037,0.4047,7.2
113.101,47.814,48.45163829999994,0.4037,0.4047,7.2
113.151,47.375,48.45163829999994,0.4036,0.4047,7.341176470588235
113.201,48.278,48.45726084893616,0.4036,0.4047,7.341176470588235
113.251,48.449,48.45200989999994,0.4036,0.4047,7.482352941176471
113.301,49.011,48.45200989999994,0.4036,0.4047,7.105882352941176
113.351,48.987,48.457641848936056,0.4035,0.4047,7.105882352941176
113.401,48.938,48.457641848936056,0.4035,0.4047,-7.247058823529412
113.451,49.548,48.45245349999994,0.4035,0.4047,-7.247058823529412
113.501,48.962,48.45245349999994,0.4035,0.4047,-7.247058823529412
113.551,48.84,48.46362339787238,0.4033,0.4047,-7.482352941176471
113.601,48.205,48.46362339787238,0.4033,0.4047,-7.482352941176471
113.651,47.643,48.453116699999946,0.4033,0.4047,-7.2
113.701,47.937,48.453116699999946,0.4032,0.4047,-7.2
113.751,47.912,48.4580673559633,0.4032,0.4047,7.341176470588235
113.801,47.937,48.4580673559633,0.4032,0.4047,7.247058823529412
113.851,47.888,48.453621199999944,0.4032,0.4047,7.247058823529412
113.901,48.352,48.453621199999944,0.4032,0.4047,7.247058823529412
113.951,48.425,48.45376219999994,0.4032,0.4047,7.247058823529412
114.001,48.62,48.45385519999994,0.4032,0.4047,7.105882352941176
114.051,49.084,48.45385519999994,0.4032,0.4047,7.105882352941176
114.103,49.28,48.45399619999994,0.4032,0.4047,-7.105882352941176
114.152,49.695,48.45399619999994,0.4031,0.4047,-7.105882352941176
114.202,48.718,48.46519429787238,0.403,0.4047,-7.3882352941176475
114.252,49.109,48.45466139999994,0.403,0.4047,-7.3882352941176475
114.302,48.791,48.45466139999994,0.4029,0.4047,-7.152941176470589
114.352,48.474,48.46034974893606,0.4029,0.4047,-7.152941176470589
114.402,47.863,48.46034974893606,0.4029,0.4047,-7.2
114.452,47.79,48.460024855963226,0.4028,0.4047,-7.2
114.502,47.717,48.460024855963226,0.4028,0.4047,7.294117647058823
114.552,47.595,48.45561629999994,0.4028,0.4047,7.294117647058823
114.602,47.839,48.45561629999994,0.4027,0.4047,7.294117647058823
114.652,48.156,48.46132344893606,0.4027,0.4047,7.3882352941176475
114.702,48.62,48.45612829999994,0.4027,0.4047,7.3882352941176475
114.752,48.816,48.45612829999994,0.4026,0.4047,7.152941176470589
114.802,49.06,48.46184484893616,0.4026,0.4047,-7.105882352941176
114.852,49.158,48.46184484893616,0.4026,0.4047,-7.105882352941176
114.902,48.84,48.46225164893606,0.4025,0.4047,-7.294117647058823
114.952,48.498,48.457068899999946,0.4025,0.4047,-7.294117647058823
115.002,48.205,48.457068899999946,0.4023,0.4047,-7.2
115.052,48.132,48.4738613468086,0.4022,0.4047,0.0
115.102,48.132,48.4738613468086,0.4022,0.4047,0.0
115.152,47.912,48.46919599787218,0.402,0.4047,7.2
115.202,48.034,48.458725099999945,0.402,0.4047,7.2
115.252,48.156,48.458725099999945,0.4019,0.4047,7.247058823529412
115.302,48.694,48.46450744893616,0.4019,0.4047,7.2
115.352,48.864,48.46450744893616,0.4018,0.4047,7.2
115.402,48.987,48.470508597872175,0.4017,0.4047,-7.152941176470589
115.452,48.913,48.46832701612899,0.4016,0.4047,-7.152941176470589
115.502,49.084,48.46832701612899,0.4015,0.4047,-7.247058823529412
115.552,49.182,48.466082448936156,0.4015,0.4047,-7.247058823529412
115.602,48.718,48.466082448936156,0.4014,0.4047,-7.247058823529412
115.652,48.181,48.466592648936064,0.4014,0.4047,-7.341176470588235
115.702,47.546,48.46974881612899,0.4013,0.4047,-7.341176470588235
115.752,47.619,48.46974881612899,0.4012,0.4047,7.152941176470589
115.802,47.888,48.46753244893616,0.4012,0.4047,7.3882352941176475
115.852,47.79,48.46753244893616,0.401,0.4047,7.3882352941176475
115.902,48.523,48.47359939787217,0.401,0.4047,7.294117647058823
115.952,48.205,48.47359939787217,0.401,0.4047,7.294117647058823
116.002,48.767,48.47775856789003,0.4007,0.4047,0.0
116.052,48.84,48.47775856789003,0.4005,0.4047,7.152941176470589
116.104,49.011,48.48095874680829,0.4004,0.4047,7.152941176470589
116.153,49.133,48.48095874680829,0.4004,0.4047,-7.2
116.203,49.109,48.46546999999995,0.4004,0.4047,-7.2
116.253,48.645,48.46546999999995,0.4003,0.4047,-7.294117647058823
116.303,48.913,48.47140274893616,0.4003,0.4047,-7.294117647058823
116.353,48.547,48.47140274893616,0.4002,0.4047,-7.294117647058823
116.403,48.205,48.47202574893606,0.4002,0.4047,-7.247058823529412
116.453,48.083,48.48352703225803,0.4,0.4047,-7.247058823529412
116.503,47.79,48.48352703225803,0.3999,0.4047,7.152941176470589
116.553,48.034,48.47336834893616,0.3999,0.4047,7.152941176470589
116.603,47.961,48.47336834893616,0.3999,0.4047,7.341176470588235
116.653,48.62,48.47402894893606,0.3998,0.4047,7.341176470588235
116.703,48.474,48.46901359999995,0.3998,0.4047,7.247058823529412
116.753,48.547,48.46901359999995,0.3997,0.4047,7.247058823529412
116.803,49.011,48.480531297872375,0.3996,0.4047,0.0
116.853,49.06,48.480531297872375,0.3995,0.4047,0.0
116.903,48.987,48.47590094893606,0.3995,0.4047,-7.247058823529412
116.953,49.109,48.47090419999994,0.3995,0.4047,-7.247058823529412
117.003,49.328,48.47090419999994,0.3994,0.4047,-7.247058823529412
117.053,48.694,48.47692154893616,0.3994,0.4047,-7.294117647058823
117.103,48.156,48.47692154893616,0.3994,0.4047,-7.294117647058823
117.153,48.107,48.47762914893606,0.3993,0.4047,-7.152941176470589
117.203,47.717,48.489186232258035,0.3991,0.4047,-7.152941176470589
117.253,47.619,48.489186232258035,0.3991,0.4047,7.2
117.303,47.839,48.47911214893616,0.399,0.4047,7.341176470588235
117.353,47.741,48.47911214893616,0.399,0.4047,7.341176470588235
117.403,48.327,48.474328799999945,0.399,0.4047,7.294117647058823
117.453,48.376,48.47468219999995,0.399,0.4047,7.294117647058823
117.503,48.791,48.47468219999995,0.3989,0.4047,7.105882352941176
117.553,48.962,48.4918036468086,0.3987,0.4047,7.105882352941176
117.603,49.353,48.4918036468086,0.3986,0.4047,7.105882352941176
117.653,49.573,48.48193874893606,0.3986,0.4047,-7.247058823529412
117.703,49.182,48.47699779999994,0.3986,0.4047,-7.247058823529412
117.753,49.353,48.47699779999994,0.3985,0.4047,-7.482352941176471
117.803,48.596,48.483099748936155,0.3985,0.4047,-7.482352941176471
117.853,48.816,48.483099748936155,0.3983,0.4047,-7.3882352941176475
117.903,48.327,48.48942049787218,0.3983,0.4047,-7.3882352941176475
117.953,48.156,48.479178999999945,0.3983,0.4047,-7.2
118.003,47.888,48.479178999999945,0.3982,0.4047,7.105882352941176
118.053,48.132,48.49083769787237,0.3981,0.4047,7.105882352941176
118.105,47.961,48.49083769787237,0.398,0.4047,7.294117647058823
118.154,48.181,48.48634834893606,0.398,0.4047,7.294117647058823
118.204,48.156,48.48971531612899,0.3979,0.4047,7.247058823529412
118.254,48.987,48.48971531612899,0.3978,0.4047,7.152941176470589
118.304,49.035,48.487818548936154,0.3978,0.4047,7.152941176470589
118.354,49.377,48.487818548936154,0.3977,0.4047,-7.247058823529412
118.404,49.231,48.48867654893606,0.3977,0.4047,-7.247058823529412
118.454,49.377,48.49206211612899,0.3976,0.4047,-7.3882352941176475
118.504,49.035,48.49206211612899,0.3975,0.4047,-7.341176470588235
118.554,48.84,48.49572209787238,0.3974,0.4047,-7.341176470588235
118.604,48.156,48.49572209787238,0.3973,0.4047,-7.247058823529412
118.654,47.643,48.49682709787218,0.3972,0.4047,-7.247058823529412
118.704,47.888,48.511465948387084,0.3969,0.4047,7.2
118.754,48.034,48.511465948387084,0.3969,0.4047,7.2
118.804,47.912,48.48800559999994,0.3969,0.4047,7.294117647058823
118.854,48.205,48.48800559999994,0.3969,0.4047,7.294117647058823
118.904,48.62,48.49426734893606,0.3968,0.4047,7.294117647058823
118.954,49.328,48.48943799999994,0.3968,0.4047,7.294117647058823
119.004,49.206,48.48943799999994,0.3967,0.4047,-7.105882352941176
119.054,49.158,48.512294795744815,0.3964,0.4047,-7.3882352941176475
119.104,48.913,48.512294795744815,0.3964,0.4047,-7.3882352941176475
119.154,49.255,48.49732694893606,0.3963,0.4047,-7.294117647058823
119.204,48.376,48.49252859999994,0.3963,0.4047,-7.294117647058823
119.254,48.327,48.49252859999994,0.3963,0.4047,-7.341176470588235
119.304,48.278,48.49331819999994,0.3963,0.4047,-7.341176470588235
119.354,47.863,48.49331819999994,0.3961,0.4047,7.105882352941176
119.404,47.912,48.50516489787218,0.3961,0.4047,7.105882352941176
119.454,48.376,48.49505979999994,0.3961,0.4047,7.294117647058823
119.504,47.863,48.49505979999994,0.396,0.4047,7.294117647058823
119.554,48.913,48.50692529787238,0.3959,0.4047,7.105882352941176
119.604,48.669,48.50692529787238,0.3959,0.4047,7.105882352941176
119.654,48.864,48.50264274893606,0.3958,0.4047,-7.2
119.704,49.133,48.49787539999995,0.3958,0.4047,-7.2
119.754,48.913,48.49787539999995,0.3958,0.4047,-7.2
119.804,48.62,48.49871199999994,0.3958,0.4047,-7.2
119.854,48.4,48.49871199999994,0.3958,0.4047,-7.2
119.904,48.205,48.51060569787218,0.3956,0.4047,-7.2
119.954,47.741,48.500531599999945,0.3956,0.4047,7.105882352941176
120.004,47.814,48.500531599999945,0.3956,0.4047,7.105882352941176
120.054,47.839,48.4903299021275,0.3958,0.4047,7.341176470588235
120.106,47.985,48.4903299021275,0.3958,0.4047,7.294117647058823
120.155,48.596,48.50193829999994,0.3958,0.4047,7.294117647058823
120.205,48.962,48.50193829999994,0.3955,0.4047,7.294117647058823
120.255,49.206,48.519360546808585,0.3955,0.4047,-7.105882352941176
120.305,49.255,48.519360546808585,0.3955,0.4047,-7.105882352941176
120.355,48.62,48.504267899999945,0.3955,0.4047,-7.294117647058823
120.405,48.523,48.480026151612805,0.3958,0.4047,-7.294117647058823
120.455,48.864,48.480026151612805,0.3958,0.4047,-7.105882352941176
120.505,48.254,48.505056299999936,0.3958,0.4047,0.0
120.555,48.23,48.505056299999936,0.3959,0.4047,0.0
120.605,48.156,48.50036435106383,0.3959,0.4047,7.152941176470589
120.655,48.107,48.50622909999994,0.3959,0.4047,7.152941176470589
120.705,48.278,48.50622909999994,0.3959,0.4047,7.2
120.755,48.547,48.50705629999993,0.3959,0.4047,7.2
120.805,48.962,48.50705629999993,0.3959,0.4047,7.2
120.855,49.109,48.50235495106382,0.396,0.4047,0.0
120.905,49.109,48.50235495106382,0.396,0.4047,0.0
120.955,49.035,48.50862239999994,0.396,0.4047,-7.294117647058823
121.005,49.255,48.50862239999994,0.396,0.4047,-7.294117647058823
121.055,49.28,48.514968748936155,0.3959,0.4047,-7.294117647058823
121.105,48.254,48.514968748936155,0.3959,0.4047,-7.341176470588235
121.155,49.084,48.51060879999994,0.3959,0.4047,-7.341176470588235
121.205,48.132,48.51060879999994,0.3959,0.4047,7.152941176470589
121.255,48.059,48.51696454893615,0.3958,0.4047,-7.294117647058823
121.305,48.156,48.51696454893615,0.3958,0.4047,-7.294117647058823
121.355,47.912,48.51248199999994,0.3958,0.4047,7.247058823529412
121.405,48.205,48.51248199999994,0.3956,0.4047,7.247058823529412
121.455,47.937,48.523048211926515,0.3956,0.4047,7.294117647058823
121.505,48.913,48.523048211926515,0.3956,0.4047,7.152941176470589
121.555,48.889,48.514729299999935,0.3956,0.4047,7.152941176470589
121.605,48.913,48.514729299999935,0.3956,0.4047,-7.2
121.655,48.962,48.52051925596323,0.3955,0.4047,-7.2
121.705,48.718,48.52051925596323,0.3955,0.4047,-7.2
121.755,48.669,48.51679689999993,0.3955,0.4047,-7.247058823529412
121.805,48.596,48.51679689999993,0.3954,0.4047,-7.247058823529412
121.855,47.79,48.52319024893606,0.3954,0.4047,-7.105882352941176
121.905,47.619,48.52319024893606,0.3954,0.4047,-7.105882352941176
121.955,47.766,48.52368285596323,0.3953,0.4047,7.341176470588235
122.005,47.888,48.52368285596323,0.3953,0.4047,7.3882352941176475
122.055,48.059,48.52550784893616,0.3952,0.4047,7.3882352941176475
122.107,47.937,48.52550784893616,0.3952,0.4047,7.294117647058823
122.156,48.474,48.52122419999994,0.3952,0.4047,7.294117647058823
122.206,47.448,48.52122419999994,0.3952,0.4047,7.294117647058823
122.256,49.06,48.52211719999993,0.3952,0.4047,0.0
122.306,49.06,48.52211719999993,0.3952,0.4047,0.0
122.356,48.987,48.52853874893606,0.3951,0.4047,-7.247058823529412
122.406,48.791,48.52381479999994,0.3951,0.4047,-7.247058823529412
122.456,49.182,48.52381479999994,0.3951,0.4047,-7.247058823529412
122.506,48.23,48.524717199999934,0.3951,0.4047,-7.152941176470589
122.556,48.694,48.524717199999934,0.3951,0.4047,-7.152941176470589
122.606,48.181,48.52561959999994,0.3951,0.4047,7.152941176470589
122.656,48.205,48.52621479999994,0.3951,0.4047,7.152941176470589
122.706,47.961,48.52621479999994,0.3952,0.4047,7.2
122.756,48.4,48.521588651063716,0.3952,0.4047,7.2
122.806,48.669,48.521588651063716,0.3953,0.4047,7.2
122.856,49.304,48.522272251063825,0.3953,0.4047,7.105882352941176
122.906,49.28,48.52817419999994,0.3953,0.4047,7.105882352941176
122.956,49.304,48.52817419999994,0.3953,0.4047,-7.341176470588235
123.006,49.524,48.52905779999993,0.3953,0.4047,-7.341176470588235
123.056,49.524,48.52905779999993,0.3954,0.4047,-7.341176470588235
123.106,48.596,48.52441285106383,0.3954,0.4047,-7.435294117647059
123.156,49.304,48.522037883870894,0.3955,0.4047,-7.435294117647059
123.206,48.425,48.522037883870894,0.3955,0.4047,-7.105882352941176
123.256,48.254,48.530967199999935,0.3955,0.4047,-7.341176470588235
123.306,47.985,48.530967199999935,0.3956,0.4047,-7.341176470588235
123.356,47.912,48.51524635319159,0.3958,0.4047,7.152941176470589
123.406,47.961,48.53175559999994,0.3958,0.4047,7.152941176470589
123.456,48.01,48.53175559999994,0.3959,0.4047,7.294117647058823
123.506,48.083,48.52706365106371,0.3959,0.4047,7.294117647058823
123.556,48.4,48.52706365106371,0.3959,0.4047,7.294117647058823
123.606,48.596,48.52215290212771,0.3961,0.4047,7.247058823529412
123.656,48.987,48.525053683870894,0.3962,0.4047,7.247058823529412
123.706,49.451,48.525053683870894,0.3962,0.4047,-7.105882352941176
123.756,49.597,48.528388651063715,0.3963,0.4047,-7.247058823529412
123.806,49.28,48.528388651063715,0.3963,0.4047,-7.247058823529412
123.856,49.158,48.53449739999994,0.3963,0.4047,-7.482352941176471
123.906,48.669,48.53501819999994,0.3963,0.4047,-7.482352941176471
123.956,48.327,48.53501819999994,0.3964,0.4047,-7.294117647058823
124.006,47.546,48.53027925106372,0.3964,0.4047,-7.105882352941176
124.056,48.156,48.53027925106372,0.3964,0.4047,-7.105882352941176
124.108,47.766,48.52532150212771,0.3966,0.4047,7.435294117647059
124.157,48.083,48.53646199999994,0.3966,0.4047,7.435294117647059
124.207,48.254,48.53646199999994,0.3967,0.4047,7.341176470588235
124.257,47.985,48.5261663021275,0.3968,0.4047,7.341176470588235
124.307,48.132,48.5261663021275,0.3968,0.4047,7.152941176470589
124.357,48.816,48.53754719999994,0.3968,0.4047,7.152941176470589
124.407,48.913,48.53803699999994,0.3968,0.4047,7.2
124.457,49.255,48.53803699999994,0.3968,0.4047,7.2
124.507,49.719,48.533251051063715,0.3969,0.4047,-7.2
124.557,49.695,48.533251051063715,0.3969,0.4047,-7.2
124.607,49.109,48.533774851063825,0.397,0.4047,-7.482352941176471
124.657,49.158,48.53957139999994,0.397,0.4047,-7.482352941176471
124.707,48.596,48.53957139999994,0.397,0.4047,-7.294117647058823
124.757,48.718,48.54029519999993,0.397,0.4047,-7.294117647058823
124.807,48.205,48.54029519999993,0.397,0.4047,-7.294117647058823
124.857,48.303,48.54101899999994,0.397,0.4047,-7.105882352941176
124.907,47.912,48.54149639999994,0.397,0.4047,-7.105882352941176
124.957,47.766,48.54149639999994,0.397,0.4047,7.152941176470589
125.007,47.912,48.53669165106371,0.3971,0.4047,7.294117647058823
125.057,47.985,48.53669165106371,0.397,0.4047,7.294117647058823
125.107,47.888,48.54272519999994,0.3971,0.4047,7.294117647058823
125.157,48.645,48.534925683870895,0.3972,0.4047,7.294117647058823
125.207,48.84,48.534925683870895,0.3972,0.4047,7.294117647058823
125.257,49.035,48.54369519999993,0.3972,0.4047,7.294117647058823
125.307,49.231,48.54369519999993,0.3972,0.4047,-7.152941176470589
125.357,48.987,48.54440019999994,0.3972,0.4047,-7.152941176470589
125.407,48.791,48.52832376774185,0.3974,0.4047,-7.294117647058823
125.457,49.109,48.52832376774185,0.3975,0.4047,-7.247058823529412
125.507,48.889,48.539610451063716,0.3975,0.4047,-7.247058823529412
125.557,47.937,48.539610451063716,0.3975,0.4047,-7.294117647058823
125.607,48.059,48.54007785106383,0.3976,0.4047,-7.294117647058823
125.657,47.814,48.54583719999994,0.3976,0.4047,7.294117647058823
125.707,48.01,48.54583719999994,0.3976,0.4047,7.247058823529412
125.757,48.034,48.5354475021275,0.3978,0.4047,7.247058823529412
125.807,48.327,48.5354475021275,0.3978,0.4047,7.247058823529412
125.857,48.913,48.54673439999994,0.3978,0.4047,7.247058823529412
125.907,48.913,48.54716219999994,0.3978,0.4047,7.152941176470589
125.957,49.231,48.54716219999994,0.3979,0.4047,-7.2
126.007,48.645,48.53675370212749,0.398,0.4047,-7.2
126.057,49.182,48.53675370212749,0.398,0.4047,-7.294117647058823
126.109,48.694,48.54337254545451,0.3981,0.4047,-7.294117647058823
126.158,48.791,48.54337254545451,0.3981,0.4047,-7.294117647058823
126.208,47.839,48.54853179999994,0.3981,0.4047,-7.105882352941176
126.258,48.4,48.54853179999994,0.3982,0.4047,-7.105882352941176
126.308,47.741,48.5380951021275,0.3983,0.4047,7.341176470588235
126.358,48.23,48.5380951021275,0.3986,0.4047,7.341176470588235
126.408,48.547,48.525440720183504,0.3988,0.4047,7.341176470588235
126.458,48.645,48.525440720183504,0.3988,0.4047,7.152941176470589
126.508,48.449,48.54893109999993,0.3988,0.4047,7.152941176470589
126.558,48.913,48.54893109999993,0.3989,0.4047,-7.105882352941176
126.608,48.278,48.53842860212771,0.399,0.4047,-7.105882352941176
126.658,48.669,48.54942029999994,0.399,0.4047,-7.2
126.708,48.718,48.54942029999994,0.399,0.4047,7.152941176470589
126.758,48.62,48.54995609999993,0.399,0.4047,7.152941176470589
126.808,48.376,48.54995609999993,0.399,0.4047,-7.105882352941176
126.858,49.255,48.536313736363645,0.3993,0.4047,-7.105882352941176
126.908,48.474,48.536313736363645,0.3993,0.4047,7.105882352941176
126.958,48.425,48.55045229999994,0.3993,0.4047,-7.341176470588235
127.008,48.669,48.55045229999994,0.3994,0.4047,-7.341176470588235
127.058,48.205,48.5399028021275,0.3995,0.4047,7.105882352941176
127.108,47.79,48.55086869999994,0.3995,0.4047,7.105882352941176
127.158,48.425,48.55086869999994,0.3996,0.4047,7.2
127.208,48.62,48.545766655913965,0.3996,0.4047,7.341176470588235
127.258,48.791,48.545766655913965,0.3997,0.4047,7.341176470588235
127.308,48.962,48.540565302127504,0.3998,0.4047,-7.105882352941176
127.358,48.645,48.551512299999935,0.3998,0.4047,-7.105882352941176
127.408,49.06,48.551512299999935,0.3999,0.4047,-7.2
127.458,49.109,48.52962542365603,0.4002,0.4047,-7.105882352941176
127.508,48.547,48.52962542365603,0.4002,0.4047,-7.105882352941176
127.558,48.523,48.55155379999994,0.4002,0.4047,-7.294117647058823
127.608,48.23,48.55155379999994,0.4002,0.4047,-7.294117647058823
127.658,47.888,48.55204429999994,0.4002,0.4047,0.0
127.708,48.034,48.55204429999994,0.4002,0.4047,7.2
127.758,48.01,48.55246729999993,0.4002,0.4047,7.2
127.808,48.181,48.55246729999993,0.4002,0.4047,7.247058823529412
127.858,48.376,48.547361751063825,0.4003,0.4047,7.247058823529412
127.908,48.01,48.55295369999994,0.4003,0.4047,7.2
127.958,48.938,48.55295369999994,0.4004,0.4047,7.105882352941176
128.008,49.133,48.542310202127496,0.4005,0.4047,7.105882352941176
128.058,49.475,48.542310202127496,0.4005,0.4047,-7.2
128.11,49.28,48.55341049999994,0.4005,0.4047,-7.2
128.159,49.353,48.55341049999994,0.4007,0.4047,-7.3882352941176475
128.209,49.011,48.542629811827986,0.4007,0.4047,-7.341176470588235
128.259,48.571,48.542629811827986,0.4007,0.4047,-7.341176470588235
128.309,48.23,48.55375849999994,0.4007,0.4047,-7.247058823529412
128.359,48.449,48.55401049999994,0.4007,0.4047,-7.247058823529412
128.409,47.643,48.55401049999994,0.4007,0.4047,7.2
128.459,47.839,48.537625567742005,0.401,0.4047,7.105882352941176
128.509,48.181,48.537625567742005,0.401,0.4047,7.105882352941176
128.559,48.303,48.55410239999994,0.401,0.4047,7.341176470588235
128.609,48.425,48.55433549999994,0.401,0.4047,7.341176470588235
128.659,48.913,48.55433549999994,0.4011,0.4047,7.152941176470589
128.709,48.938,48.543508311827985,0.4012,0.4047,7.105882352941176
128.759,49.353,48.543508311827985,0.4013,0.4047,7.105882352941176
128.809,49.719,48.5435329021275,0.4014,0.4047,-7.2
128.859,49.084,48.55437909999994,0.4014,0.4047,-7.2
128.909,48.938,48.55437909999994,0.4014,0.4047,-7.482352941176471
128.959,49.67,48.54910035591396,0.4015,0.4047,-7.247058823529412
129.009,48.23,48.54910035591396,0.4015,0.4047,-7.247058823529412
129.059,48.571,48.554777499999936,0.4015,0.4047,-7.482352941176471
129.109,48.4,48.55497909999994,0.4015,0.4047,-7.482352941176471
129.159,47.985,48.55497909999994,0.4015,0.4047,0.0
129.209,48.278,48.55527669999994,0.4015,0.4047,7.105882352941176
129.259,48.01,48.55527669999994,0.4016,0.4047,7.105882352941176
129.309,48.254,48.5445204021275,0.4017,0.4047,7.152941176470589
129.359,48.352,48.55534769999994,0.4017,0.4047,7.152941176470589
129.409,48.816,48.55534769999994,0.4018,0.4047,7.152941176470589
129.459,49.133,48.550041055913965,0.4018,0.4047,7.152941176470589
129.509,48.962,48.550041055913965,0.4019,0.4047,7.152941176470589
129.559,49.499,48.544632902127496,0.402,0.4047,-7.294117647058823
129.609,49.646,48.54729849206345,0.4021,0.4047,-7.294117647058823
129.659,49.475,48.54729849206345,0.4021,0.4047,-7.435294117647059
129.709,49.206,48.544305511827986,0.4023,0.4047,-7.435294117647059
129.759,48.767,48.544305511827986,0.4023,0.4047,-7.3882352941176475
129.809,48.303,48.55528379999994,0.4023,0.4047,-7.3882352941176475
129.859,48.523,48.547292192063445,0.4024,0.4047,-7.152941176470589
129.909,47.888,48.547292192063445,0.4024,0.4047,-7.152941176470589
129.959,47.839,48.55544259999994,0.4024,0.4047,0.0
130.009,47.863,48.55544259999994,0.4026,0.4047,0.0
130.059,47.863,48.53907315319128,0.4027,0.4047,7.341176470588235
130.111,47.741,48.547013792063446,0.4028,0.4047,7.341176470588235
130.16,47.79,48.547013792063446,0.4028,0.4047,7.294117647058823
130.21,48.425,48.55512699999994,0.4028,0.4047,7.341176470588235
130.26,48.571,48.55512699999994,0.4028,0.4047,7.341176470588235
130.31,49.084,48.55530559999994,0.4028,0.4047,7.105882352941176
130.36,49.084,48.547282492063445,0.4029,0.4047,7.105882352941176
130.41,49.28,48.547282492063445,0.403,0.4047,-7.247058823529412
130.46,48.742,48.54980075591396,0.403,0.4047,-7.247058823529412
130.51,48.889,48.54980075591396,0.4031,0.4047,-7.341176470588235
130.56,49.255,48.544279802127505,0.4032,0.4047,-7.341176470588235
130.61,48.816,48.53058417619045,0.4035,0.4047,-7.2
130.66,48.254,48.53058417619045,0.4036,0.4047,-7.341176470588235
130.71,48.083,48.54891965591396,0.4036,0.4047,-7.341176470588235
130.76,47.79,48.54891965591396,0.4037,0.4047,7.152941176470589
130.81,48.059,48.54887085106372,0.4037,0.4047,7.152941176470589
130.86,48.156,48.55425299999994,0.4037,0.4047,7.341176470588235
130.91,48.059,48.55425299999994,0.4038,0.4047,7.247058823529412
130.96,48.791,48.54876035591396,0.4038,0.4047,7.247058823529412
131.01,48.913,48.54876035591396,0.4038,0.4047,7.247058823529412
131.06,49.304,48.55422129999994,0.4038,0.4047,7.247058823529412
131.11,49.231,48.55427799999994,0.4038,0.4047,-7.2
131.16,49.475,48.55427799999994,0.4038,0.4047,-7.341176470588235
131.21,49.499,48.54877605591396,0.4039,0.4047,-7.341176470588235
131.26,48.913,48.54877605591396,0.4039,0.4047,-7.3882352941176475
131.31,48.62,48.532113404255064,0.4043,0.4047,-7.3882352941176475
131.36,49.011,48.55341519999994,0.4043,0.4047,-7.2
131.41,48.01,48.55341519999994,0.4043,0.4047,-7.2
131.46,47.937,48.547866755913965,0.4044,0.4047,-7.247058823529412
131.51,47.839,48.547866755913965,0.4044,0.4047,-7.247058823529412
131.56,47.546,48.55327129999994,0.4044,0.4047,7.294117647058823
131.61,47.766,48.55329019999994,0.4044,0.4047,7.294117647058823
131.66,47.497,48.55329019999994,0.4045,0.4047,7.435294117647059
131.71,48.107,48.54773245591396,0.4045,0.4047,7.435294117647059
131.76,48.376,48.54773245591396,0.4046,0.4047,7.435294117647059
131.81,48.889,48.54759905106372,0.4046,0.4047,7.435294117647059
131.86,49.011,48.544781692063445,0.4047,0.4047,7.105882352941176
131.91,49.231,48.544781692063445,0.4047,0.4047,7.105882352941176
131.96,49.451,48.54713255591396,0.4048,0.4047,-7.247058823529412
132.01,49.328,48.54713255591396,0.4048,0.4047,-7.247058823529412
132.06,49.524,48.55249949999994,0.4048,0.4047,-7.3882352941176475
132.112,49.158,48.55249319999994,0.4048,0.4047,-7.435294117647059
132.161,48.987,48.55249319999994,0.4048,0.4047,-7.435294117647059
132.211,48.376,48.55248389999994,0.4048,0.4047,-7.294117647058823
132.261,47.79,48.55248389999994,0.4048,0.4047,-7.294117647058823
132.311,47.79,48.55247449999994,0.4048,0.4047,7.105882352941176
132.361,48.059,48.552468199999936,0.4048,0.4047,7.105882352941176
132.411,48.278,48.552468199999936,0.4048,0.4047,7.341176470588235
132.461,48.107,48.55245889999994,0.4048,0.4047,7.341176470588235
132.511,48.669,48.55245889999994,0.4049,0.4047,7.152941176470589
132.561,48.62,48.54769144545443,0.4049,0.4047,7.152941176470589
132.611,49.304,48.54769144545443,0.4049,0.4047,-7.105882352941176
132.661,48.889,48.54663265591396,0.405,0.4047,-7.105882352941176
132.711,49.328,48.54663265591396,0.405,0.4047,-7.105882352941176
132.761,48.767,48.55198079999994,0.405,0.4047,-7.2
132.811,48.254,48.55198079999994,0.4051,0.4047,-7.2
132.861,48.889,48.54719134545451,0.4051,0.4047,-7.152941176470589
132.911,48.083,48.54719134545451,0.4051,0.4047,7.152941176470589
132.961,47.985,48.55169959999994,0.4051,0.4047,7.152941176470589
133.011,48.01,48.55169959999994,0.4051,0.4047,7.247058823529412
133.061,48.156,48.551661999999936,0.4051,0.4047,7.247058823529412
133.111,48.742,48.55163679999994,0.4051,0.4047,7.247058823529412
133.161,48.694,48.55163679999994,0.4051,0.4047,7.2
133.211,49.206,48.54601395591396,0.4052,0.4047,7.2
133.261,48.889,48.54601395591396,0.4051,0.4047,-7.105882352941176
133.311,48.962,48.55609175454544,0.4051,0.4047,-7.105882352941176
133.361,49.597,48.55609175454544,0.405,0.4047,-7.2
133.411,48.938,48.557094744085916,0.405,0.4047,-7.2
133.461,49.402,48.557094744085916,0.4051,0.4047,-7.2
133.511,48.449,48.5406331021275,0.4052,0.4047,-7.2
133.561,47.814,48.5406331021275,0.4052,0.4047,-7.2
133.611,47.839,48.55121639999994,0.4052,0.4047,7.105882352941176
133.661,48.132,48.55121639999994,0.4052,0.4047,7.341176470588235
133.711,48.205,48.55116989999994,0.4052,0.4047,7.341176470588235
133.761,48.767,48.55116989999994,0.4052,0.4047,7.2
133.811,48.645,48.54635844545444,0.4053,0.4047,7.2
133.861,48.669,48.54635844545444,0.4053,0.4047,-7.152941176470589
133.911,49.084,48.545262455913964,0.4054,0.4047,-7.105882352941176
133.961,49.158,48.545262455913964,0.4054,0.4047,-7.105882352941176
134.011,48.498,48.55057299999994,0.4054,0.4047,-7.247058823529412
134.061,48.913,48.55057299999994,0.4054,0.4047,-7.247058823529412
134.113,48.425,48.55049599999994,0.4054,0.4047,-7.2
134.162,48.034,48.55049599999994,0.4054,0.4047,-7.2
134.212,47.961,48.55043089999994,0.4054,0.4047,-7.2
134.262,47.619,48.55043089999994,0.4053,0.4047,7.247058823529412
134.312,47.912,48.55511035454545,0.4053,0.4047,7.247058823529412
134.362,47.961,48.55511035454545,0.4053,0.4047,7.3882352941176475
134.412,48.01,48.55050909999994,0.4053,0.4047,7.294117647058823
134.462,48.474,48.55050909999994,0.4053,0.4047,7.294117647058823
134.512,48.791,48.555981248936156,0.4052,0.4047,7.247058823529412
134.562,49.231,48.55063059999994,0.4052,0.4047,7.247058823529412
134.612,49.402,48.55063059999994,0.4053,0.4047,-7.152941176470589
134.662,48.816,48.54499845591396,0.4053,0.4047,-7.294117647058823
134.712,48.694,48.54499845591396,0.4053,0.4047,-7.294117647058823
134.762,49.426,48.55031839999994,0.4053,0.4047,-7.152941176470589
134.812,48.23,48.55028059999994,0.4053,0.4047,-7.152941176470589
134.862,48.62,48.55028059999994,0.4054,0.4047,-7.3882352941176475
134.912,48.132,48.54463915591396,0.4054,0.4047,7.2
134.962,48.01,48.54463915591396,0.4054,0.4047,7.2
135.012,48.205,48.54994969999994,0.4054,0.4047,7.2
135.062,48.547,48.54990559999994,0.4054,0.4047,7.2
135.112,48.913,48.54990559999994,0.4055,0.4047,7.2
135.162,48.987,48.544254855913955,0.4055,0.4047,0.0
135.212,49.06,48.544254855913955,0.4056,0.4047,0.0
135.262,49.011,48.54402745106372,0.4056,0.4047,-7.247058823529412
135.312,48.571,48.54928989999994,0.4056,0.4047,-7.247058823529412
135.362,48.352,48.54928989999994,0.4056,0.4047,-7.247058823529412
135.412,48.694,48.54920619999994,0.4056,0.4047,0.0
135.462,48.669,48.54920619999994,0.4056,0.4047,0.0
135.512,48.694,48.54359305106372,0.4057,0.4047,-7.105882352941176
135.562,48.571,48.54884919999994,0.4057,0.4047,-7.105882352941176
135.612,48.474,48.54884919999994,0.4057,0.4047,-7.105882352941176
135.662,48.059,48.548756199999936,0.4057,0.4047,0.0
135.712,48.107,48.548756199999936,0.4057,0.4047,0.0
135.762,48.034,48.54866219999994,0.4057,0.4047,7.247058823529412
135.812,48.059,48.54859919999994,0.4057,0.4047,7.247058823529412
135.862,48.181,48.54859919999994,0.4057,0.4047,7.247058823529412
135.912,48.547,48.54850619999994,0.4057,0.4047,7.247058823529412
135.962,48.767,48.54850619999994,0.4056,0.4047,0.0
136.012,48.791,48.54841219999994,0.4057,0.4047,0.0
136.063,48.523,48.54834919999994,0.4057,0.4047,-7.152941176470589
136.114,48.938,48.54834919999994,0.4056,0.4047,-7.152941176470589
136.163,48.791,48.54825619999994,0.4057,0.4047,0.0
136.213,48.791,48.54825619999994,0.4057,0.4047,0.0
136.263,48.962,48.553690748936155,0.4056,0.4047,-7.152941176470589
136.313,49.035,48.54831489999994,0.4056,0.4047,-7.152941176470589
136.363,48.694,48.54831489999994,0.4056,0.4047,-7.2
136.413,47.912,48.54823119999994,0.4056,0.4047,-7.2
136.463,47.57,48.54823119999994,0.4055,0.4047,-7.105882352941176
136.513,47.473,48.55367514893616,0.4055,0.4047,-7.105882352941176
136.563,47.741,48.54830559999994,0.4055,0.4047,7.435294117647059
136.613,47.839,48.54830559999994,0.4054,0.4047,7.435294117647059
136.663,48.01,48.55381684408592,0.4054,0.4047,7.341176470588235
136.713,48.083,48.55381684408592,0.4055,0.4047,7.341176470588235
136.763,49.011,48.54837469999994,0.4054,0.4047,7.247058823529412
136.813,48.694,48.548330599999936,0.4054,0.4047,7.247058823529412
136.863,49.206,48.548330599999936,0.4054,0.4047,-7.247058823529412
136.913,48.889,48.55385114408592,0.4053,0.4047,-7.247058823529412
136.963,48.791,48.55385114408592,0.4053,0.4047,-7.294117647058823
137.013,48.767,48.54288985106372,0.4054,0.4047,-7.294117647058823
137.063,48.498,48.54816489999994,0.4054,0.4047,-7.152941176470589
137.113,48.107,48.54816489999994,0.4055,0.4047,-7.152941176470589
137.163,47.863,48.54809979999994,0.4054,0.4047,0.0
137.213,47.912,48.54809979999994,0.4054,0.4047,0.0
137.263,47.888,48.54250545106372,0.4055,0.4047,7.294117647058823
137.313,48.205,48.54777419999994,0.4055,0.4047,7.294117647058823
137.363,47.912,48.54777419999994,0.4055,0.4047,7.294117647058823
137.413,48.181,48.54769979999994,0.4055,0.4047,7.294117647058823
137.463,48.913,48.54769979999994,0.4055,0.4047,7.294117647058823
137.513,48.987,48.54762459999994,0.4055,0.4047,7.294117647058823
137.563,49.231,48.54757419999994,0.4055,0.4047,-7.2
137.613,48.718,48.54757419999994,0.4055,0.4047,-7.2
137.663,49.182,48.53632851182798,0.4057,0.4047,-7.294117647058823
137.713,48.816,48.53632851182798,0.4057,0.4047,-7.294117647058823
137.763,48.84,48.55804429787238,0.4055,0.4047,-7.294117647058823
137.813,47.766,48.54735559999994,0.4055,0.4047,-7.294117647058823
137.863,48.254,48.54735559999994,0.4055,0.4047,-7.152941176470589
137.913,47.741,48.536109911827985,0.4057,0.4047,7.341176470588235
137.963,47.888,48.536109911827985,0.4057,0.4047,7.341176470588235
138.013,47.888,48.552297148936155,0.4056,0.4047,7.341176470588235
138.063,48.498,48.53877849206344,0.4057,0.4047,7.341176470588235
138.115,48.694,48.53877849206344,0.4057,0.4047,7.294117647058823
138.164,48.694,48.546621999999935,0.4057,0.4047,7.294117647058823
138.214,48.938,48.546621999999935,0.4056,0.4047,-7.105882352941176
138.264,49.133,48.55205654893616,0.4056,0.4047,-7.105882352941176
138.314,48.571,48.54668069999994,0.4056,0.4047,-7.2
138.364,48.23,48.54668069999994,0.4056,0.4047,-7.294117647058823
138.414,47.937,48.54659699999994,0.4056,0.4047,-7.294117647058823
138.464,48.181,48.54659699999994,0.4056,0.4047,7.2
138.514,48.156,48.54651239999994,0.4056,0.4047,7.2
138.564,48.352,48.54645569999994,0.4056,0.4047,7.2
138.614,48.474,48.54645569999994,0.4056,0.4047,7.2
138.664,49.035,48.54637199999994,0.4056,0.4047,7.2
138.714,48.816,48.54637199999994,0.4056,0.4047,7.105882352941176
138.764,49.573,48.55181594893616,0.4055,0.4047,7.105882352941176
138.814,49.353,48.54644639999994,0.4055,0.4047,-7.152941176470589
138.864,49.573,48.54644639999994,0.4055,0.4047,-7.152941176470589
138.914,49.695,48.54637199999994,0.4055,0.4047,-7.341176470588235
138.964,49.402,48.54637199999994,0.4053,0.4047,-7.341176470588235
139.014,49.109,48.557353897872375,0.4053,0.4047,-7.482352941176471
139.064,49.109,48.54667779999994,0.4053,0.4047,-7.482352941176471
139.114,48.059,48.54667779999994,0.4052,0.4047,-7.247058823529412
139.164,48.083,48.55220764408592,0.4052,0.4047,-7.247058823529412
139.214,48.01,48.55220764408592,0.4052,0.4047,7.247058823529412
139.264,48.23,48.54678429999994,0.4052,0.4047,7.247058823529412
139.314,48.107,48.55489560793643,0.4051,0.4047,7.247058823529412
139.364,48.449,48.55489560793643,0.405,0.4047,7.2
139.414,48.742,48.55250754408591,0.405,0.4047,7.2
139.464,49.06,48.55250754408591,0.4048,0.4047,7.105882352941176
139.514,49.255,48.55816009787238,0.4048,0.4047,7.105882352941176
139.564,49.621,48.54751549999994,0.4048,0.4047,-7.247058823529412
139.614,49.695,48.54751549999994,0.4047,0.4047,-7.341176470588235
139.664,49.768,48.55309184408591,0.4047,0.4047,-7.341176470588235
139.714,48.742,48.55309184408591,0.4045,0.4047,-7.482352941176471
139.764,48.816,48.55877259787238,0.4045,0.4047,-7.482352941176471
139.814,48.376,48.556289707936436,0.4044,0.4047,-7.152941176470589
139.864,48.23,48.556289707936436,0.4043,0.4047,-7.152941176470589
139.914,47.863,48.55396674408592,0.4043,0.4047,-7.152941176470589
139.964,47.888,48.55396674408592,0.4043,0.4047,7.2
140.014,47.961,48.54863439999994,0.4043,0.4047,7.2
140.064,48.205,48.54863439999994,0.4042,0.4047,7.294117647058823
140.116,48.327,48.55420054893616,0.4042,0.4047,7.294117647058823
140.165,48.547,48.55420054893616,0.4042,0.4047,7.294117647058823
140.215,48.62,48.554513544085914,0.4041,0.4047,7.152941176470589
140.265,49.206,48.54917499999994,0.4041,0.4047,7.152941176470589
140.315,49.353,48.54917499999994,0.4041,0.4047,-7.105882352941176
140.365,49.621,48.54923139999994,0.4041,0.4047,-7.294117647058823
140.415,49.475,48.54923139999994,0.4041,0.4047,-7.294117647058823
140.465,49.133,48.54928719999994,0.4041,0.4047,-7.482352941176471
140.515,48.694,48.54932499999994,0.4041,0.4047,-7.482352941176471
140.565,48.352,48.54932499999994,0.4041,0.4047,-7.294117647058823
140.615,48.181,48.54938139999994,0.4041,0.4047,-7.105882352941176
140.665,48.278,48.54938139999994,0.4041,0.4047,-7.105882352941176
140.715,47.717,48.549437199999936,0.4041,0.4047,7.2
140.765,47.839,48.54947499999994,0.4041,0.4047,7.2
140.815,47.937,48.54947499999994,0.4041,0.4047,7.3882352941176475
140.865,48.107,48.54400285106372,0.4042,0.4047,7.341176470588235
140.915,48.474,48.54400285106372,0.4042,0.4047,7.341176470588235
140.965,48.742,48.54378285591396,0.4043,0.4047,7.2
141.015,49.011,48.54918439999994,0.4043,0.4047,7.2
141.065,49.426,48.54918439999994,0.4044,0.4047,-7.152941176470589
141.115,49.304,48.5381649021275,0.4045,0.4047,-7.247058823529412
141.165,49.158,48.5381649021275,0.4045,0.4047,-7.247058823529412
141.215,49.475,48.54323615591396,0.4046,0.4047,-7.341176470588235
141.265,48.962,48.548618799999936,0.4046,0.4047,-7.341176470588235
141.315,48.498,48.548618799999936,0.4046,0.4047,-7.3882352941176475
141.365,48.059,48.54862819999994,0.4046,0.4047,-7.2
141.415,47.888,48.54862819999994,0.4047,0.4047,-7.2
141.465,49.304,48.54305185591396,0.4047,0.4047,7.247058823529412
141.515,47.766,48.54842819999994,0.4047,0.4047,7.247058823529412
141.565,47.35,48.54842819999994,0.4048,0.4047,-7.341176470588235
141.615,48.034,48.54289965106372,0.4048,0.4047,7.341176470588235
141.665,47.814,48.54289965106372,0.4047,0.4047,7.341176470588235
141.715,47.985,48.54820949999994,0.4048,0.4047,7.247058823529412
141.765,48.4,48.54820319999994,0.4048,0.4047,7.247058823529412
141.815,48.694,48.54820319999994,0.4047,0.4047,7.294117647058823
141.865,49.109,48.553722348936155,0.4047,0.4047,7.105882352941176
141.915,49.109,48.553722348936155,0.4047,0.4047,7.105882352941176
141.965,49.451,48.54840319999994,0.4047,0.4047,-7.247058823529412
142.015,49.304,48.55654600793643,0.4046,0.4047,-7.247058823529412
142.065,48.816,48.55654600793643,0.4046,0.4047,-7.3882352941176475
142.117,48.376,48.54861889999994,0.4046,0.4047,-7.341176470588235
142.166,48.84,48.54861889999994,0.4045,0.4047,-7.341176470588235
142.216,48.376,48.554213844085915,0.4045,0.4047,7.105882352941176
142.266,48.376,48.55699290793644,0.4044,0.4047,7.105882352941176
142.316,48.4,48.55699290793644,0.4043,0.4047,7.105882352941176
142.366,48.547,48.554613148936156,0.4043,0.4047,7.105882352941176
142.416,48.84,48.554613148936156,0.4042,0.4047,7.105882352941176
142.466,49.06,48.56608813225787,0.404,0.4047,0.0
142.516,49.084,48.55000319999994,0.404,0.4047,0.0
142.566,49.206,48.55000319999994,0.4039,0.4047,-7.247058823529412
142.616,49.206,48.55559754893616,0.4039,0.4047,-7.247058823529412
142.666,48.938,48.55559754893616,0.4038,0.4047,-7.247058823529412
142.716,48.889,48.56152408817189,0.4037,0.4047,-7.294117647058823
142.766,48.889,48.55083439999994,0.4037,0.4047,-7.294117647058823
142.816,47.57,48.55083439999994,0.4036,0.4047,-7.2
142.866,48.083,48.573042595744816,0.4033,0.4047,-7.2
142.916,47.863,48.573042595744816,0.4032,0.4047,-7.2
142.966,47.595,48.55748184408591,0.4032,0.4047,7.247058823529412
143.016,47.888,48.560342807936436,0.4031,0.4047,7.247058823529412
143.066,48.132,48.560342807936436,0.4031,0.4047,7.435294117647059
143.116,48.254,48.55808524893616,0.403,0.4047,7.294117647058823
143.166,48.425,48.55808524893616,0.4029,0.4047,7.294117647058823
143.216,48.669,48.56968113225788,0.4027,0.4047,7.152941176470589
143.266,48.62,48.56996371587293,0.4025,0.4047,7.152941176470589
143.316,49.206,48.56996371587293,0.4022,0.4047,-7.105882352941176
143.366,49.719,48.5708831468086,0.4022,0.4047,-7.105882352941176
143.416,49.646,48.5708831468086,0.4022,0.4047,-7.294117647058823
143.466,48.84,48.55515819999994,0.4022,0.4047,-7.294117647058823
143.516,48.547,48.55531569999994,0.4022,0.4047,-7.482352941176471
143.566,48.083,48.55531569999994,0.4022,0.4047,-7.482352941176471
143.616,47.937,48.55555069999994,0.4022,0.4047,0.0
143.666,47.912,48.55555069999994,0.402,0.4047,0.0
143.716,46.911,48.57254013225788,0.4019,0.4047,7.294117647058823
143.766,47.766,48.564730307936436,0.4018,0.4047,7.294117647058823
143.816,47.985,48.564730307936436,0.4018,0.4047,7.670588235294118
143.866,48.694,48.55706639999994,0.4018,0.4047,7.341176470588235
143.916,48.864,48.55706639999994,0.4018,0.4047,7.341176470588235
143.966,49.206,48.55733609999994,0.4018,0.4047,-7.105882352941176
144.016,49.255,48.55751879999994,0.4018,0.4047,-7.105882352941176
144.066,48.742,48.55751879999994,0.4018,0.4047,-7.294117647058823
144.118,48.62,48.557791399999935,0.4018,0.4047,-7.341176470588235
144.167,48.083,48.557791399999935,0.4018,0.4047,-7.341176470588235
144.217,48.059,48.55806109999994,0.4018,0.4047,0.0
144.267,48.01,48.55824379999994,0.4018,0.4047,0.0
144.317,48.107,48.55824379999994,0.4019,0.4047,7.247058823529412
144.367,48.254,48.55298785106372,0.4019,0.4047,7.247058823529412
144.417,48.254,48.55298785106372,0.4019,0.4047,7.247058823529412
144.467,48.474,48.55298175591396,0.402,0.4047,7.152941176470589
144.517,48.694,48.55852819999994,0.402,0.4047,7.152941176470589
144.567,49.353,48.55852819999994,0.402,0.4047,7.105882352941176
144.617,49.328,48.55878199999994,0.402,0.4047,7.105882352941176
144.667,49.719,48.55878199999994,0.402,0.4047,-7.341176470588235
144.717,49.646,48.55903309999994,0.402,0.4047,-7.341176470588235
144.767,49.695,48.55920319999994,0.402,0.4047,-7.482352941176471
144.817,49.304,48.55920319999994,0.402,0.4047,-7.482352941176471
144.867,48.278,48.55945699999994,0.402,0.4047,-7.482352941176471
144.917,48.694,48.55945699999994,0.402,0.4047,-7.341176470588235
144.967,48.474,48.55975129999994,0.402,0.4047,-7.341176470588235
145.017,48.034,48.55975129999994,0.402,0.4047,-7.105882352941176
145.067,47.692,48.56553364893616,0.4019,0.4047,7.105882352941176
145.117,47.937,48.56553364893616,0.4019,0.4047,7.105882352941176
145.167,48.254,48.56047489999994,0.4019,0.4047,7.3882352941176475
145.217,47.985,48.56047489999994,0.4015,0.4047,7.3882352941176475
145.267,48.669,48.57980871818166,0.4015,0.4047,7.152941176470589
145.317,48.718,48.57980871818166,0.4015,0.4047,7.294117647058823
145.367,49.011,48.561927699999934,0.4015,0.4047,7.294117647058823
145.417,49.304,48.561927699999934,0.4015,0.4047,-7.105882352941176
145.467,49.377,48.573396588171896,0.4013,0.4047,-7.105882352941176
145.517,49.084,48.57100090793644,0.4012,0.4047,-7.341176470588235
145.567,48.962,48.57100090793644,0.4012,0.4047,-7.341176470588235
145.617,48.767,48.56339339999994,0.4012,0.4047,-7.247058823529412
145.667,48.327,48.56339339999994,0.4011,0.4047,-7.247058823529412
145.717,48.303,48.580475832257875,0.4009,0.4047,-7.152941176470589
145.767,48.156,48.58087181587293,0.4007,0.4047,-7.152941176470589
145.817,47.692,48.58087181587293,0.4006,0.4047,7.152941176470589
145.867,47.863,48.570903348936156,0.4006,0.4047,7.2
145.917,47.985,48.570903348936156,0.4004,0.4047,7.2
145.967,47.839,48.5771367881719,0.4004,0.4047,7.341176470588235
146.017,48.474,48.56665499999994,0.4004,0.4047,7.341176470588235
146.067,48.816,48.56665499999994,0.4003,0.4047,7.341176470588235
146.119,49.231,48.58917339574481,0.4,0.4047,-7.152941176470589
146.168,49.011,48.58917339574481,0.3997,0.4047,-7.152941176470589
146.218,48.962,48.5828032678898,0.3997,0.4047,-7.152941176470589
146.268,48.62,48.5828032678898,0.3997,0.4047,-7.2
146.318,48.23,48.586097446808594,0.3994,0.4047,-7.2
146.368,48.962,48.586097446808594,0.3994,0.4047,-7.2
146.418,47.888,48.57621854408592,0.3993,0.4047,7.2
146.468,48.083,48.57118239999994,0.3993,0.4047,7.2
146.518,48.01,48.57118239999994,0.3993,0.4047,7.341176470588235
146.568,48.181,48.57168999999993,0.3993,0.4047,7.247058823529412
146.618,48.889,48.57168999999993,0.3993,0.4047,7.247058823529412
146.668,48.767,48.577777844085915,0.3992,0.4047,7.2
146.718,49.182,48.57274799999994,0.3992,0.4047,7.2
146.768,49.255,48.57274799999994,0.3991,0.4047,-7.152941176470589
146.818,49.206,48.578793548936154,0.3991,0.4047,-7.294117647058823
146.868,49.231,48.578793548936154,0.3991,0.4047,-7.294117647058823
146.918,49.035,48.573995199999935,0.3991,0.4047,-7.294117647058823
146.968,49.035,48.57434799999994,0.3991,0.4047,-7.294117647058823
147.018,48.352,48.57434799999994,0.3991,0.4047,-7.247058823529412
147.068,48.205,48.574874399999935,0.3991,0.4047,-7.247058823529412
147.118,47.717,48.574874399999935,0.3991,0.4047,-7.247058823529412
147.168,45.324,48.57539519999994,0.3991,0.4047,7.2
147.218,48.01,48.57574799999994,0.3991,0.4047,7.2
147.268,47.912,48.57574799999994,0.3991,0.4047,8.282352941176471
147.318,48.156,48.57627439999993,0.3991,0.4047,7.294117647058823
147.368,49.06,48.57627439999993,0.3991,0.4047,7.294117647058823
147.418,49.06,48.576795199999935,0.3991,0.4047,7.2
147.468,49.304,48.57714799999994,0.3991,0.4047,7.2
147.518,49.499,48.57714799999994,0.3991,0.4047,-7.247058823529412
147.568,49.744,48.577674399999935,0.3991,0.4047,-7.341176470588235
147.618,49.084,48.577674399999935,0.3991,0.4047,-7.341176470588235
147.668,49.402,48.583780844085915,0.399,0.4047,-7.482352941176471
147.718,48.205,48.57876359999994,0.399,0.4047,-7.482352941176471
147.768,48.254,48.57876359999994,0.399,0.4047,-7.3882352941176475
147.818,48.23,48.58482794893615,0.3989,0.4047,7.2
147.868,48.23,48.58482794893615,0.3989,0.4047,7.2
147.918,48.352,48.580048199999936,0.3989,0.4047,7.2
147.968,48.889,48.58855640793643,0.3988,0.4047,7.2
148.018,48.889,48.58855640793643,0.3988,0.4047,7.152941176470589
148.068,48.987,48.58670304893615,0.3987,0.4047,7.152941176470589
148.12,49.451,48.58670304893615,0.3987,0.4047,-7.152941176470589
148.169,49.06,48.576356255913964,0.3988,0.4047,-7.152941176470589
148.219,49.304,48.590247107936435,0.3987,0.4047,-7.3882352941176475
148.269,48.62,48.590247107936435,0.3987,0.4047,-7.3882352941176475
148.319,48.425,48.58287459999993,0.3987,0.4047,-7.341176470588235
148.369,48.523,48.58287459999993,0.3987,0.4047,-7.341176470588235
148.419,48.132,48.58343259999994,0.3987,0.4047,7.105882352941176
148.469,48.352,48.59195340793644,0.3986,0.4047,7.105882352941176
148.519,48.523,48.59195340793644,0.3986,0.4047,7.247058823529412
148.569,48.205,48.58459029999993,0.3986,0.4047,7.152941176470589
148.619,48.669,48.58459029999993,0.3986,0.4047,7.152941176470589
148.669,49.06,48.590743244085914,0.3985,0.4047,7.2
148.719,49.353,48.585757499999936,0.3985,0.4047,7.2
148.769,49.67,48.585757499999936,0.3985,0.4047,-7.247058823529412
148.819,49.548,48.59186884893616,0.3984,0.4047,-7.247058823529412
148.869,49.597,48.59186884893616,0.3984,0.4047,-7.482352941176471
148.919,49.426,48.58713559999994,0.3984,0.4047,-7.482352941176471
148.969,48.889,48.59567530793643,0.3983,0.4047,-7.435294117647059
149.019,48.816,48.59567530793643,0.3981,0.4047,-7.435294117647059
149.069,48.889,48.59939749787237,0.3981,0.4047,-7.152941176470589
149.119,47.814,48.59939749787237,0.398,0.4047,-7.152941176470589
149.169,47.985,48.594958644085914,0.398,0.4047,-7.152941176470589
149.219,47.912,48.59000439999994,0.398,0.4047,-7.152941176470589
149.269,47.619,48.59000439999994,0.398,0.4047,7.294117647058823
149.319,47.814,48.59063419999993,0.398,0.4047,7.294117647058823
149.369,47.79,48.59063419999993,0.398,0.4047,7.294117647058823
149.419,48.4,48.59125729999994,0.398,0.4047,7.341176470588235
149.469,48.4,48.59167939999994,0.398,0.4047,7.341176470588235
149.519,48.694,48.59167939999994,0.398,0.4047,7.152941176470589
149.569,48.596,48.59230919999993,0.398,0.4047,7.152941176470589
149.619,49.011,48.59230919999993,0.398,0.4047,7.152941176470589
149.669,49.402,48.59293229999994,0.398,0.4047,0.0
149.719,49.426,48.585211592063445,0.3981,0.4047,0.0
149.769,49.475,48.585211592063445,0.3982,0.4047,-7.341176470588235
149.819,49.548,48.58823995106371,0.3982,0.4047,-7.3882352941176475
149.869,49.28,48.58823995106371,0.3982,0.4047,-7.3882352941176475
149.919,48.938,48.59416359999994,0.3982,0.4047,-7.435294117647059
149.969,49.035,48.602715907936435,0.3981,0.4047,-7.435294117647059
150.019,47.717,48.602715907936435,0.3982,0.4047,-7.2
150.069,48.23,48.58987125106371,0.3982,0.4047,-7.2
150.121,47.863,48.58987125106371,0.3982,0.4047,7.3882352941176475
150.17,48.376,48.59020925591396,0.3983,0.4047,7.3882352941176475
150.22,47.888,48.59598879999994,0.3983,0.4047,7.341176470588235
150.27,48.352,48.59598879999994,0.3983,0.4047,7.152941176470589
150.32,48.987,48.59659039999993,0.3983,0.4047,7.152941176470589
150.37,49.231,48.59659039999993,0.3983,0.4047,7.152941176470589
150.42,49.353,48.59159995591396,0.3984,0.4047,7.152941176470589
150.47,49.548,48.572944776190454,0.3987,0.4047,-7.294117647058823
150.52,49.646,48.572944776190454,0.3988,0.4047,-7.294117647058823
150.57,49.621,48.591789751063715,0.3988,0.4047,-7.435294117647059
150.62,49.646,48.591789751063715,0.3989,0.4047,-7.435294117647059
150.67,48.474,48.58648631182798,0.399,0.4047,-7.435294117647059
150.72,48.278,48.59759809999994,0.399,0.4047,-7.435294117647059
150.77,47.814,48.59759809999994,0.399,0.4047,7.105882352941176
150.82,47.888,48.59813389999994,0.399,0.4047,7.2
150.87,48.132,48.59813389999994,0.3991,0.4047,7.2
150.92,48.816,48.59307835591396,0.3991,0.4047,7.341176470588235
150.97,48.669,48.59066469206344,0.3992,0.4047,7.341176470588235
151.02,49.109,48.59066469206344,0.3992,0.4047,-7.152941176470589
151.07,48.742,48.599118199999936,0.3992,0.4047,-7.152941176470589
151.12,48.449,48.599118199999936,0.3992,0.4047,-7.247058823529412
151.17,49.109,48.59962969999994,0.3992,0.4047,-7.247058823529412
151.22,48.425,48.59997619999994,0.3992,0.4047,7.105882352941176
151.27,48.303,48.59997619999994,0.3993,0.4047,-7.247058823529412
151.32,48.034,48.59496465106372,0.3993,0.4047,-7.247058823529412
151.37,47.302,48.59496465106372,0.3994,0.4047,7.152941176470589
151.42,48.327,48.59520035591396,0.3994,0.4047,7.152941176470589
151.47,48.083,48.60091059999994,0.3994,0.4047,7.529411764705882
151.52,48.913,48.60091059999994,0.3994,0.4047,7.152941176470589
151.57,48.816,48.60140879999994,0.3994,0.4047,7.152941176470589
151.62,49.133,48.60140879999994,0.3994,0.4047,-7.152941176470589
151.67,49.255,48.601901699999935,0.3994,0.4047,-7.152941176470589
151.72,48.816,48.602235599999936,0.3994,0.4047,-7.247058823529412
151.77,49.158,48.602235599999936,0.3994,0.4047,-7.247058823529412
151.82,48.547,48.60273379999993,0.3994,0.4047,-7.152941176470589
151.87,48.01,48.60273379999993,0.3994,0.4047,-7.152941176470589
151.92,47.961,48.60322669999994,0.3994,0.4047,0.0
151.97,47.961,48.60356059999994,0.3994,0.4047,0.0
152.02,47.888,48.60356059999994,0.3994,0.4047,7.294117647058823
152.07,47.888,48.60405879999993,0.3994,0.4047,7.294117647058823
152.122,47.912,48.60405879999993,0.3994,0.4047,7.341176470588235
152.171,48.596,48.609434555963226,0.3993,0.4047,7.341176470588235
152.221,48.547,48.609434555963226,0.3993,0.4047,7.341176470588235
152.271,49.035,48.60535499999994,0.3993,0.4047,0.0
152.321,49.06,48.60535499999994,0.3993,0.4047,0.0
152.371,48.889,48.60586259999994,0.3993,0.4047,-7.2
152.421,48.767,48.597926683870895,0.3994,0.4047,-7.2
152.471,49.475,48.597926683870895,0.3994,0.4047,-7.152941176470589
152.521,48.449,48.606489399999944,0.3994,0.4047,-7.105882352941176
152.571,48.474,48.606489399999944,0.3996,0.4047,-7.105882352941176
152.621,48.23,48.595930502127494,0.3996,0.4047,7.105882352941176
152.671,48.254,48.606884999999934,0.3996,0.4047,7.105882352941176
152.721,48.498,48.606884999999934,0.3996,0.4047,7.2
152.771,48.083,48.607364399999945,0.3996,0.4047,7.2
152.821,48.889,48.607364399999945,0.3997,0.4047,7.2
152.871,48.669,48.60231525106372,0.3997,0.4047,7.247058823529412
152.921,49.158,48.59967368387089,0.3998,0.4047,7.247058823529412
152.971,48.816,48.59967368387089,0.3998,0.4047,-7.105882352941176
153.021,49.67,48.60819879999994,0.3998,0.4047,-7.247058823529412
153.071,49.939,48.60819879999994,0.3999,0.4047,-7.247058823529412
153.121,49.206,48.59207375319128,0.4001,0.4047,-7.435294117647059
153.171,48.669,48.600045683870896,0.4002,0.4047,-7.435294117647059
153.221,48.645,48.600045683870896,0.4003,0.4047,-7.294117647058823
153.271,47.79,48.59747610212771,0.4004,0.4047,-7.105882352941176
153.321,47.619,48.59747610212771,0.4005,0.4047,-7.105882352941176
153.371,47.888,48.59193295319128,0.4007,0.4047,7.341176470588235
153.421,48.107,48.60813839999994,0.4007,0.4047,7.341176470588235
153.471,48.303,48.60813839999994,0.4009,0.4047,7.341176470588235
153.521,48.4,48.591928753191596,0.401,0.4047,7.247058823529412
153.571,48.816,48.591928753191596,0.4011,0.4047,7.247058823529412
153.621,49.035,48.5971769021275,0.4012,0.4047,7.152941176470589
153.671,49.011,48.591490767741846,0.4014,0.4047,7.152941176470589
153.721,49.377,48.591490767741846,0.4016,0.4047,-7.247058823529412
153.771,49.597,48.591344353191595,0.4017,0.4047,-7.2
153.821,49.524,48.591344353191595,0.4017,0.4047,-7.2
153.871,49.206,48.60758379999994,0.4017,0.4047,-7.435294117647059
153.921,48.4,48.59122836774185,0.4019,0.4047,-7.435294117647059
153.971,48.156,48.59122836774185,0.4019,0.4047,-7.294117647058823
154.021,48.034,48.59656350212771,0.4021,0.4047,7.152941176470589
154.071,48.278,48.59656350212771,0.4022,0.4047,7.152941176470589
154.123,47.985,48.60191765106372,0.4022,0.4047,7.294117647058823
154.172,48.84,48.60739179999994,0.4022,0.4047,7.294117647058823
154.222,48.767,48.60739179999994,0.4023,0.4047,7.294117647058823
154.272,49.109,48.60209825106382,0.4023,0.4047,-7.152941176470589
154.322,48.742,48.60209825106382,0.4023,0.4047,-7.152941176470589
154.372,49.206,48.59105735319128,0.4026,0.4047,-7.247058823529412
154.422,49.28,48.59887428387089,0.4027,0.4047,-7.247058823529412
154.472,48.107,48.59887428387089,0.4027,0.4047,-7.294117647058823
154.522,47.985,48.60712679999994,0.4027,0.4047,-7.294117647058823
154.572,48.425,48.60712679999994,0.4028,0.4047,-7.294117647058823
154.622,47.79,48.60178625106372,0.4028,0.4047,7.294117647058823
154.672,48.254,48.607223199999936,0.4028,0.4047,7.294117647058823
154.722,48.278,48.607223199999936,0.4029,0.4047,7.341176470588235
154.772,48.4,48.60187325106382,0.4029,0.4047,7.2
154.822,48.449,48.60187325106382,0.4029,0.4047,7.2
154.872,49.231,48.60736159999994,0.4029,0.4047,7.152941176470589
154.922,49.158,48.615743916128984,0.4028,0.4047,7.152941176470589
154.972,49.548,48.615743916128984,0.4028,0.4047,-7.294117647058823
155.022,49.451,48.60785799999994,0.4028,0.4047,-7.247058823529412
155.072,49.06,48.60785799999994,0.4028,0.4047,-7.247058823529412
155.122,48.962,48.60803659999994,0.4028,0.4047,-7.3882352941176475
155.172,48.669,48.60815439999994,0.4028,0.4047,-7.3882352941176475
155.222,47.741,48.60815439999994,0.4028,0.4047,-7.2
155.272,48.034,48.60833299999994,0.4028,0.4047,0.0
155.322,47.985,48.60833299999994,0.403,0.4047,0.0
155.372,48.23,48.5974545021275,0.403,0.4047,7.294117647058823
155.422,48.01,48.60819819999994,0.403,0.4047,7.294117647058823
155.472,48.4,48.60819819999994,0.403,0.4047,7.2
155.522,48.425,48.60835799999994,0.403,0.4047,7.294117647058823
155.572,48.791,48.60835799999994,0.4031,0.4047,7.294117647058823
155.622,48.987,48.60298925106372,0.4031,0.4047,7.105882352941176
155.672,49.353,48.608407599999936,0.4031,0.4047,7.105882352941176
155.722,49.573,48.608407599999936,0.4032,0.4047,-7.2
155.772,50.061,48.597500902127706,0.4033,0.4047,-7.341176470588235
155.822,48.913,48.597500902127706,0.4033,0.4047,-7.341176470588235
155.872,48.816,48.608270799999936,0.4033,0.4047,-7.623529411764705
155.922,49.011,48.60835759999994,0.4033,0.4047,-7.623529411764705
155.972,48.01,48.60835759999994,0.4034,0.4047,-7.152941176470589
156.022,48.23,48.597432102127705,0.4035,0.4047,-7.2
156.072,48.278,48.597432102127705,0.4036,0.4047,-7.2
156.124,48.059,48.60265465106372,0.4036,0.4047,7.2
156.173,47.961,48.60804199999994,0.4036,0.4047,7.2
156.223,48.034,48.60804199999994,0.4037,0.4047,7.247058823529412
156.273,48.254,48.59708830212771,0.4038,0.4047,7.247058823529412
156.323,48.84,48.59708830212771,0.4039,0.4047,7.294117647058823
156.373,48.84,48.5967541021275,0.404,0.4047,7.294117647058823
156.423,48.816,48.59916508387089,0.4041,0.4047,-7.152941176470589
156.473,49.231,48.59916508387089,0.4042,0.4047,-7.152941176470589
156.523,49.377,48.601757451063825,0.4042,0.4047,-7.152941176470589
156.573,48.327,48.601757451063825,0.4044,0.4047,-7.152941176470589
156.623,47.937,48.5960665021275,0.4044,0.4047,-7.341176470588235
156.673,48.523,48.59845268387089,0.4045,0.4047,-7.341176470588235
156.723,47.912,48.59845268387089,0.4046,0.4047,7.294117647058823
156.773,47.985,48.58995035319159,0.4048,0.4047,7.294117647058823
156.823,48.132,48.58995035319159,0.4048,0.4047,7.294117647058823
156.873,48.718,48.60036985106372,0.4049,0.4047,7.294117647058823
156.923,48.669,48.59740588387089,0.405,0.4047,7.247058823529412
156.973,49.182,48.59740588387089,0.405,0.4047,-7.105882352941176
157.023,48.596,48.59991365106382,0.4051,0.4047,-7.105882352941176
157.073,49.084,48.59991365106382,0.4053,0.4047,-7.294117647058823
157.123,48.889,48.5941381021275,0.4053,0.4047,-7.294117647058823
157.173,48.278,48.59646848387089,0.4054,0.4047,-7.247058823529412
157.223,47.839,48.59646848387089,0.4055,0.4047,-7.152941176470589
157.273,48.278,48.59893865106382,0.4055,0.4047,-7.152941176470589
157.323,47.692,48.59893865106382,0.4055,0.4047,7.341176470588235
157.373,47.863,48.58759695319129,0.4058,0.4047,7.341176470588235
157.423,48.083,48.595215483870895,0.4059,0.4047,7.3882352941176475
157.473,48.181,48.595215483870895,0.4061,0.4047,7.3882352941176475
157.523,48.571,48.58658155319159,0.4062,0.4047,7.247058823529412
157.573,48.767,48.58658155319159,0.4062,0.4047,7.2
157.623,49.011,48.59686945106372,0.4063,0.4047,7.2
157.673,49.426,48.60208939999994,0.4063,0.4047,-7.105882352941176
157.723,49.475,48.60208939999994,0.4064,0.4047,-7.2
157.773,48.889,48.596410451063825,0.4064,0.4047,-7.2
157.823,49.011,48.596410451063825,0.4064,0.4047,-7.3882352941176475
157.873,49.353,48.601569799999936,0.4064,0.4047,-7.3882352941176475
157.923,48.083,48.59319368387089,0.4065,0.4047,-7.2
157.973,48.23,48.59319368387089,0.4066,0.4047,-7.341176470588235
158.023,48.01,48.590031902127706,0.4067,0.4047,-7.341176470588235
158.073,47.814,48.590031902127706,0.4067,0.4047,7.2
158.125,47.863,48.60045219999994,0.4067,0.4047,7.341176470588235
158.174,48.059,48.60045219999994,0.4068,0.4047,7.341176470588235
158.224,48.132,48.59473565106382,0.4068,0.4047,7.341176470588235
158.274,48.987,48.59473565106382,0.4068,0.4047,7.341176470588235
158.324,49.06,48.59985739999994,0.4068,0.4047,7.247058823529412
158.374,48.742,48.59985739999994,0.4068,0.4047,7.247058823529412
158.424,49.28,48.59483044403665,0.4069,0.4047,-7.247058823529412
158.474,49.353,48.59483044403665,0.407,0.4047,-7.105882352941176
158.524,48.669,48.593682251063825,0.407,0.4047,-7.105882352941176
158.574,49.158,48.593682251063825,0.4071,0.4047,-7.341176470588235
158.624,48.84,48.59395264403658,0.4071,0.4047,-7.341176470588235
158.674,47.814,48.59395264403658,0.4071,0.4047,-7.294117647058823
158.724,48.034,48.59278565106382,0.4072,0.4047,-7.152941176470589
158.774,47.863,48.59278565106382,0.4072,0.4047,-7.152941176470589
158.824,47.643,48.59786979999994,0.4072,0.4047,7.247058823529412
158.874,47.912,48.59786979999994,0.4072,0.4047,7.247058823529412
158.924,47.521,48.59759729999994,0.4072,0.4047,7.435294117647059
158.974,48.474,48.59759729999994,0.4072,0.4047,7.294117647058823
159.024,48.4,48.597362299999936,0.4072,0.4047,7.294117647058823
159.074,48.474,48.597362299999936,0.4072,0.4047,7.105882352941176
159.124,49.06,48.59708979999994,0.4072,0.4047,7.105882352941176
159.174,49.109,48.59708979999994,0.4072,0.4047,7.105882352941176
159.224,49.402,48.59685479999994,0.4072,0.4047,-7.247058823529412
159.274,49.231,48.59685479999994,0.4073,0.4047,-7.247058823529412
159.324,48.84,48.59109125106372,0.4073,0.4047,-7.341176470588235
159.374,49.719,48.59624919999994,0.4073,0.4047,-7.341176470588235
159.424,48.694,48.59624919999994,0.4074,0.4047,-7.152941176470589
159.474,48.474,48.59047625106382,0.4074,0.4047,-7.482352941176471
159.524,48.132,48.59047625106382,0.4074,0.4047,-7.482352941176471
159.574,47.912,48.59554159999994,0.4074,0.4047,7.105882352941176
159.624,48.034,48.59537419999994,0.4074,0.4047,7.105882352941176
159.674,47.668,48.59537419999994,0.4074,0.4047,7.294117647058823
159.724,48.62,48.595120399999935,0.4074,0.4047,7.247058823529412
159.774,48.352,48.595120399999935,0.4074,0.4047,7.247058823529412
159.824,48.791,48.59486659999994,0.4074,0.4047,0.0
159.874,48.767,48.59486659999994,0.4074,0.4047,0.0
159.924,48.791,48.59457229999994,0.4074,0.4047,-7.152941176470589
159.974,49.182,48.59457229999994,0.4074,0.4047,-7.105882352941176
160.024,48.425,48.594318499999936,0.4074,0.4047,-7.105882352941176
160.074,48.571,48.594318499999936,0.4074,0.4047,-7.294117647058823
160.126,48.254,48.59402419999994,0.4074,0.4047,0.0
160.175,48.034,48.59402419999994,0.4073,0.4047,0.0
160.225,48.107,48.59929894893605,0.4073,0.4047,7.2
160.275,47.912,48.59929894893605,0.4073,0.4047,7.2
160.325,48.474,48.59373539999994,0.4073,0.4047,7.247058823529412
160.375,48.571,48.577032767741855,0.4075,0.4047,7.247058823529412
160.425,48.767,48.577032767741855,0.4075,0.4047,7.105882352941176
160.475,49.035,48.59289859999994,0.4075,0.4047,0.0
160.525,49.06,48.59289859999994,0.4075,0.4047,0.0
160.575,48.913,48.59263539999994,0.4075,0.4047,-7.247058823529412
160.625,48.547,48.59246179999994,0.4075,0.4047,-7.247058823529412
160.675,48.669,48.59246179999994,0.4075,0.4047,-7.2
160.725,48.694,48.59772714893605,0.4074,0.4047,0.0
160.775,48.669,48.59772714893605,0.4074,0.4047,0.0
160.825,48.84,48.59215419999994,0.4074,0.4047,-7.105882352941176
160.875,48.962,48.600257516128984,0.4073,0.4047,-7.105882352941176
160.925,48.083,48.600257516128984,0.4073,0.4047,-7.152941176470589
160.975,47.741,48.59194859999994,0.4073,0.4047,-7.152941176470589
161.025,47.912,48.59194859999994,0.4073,0.4047,7.247058823529412
161.075,47.937,48.608289846808596,0.407,0.4047,7.247058823529412
161.125,47.839,48.59218979999994,0.407,0.4047,7.294117647058823
161.175,48.181,48.59218979999994,0.407,0.4047,7.294117647058823
161.225,48.864,48.59197359999994,0.407,0.4047,7.341176470588235
161.275,48.913,48.59197359999994,0.4069,0.4047,7.341176470588235
161.325,49.109,48.59728594893616,0.4069,0.4047,-7.152941176470589
161.375,49.255,48.59183039999994,0.4069,0.4047,-7.152941176470589
161.425,49.499,48.59183039999994,0.4069,0.4047,-7.247058823529412
161.475,48.962,48.59162359999994,0.4069,0.4047,-7.294117647058823
161.525,48.987,48.59162359999994,0.4069,0.4047,-7.294117647058823
161.575,48.352,48.59141679999994,0.4069,0.4047,-7.2
161.625,47.839,48.599551116128985,0.4068,0.4047,-7.2
161.675,47.717,48.599551116128985,0.4068,0.4047,7.152941176470589
161.725,47.937,48.60234629787217,0.4066,0.4047,7.341176470588235
161.775,48.181,48.60234629787217,0.4066,0.4047,7.341176470588235
161.825,48.547,48.59152939999994,0.4066,0.4047,7.294117647058823
161.875,48.278,48.591411599999944,0.4066,0.4047,7.294117647058823
161.925,48.767,48.591411599999944,0.4066,0.4047,0.0
161.975,48.62,48.59676154893606,0.4065,0.4047,7.2
162.025,48.767,48.59676154893606,0.4065,0.4047,7.2
162.075,49.06,48.59680174893616,0.4064,0.4047,0.0
162.127,49.084,48.59964791612899,0.4063,0.4047,0.0
162.176,49.035,48.59964791612899,0.4063,0.4047,-7.247058823529412
162.226,48.938,48.59696154893606,0.4062,0.4047,-7.247058823529412
162.276,49.109,48.59696154893606,0.4062,0.4047,-7.247058823529412
162.326,48.84,48.59150139999994,0.4062,0.4047,-7.2
162.376,48.767,48.59140839999994,0.4062,0.4047,-7.2
162.426,47.912,48.59140839999994,0.4062,0.4047,-7.152941176470589
162.476,47.448,48.591267399999936,0.4062,0.4047,-7.152941176470589
162.526,47.741,48.591267399999936,0.4062,0.4047,7.294117647058823
162.576,47.741,48.596654948936155,0.4061,0.4047,7.294117647058823
162.626,47.888,48.607790432258035,0.4059,0.4047,7.3882352941176475
162.676,48.132,48.607790432258035,0.4058,0.4047,7.3882352941176475
162.726,48.645,48.59707714893605,0.4058,0.4047,7.341176470588235
162.776,49.133,48.59707714893605,0.4058,0.4047,7.341176470588235
162.826,49.06,48.59165459999994,0.4058,0.4047,0.0
162.876,49.084,48.59158639999994,0.4058,0.4047,0.0
162.926,49.182,48.59158639999994,0.4058,0.4047,-7.247058823529412
162.976,49.402,48.59701154893605,0.4057,0.4047,-7.247058823529412
163.026,48.767,48.59701154893605,0.4056,0.4047,-7.247058823529412
163.076,48.205,48.59712694893616,0.4056,0.4047,-7.341176470588235
163.126,48.107,48.60002271612898,0.4055,0.4047,-7.341176470588235
163.176,48.156,48.60002271612898,0.4055,0.4047,7.2
163.226,48.01,48.59188299999994,0.4055,0.4047,7.247058823529412
163.276,48.278,48.59188299999994,0.4054,0.4047,7.247058823529412
163.326,48.62,48.59733634893616,0.4054,0.4047,7.294117647058823
163.376,48.938,48.60024451612898,0.4053,0.4047,7.294117647058823
163.426,48.962,48.60024451612898,0.4053,0.4047,0.0
163.476,49.011,48.59765214893606,0.4052,0.4047,0.0
163.526,48.938,48.59765214893606,0.4052,0.4047,-7.2
163.576,49.231,48.59781454893616,0.4051,0.4047,-7.2
163.626,48.669,48.60074131612898,0.405,0.4047,-7.2
163.676,48.694,48.60074131612898,0.405,0.4047,-7.294117647058823
163.726,48.01,48.59264859999994,0.405,0.4047,-7.294117647058823
163.776,48.107,48.59264859999994,0.405,0.4047,-7.105882352941176
163.826,47.937,48.59814894893616,0.4049,0.4047,-7.105882352941176
163.876,47.302,48.59281739999994,0.4049,0.4047,7.247058823529412
163.926,47.937,48.59281739999994,0.4049,0.4047,7.294117647058823
163.976,47.961,48.60385569787217,0.4047,0.4047,7.294117647058823
164.026,48.059,48.60385569787217,0.4047,0.4047,7.294117647058823
164.076,48.523,48.598745948936156,0.4046,0.4047,7.294117647058823
164.128,48.571,48.60170371612899,0.4045,0.4047,7.247058823529412
164.177,49.011,48.60170371612899,0.4045,0.4047,7.247058823529412
164.227,49.133,48.59918654893606,0.4044,0.4047,0.0
164.277,49.158,48.59918654893606,0.4044,0.4047,0.0
164.327,49.109,48.59869815596323,0.4043,0.4047,-7.247058823529412
164.377,49.377,48.59869815596323,0.4041,0.4047,-7.247058823529412
164.427,48.864,48.60520569787238,0.4041,0.4047,-7.247058823529412
164.477,49.06,48.60520569787238,0.4041,0.4047,-7.247058823529412
164.527,48.156,48.61120944680829,0.4038,0.4047,-7.152941176470589
164.577,47.888,48.603578516128984,0.4037,0.4047,-7.152941176470589
164.627,47.863,48.603578516128984,0.4036,0.4047,7.247058823529412
164.677,47.985,48.6121936468086,0.4034,0.4047,7.341176470588235
164.727,47.741,48.6121936468086,0.4034,0.4047,7.341176470588235
164.777,48.181,48.59635839999994,0.4034,0.4047,7.294117647058823
164.827,48.498,48.61298043225803,0.4032,0.4047,7.294117647058823
164.877,48.962,48.61298043225803,0.4031,0.4047,7.2
164.927,49.304,48.60252094893616,0.4031,0.4047,7.105882352941176
164.977,49.353,48.60252094893616,0.403,0.4047,7.105882352941176
165.027,49.158,48.60840929787217,0.4029,0.4047,-7.341176470588235
165.077,49.817,48.60840929787217,0.4028,0.4047,-7.341176470588235
165.127,49.475,48.6027652559633,0.4028,0.4047,-7.247058823529412
165.177,48.645,48.6027652559633,0.4027,0.4047,-7.529411764705882
165.227,48.987,48.60388524893605,0.4027,0.4047,-7.529411764705882
165.277,48.596,48.60388524893605,0.4026,0.4047,0.0
165.327,48.571,48.603582155963224,0.4026,0.4047,0.0
165.377,48.498,48.603582155963224,0.4026,0.4047,0.0
165.427,48.474,48.599192399999936,0.4026,0.4047,0.0
165.477,48.547,48.599192399999936,0.4025,0.4047,0.0
165.527,48.645,48.61597544680829,0.4023,0.4047,7.105882352941176
165.577,48.498,48.61597544680829,0.4021,0.4047,7.105882352941176
165.627,48.669,48.614673767890025,0.402,0.4047,0.0
165.677,48.791,48.614673767890025,0.4017,0.4047,7.105882352941176
165.727,48.864,48.61775174680829,0.4017,0.4047,7.105882352941176
165.777,47.741,48.61775174680829,0.4016,0.4047,-7.105882352941176
165.827,49.182,48.613133397872375,0.4015,0.4047,-7.105882352941176
165.877,49.06,48.610964216128984,0.4014,0.4047,7.3882352941176475
165.927,48.816,48.610964216128984,0.4014,0.4047,-7.294117647058823
165.977,49.109,48.60873844893606,0.4013,0.4047,-7.294117647058823
166.027,48.669,48.60873844893606,0.4013,0.4047,-7.152941176470589
166.077,48.425,48.613386011926515,0.4011,0.4047,-7.152941176470589
166.129,48.254,48.613386011926515,0.4011,0.4047,0.0
166.178,48.156,48.60455009999994,0.4011,0.4047,7.152941176470589
166.228,48.303,48.60455009999994,0.4011,0.4047,7.152941176470589
166.278,48.376,48.61041704893606,0.401,0.4047,7.247058823529412
166.328,48.327,48.60532729999994,0.401,0.4047,7.247058823529412
166.378,48.84,48.60532729999994,0.401,0.4047,7.152941176470589
166.428,49.011,48.6222607468086,0.4007,0.4047,7.152941176470589
166.478,49.402,48.6222607468086,0.4006,0.4047,7.152941176470589
166.528,49.597,48.61220784893606,0.4006,0.4047,-7.2
166.578,49.866,48.61541361612899,0.4005,0.4047,-7.2
166.628,49.182,48.61541361612899,0.4005,0.4047,-7.435294117647059
166.678,49.402,48.60774389999994,0.4005,0.4047,-7.529411764705882
166.728,49.255,48.60774389999994,0.4004,0.4047,-7.529411764705882
166.778,48.62,48.61366724893606,0.4004,0.4047,-7.341176470588235
166.828,48.059,48.60861469999994,0.4004,0.4047,-7.341176470588235
166.878,48.01,48.60861469999994,0.4003,0.4047,0.0
166.928,48.01,48.60901889999994,0.4004,0.4047,7.247058823529412
166.978,48.181,48.60901889999994,0.4004,0.4047,7.247058823529412
167.028,47.692,48.609423099999944,0.4004,0.4047,7.294117647058823
167.078,48.498,48.60968969999994,0.4004,0.4047,7.294117647058823
167.128,49.084,48.60968969999994,0.4004,0.4047,7.3882352941176475
167.178,49.109,48.61009389999994,0.4004,0.4047,7.105882352941176
167.228,49.255,48.61009389999994,0.4006,0.4047,7.105882352941176
167.278,49.475,48.59391245319159,0.4007,0.4047,-7.247058823529412
167.328,49.621,48.61011789999994,0.4007,0.4047,-7.247058823529412
167.378,49.719,48.61011789999994,0.4007,0.4047,-7.3882352941176475
167.428,48.767,48.61049389999994,0.4007,0.4047,-7.435294117647059
167.478,49.231,48.61049389999994,0.4009,0.4047,-7.435294117647059
167.528,48.645,48.588755704255476,0.4011,0.4047,-7.105882352941176
167.578,47.839,48.610255499999944,0.4011,0.4047,-7.105882352941176
167.628,48.107,48.610255499999944,0.4011,0.4047,0.0
167.678,48.059,48.61059389999994,0.4011,0.4047,7.341176470588235
167.728,48.132,48.61059389999994,0.4011,0.4047,7.341176470588235
167.778,48.156,48.610932299999945,0.4011,0.4047,7.247058823529412
167.828,47.546,48.61115549999994,0.4011,0.4047,7.247058823529412
167.878,48.864,48.61115549999994,0.4013,0.4047,7.247058823529412
167.928,49.328,48.600436802127504,0.4013,0.4047,7.482352941176471
167.978,49.402,48.600436802127504,0.4015,0.4047,7.482352941176471
168.028,49.426,48.5948090531916,0.4016,0.4047,-7.341176470588235
168.078,49.206,48.602687983870894,0.4017,0.4047,-7.341176470588235
168.13,49.402,48.602687983870894,0.4017,0.4047,-7.3882352941176475
168.179,48.742,48.61103449999994,0.4017,0.4047,-7.294117647058823
168.229,48.987,48.61103449999994,0.4018,0.4047,-7.294117647058823
168.279,48.889,48.605787951063824,0.4018,0.4047,-7.105882352941176
168.329,48.254,48.6030161838709,0.4019,0.4047,-7.105882352941176
168.379,48.4,48.6030161838709,0.4019,0.4047,-7.152941176470589
168.429,47.888,48.61134389999994,0.4019,0.4047,7.2
168.479,48.156,48.61134389999994,0.402,0.4047,7.2
168.529,48.034,48.606078551063824,0.402,0.4047,7.341176470588235
168.579,48.4,48.603294383870896,0.4021,0.4047,7.341176470588235
168.629,48.742,48.603294383870896,0.4021,0.4047,7.294117647058823
168.679,48.938,48.60607475106372,0.4022,0.4047,7.152941176470589
168.729,49.035,48.60607475106372,0.4023,0.4047,7.152941176470589
168.779,49.548,48.61162889999994,0.4022,0.4047,-7.2
168.829,49.548,48.61178389999994,0.4022,0.4047,-7.2
168.879,49.817,48.61178389999994,0.4022,0.4047,-7.3882352941176475
168.929,48.694,48.61201889999994,0.4022,0.4047,-7.3882352941176475
168.979,49.231,48.61201889999994,0.4023,0.4047,-7.529411764705882
169.029,48.547,48.60119680212771,0.4024,0.4047,-7.529411764705882
169.079,47.766,48.61197769999994,0.4024,0.4047,-7.294117647058823
169.129,47.985,48.61197769999994,0.4024,0.4047,0.0
169.179,47.985,48.61219389999994,0.4024,0.4047,0.0
169.229,47.961,48.61219389999994,0.4025,0.4047,7.294117647058823
169.279,48.181,48.60688155106382,0.4025,0.4047,7.294117647058823
169.329,48.547,48.61233709999994,0.4025,0.4047,7.294117647058823
169.379,48.376,48.61233709999994,0.4025,0.4047,7.294117647058823
169.429,48.864,48.61254389999994,0.4025,0.4047,7.105882352941176
169.479,48.669,48.61254389999994,0.4025,0.4047,7.105882352941176
169.529,49.133,48.60169360212771,0.4027,0.4047,-7.152941176470589
169.579,49.084,48.612455899999944,0.4027,0.4047,-7.152941176470589
169.629,49.231,48.612455899999944,0.4027,0.4047,-7.247058823529412
169.679,48.694,48.61264389999994,0.4027,0.4047,-7.247058823529412
169.729,48.962,48.61264389999994,0.4028,0.4047,-7.294117647058823
169.779,48.62,48.60177480212771,0.4029,0.4047,-7.294117647058823
169.829,47.473,48.61252469999994,0.4029,0.4047,-7.2
169.879,48.132,48.61252469999994,0.403,0.4047,-7.2
169.929,48.059,48.60716535106372,0.403,0.4047,7.482352941176471
169.979,47.961,48.60716535106372,0.4031,0.4047,7.482352941176471
170.029,48.083,48.60711575106382,0.4031,0.4047,7.247058823529412
170.079,48.376,48.595992667741854,0.4033,0.4047,7.247058823529412
170.131,48.474,48.595992667741854,0.4034,0.4047,7.152941176470589
170.18,48.645,48.60672475106372,0.4034,0.4047,7.152941176470589
170.23,49.255,48.60672475106372,0.4036,0.4047,7.152941176470589
170.28,49.402,48.60110900212771,0.4036,0.4047,0.0
170.33,49.377,48.603544783870895,0.4037,0.4047,0.0
170.38,49.402,48.603544783870895,0.4037,0.4047,-7.341176470588235
170.43,48.889,48.61170329999994,0.4037,0.4047,-7.341176470588235
170.48,49.841,48.61170329999994,0.4038,0.4047,-7.341176470588235
170.53,48.938,48.60074020212771,0.4039,0.4047,-7.341176470588235
170.58,48.694,48.57834523548376,0.4043,0.4047,-7.529411764705882
170.63,48.4,48.57834523548376,0.4044,0.4047,-7.2
170.68,48.254,48.594055253191286,0.4046,0.4047,-7.2
170.73,48.083,48.594055253191286,0.4046,0.4047,7.105882352941176
170.78,48.156,48.604493551063825,0.4047,0.4047,7.105882352941176
170.83,48.205,48.59327126774185,0.4049,0.4047,7.247058823529412
170.88,48.205,48.59327126774185,0.4049,0.4047,7.247058823529412
170.93,48.62,48.60385295106372,0.405,0.4047,7.2
170.98,48.694,48.60385295106372,0.405,0.4047,7.2
171.03,49.035,48.60361535106382,0.4051,0.4047,0.0
171.08,49.06,48.57582683548376,0.4055,0.4047,0.0
171.13,48.962,48.57582683548376,0.4057,0.4047,-7.2
171.18,49.133,48.59142405319129,0.4058,0.4047,-7.247058823529412
171.23,49.084,48.59142405319129,0.4058,0.4047,-7.247058823529412
171.28,48.938,48.60727809999994,0.4058,0.4047,-7.247058823529412
171.33,48.107,48.5823977516128,0.4061,0.4047,-7.247058823529412
171.38,48.742,48.5823977516128,0.4062,0.4047,-7.2
171.43,47.961,48.59540260212751,0.4063,0.4047,-7.2
171.48,47.302,48.59540260212751,0.4064,0.4047,-7.105882352941176
171.53,47.79,48.600361951063825,0.4064,0.4047,-7.105882352941176
171.58,47.546,48.60557569999994,0.4064,0.4047,7.529411764705882
171.63,47.814,48.60557569999994,0.4064,0.4047,7.341176470588235
171.68,47.79,48.5943588021275,0.4066,0.4047,7.341176470588235
171.73,48.107,48.5943588021275,0.4066,0.4047,7.341176470588235
171.78,48.4,48.599289951063824,0.4067,0.4047,7.341176470588235
171.83,49.035,48.596214383870894,0.4068,0.4047,7.247058823529412
171.88,48.669,48.596214383870894,0.4068,0.4047,7.247058823529412
171.93,48.962,48.59855295106372,0.4069,0.4047,-7.247058823529412
171.98,48.84,48.59855295106372,0.4069,0.4047,-7.247058823529412
172.03,48.596,48.59813675106383,0.407,0.4047,-7.2
172.08,48.327,48.60331329999994,0.407,0.4047,-7.2
172.132,48.474,48.60331329999994,0.407,0.4047,0.0
172.181,48.449,48.60309709999994,0.407,0.4047,0.0
172.231,48.498,48.60309709999994,0.4071,0.4047,7.105882352941176
172.281,48.523,48.598048344036656,0.4071,0.4047,7.105882352941176
172.331,48.474,48.598048344036656,0.4072,0.4047,7.105882352941176
172.381,49.109,48.59688135106372,0.4072,0.4047,7.105882352941176
172.431,49.133,48.59688135106372,0.4072,0.4047,7.105882352941176
172.481,49.353,48.60196549999994,0.4072,0.4047,-7.247058823529412
172.531,49.133,48.60181049999994,0.4072,0.4047,-7.247058823529412
172.581,49.597,48.60181049999994,0.4072,0.4047,-7.341176470588235
172.631,49.011,48.601575499999946,0.4072,0.4047,-7.341176470588235
172.681,48.645,48.601575499999946,0.4071,0.4047,-7.435294117647059
172.731,48.547,48.60134049999994,0.4072,0.4047,-7.435294117647059
172.781,47.961,48.60134049999994,0.4072,0.4047,0.0
172.831,47.961,48.60106799999994,0.4072,0.4047,0.0
172.881,49.426,48.60106799999994,0.4072,0.4047,7.294117647058823
172.931,47.985,48.600832999999945,0.4072,0.4047,7.294117647058823
172.981,48.4,48.600832999999945,0.4072,0.4047,-7.3882352941176475
173.031,48.278,48.60056049999994,0.4072,0.4047,-7.3882352941176475
173.081,48.059,48.60056049999994,0.4071,0.4047,7.152941176470589
173.131,48.205,48.60585404893616,0.4071,0.4047,7.2
173.181,48.059,48.60585404893616,0.407,0.4047,7.2
173.231,48.376,48.60583784893606,0.407,0.4047,7.2
173.281,48.645,48.60037609999994,0.407,0.4047,7.2
173.331,49.06,48.60037609999994,0.407,0.4047,7.152941176470589
173.381,49.133,48.600159899999944,0.407,0.4047,0.0
173.431,49.133,48.600159899999944,0.4071,0.4047,0.0
173.481,49.133,48.59994369999994,0.407,0.4047,-7.247058823529412
173.531,49.426,48.599801099999944,0.407,0.4047,-7.247058823529412
173.581,49.133,48.599801099999944,0.4069,0.4047,-7.247058823529412
173.631,49.035,48.61064199787238,0.4068,0.4047,-7.3882352941176475
173.681,48.523,48.61064199787238,0.4068,0.4047,-7.3882352941176475
173.731,47.888,48.60533484893605,0.4067,0.4047,-7.2
173.781,47.839,48.608162416128984,0.4066,0.4047,-7.2
173.831,47.863,48.608162416128984,0.4066,0.4047,7.341176470588235
173.881,48.01,48.59991929999994,0.4066,0.4047,7.341176470588235
173.931,47.521,48.59991929999994,0.4066,0.4047,7.341176470588235
173.981,48.156,48.59974069999994,0.4066,0.4047,7.294117647058823
174.031,48.523,48.59974069999994,0.4066,0.4047,7.294117647058823
174.081,48.669,48.599533599999944,0.4066,0.4047,7.247058823529412
174.133,49.06,48.599533599999944,0.4066,0.4047,7.105882352941176
174.182,49.377,48.59935499999994,0.4066,0.4047,7.105882352941176
174.232,49.451,48.59935499999994,0.4066,0.4047,-7.247058823529412
174.282,49.573,48.59914789999994,0.4066,0.4047,-7.247058823529412
174.332,49.304,48.59914789999994,0.4066,0.4047,-7.3882352941176475
174.382,49.158,48.59896929999994,0.4066,0.4047,-7.3882352941176475
174.432,48.449,48.59896929999994,0.4066,0.4047,-7.341176470588235
174.482,48.767,48.59879069999994,0.4066,0.4047,-7.341176470588235
174.532,48.034,48.5904021838709,0.4067,0.4047,7.105882352941176
174.582,47.888,48.5904021838709,0.4066,0.4047,7.105882352941176
174.632,48.107,48.598278699999945,0.4067,0.4047,7.247058823529412
174.682,48.449,48.598278699999945,0.4067,0.4047,7.247058823529412
174.732,48.791,48.603619248936056,0.4066,0.4047,7.247058823529412
174.782,48.987,48.59818229999994,0.4066,0.4047,7.247058823529412
174.832,49.255,48.59818229999994,0.4066,0.4047,-7.105882352941176
174.882,49.158,48.59800369999994,0.4066,0.4047,-7.105882352941176
174.932,49.304,48.59800369999994,0.4066,0.4047,-7.294117647058823
174.982,49.011,48.597825099999945,0.4066,0.4047,-7.294117647058823
175.032,48.669,48.59770729999994,0.4066,0.4047,-7.341176470588235
175.082,48.767,48.59770729999994,0.4066,0.4047,-7.2
175.132,47.57,48.59752869999994,0.4066,0.4047,-7.2
175.182,47.692,48.59752869999994,0.4066,0.4047,-7.105882352941176
175.232,48.034,48.59735009999994,0.4066,0.4047,-7.105882352941176
175.282,47.595,48.60550301612899,0.4065,0.4047,7.3882352941176475
175.332,47.717,48.60550301612899,0.4065,0.4047,7.3882352941176475
175.382,48.254,48.60279784893616,0.4064,0.4047,7.435294117647059
175.432,48.23,48.60279784893616,0.4064,0.4047,7.435294117647059
175.482,48.913,48.59731889999994,0.4064,0.4047,7.2
175.532,49.133,48.59721349999994,0.4064,0.4047,7.2
175.582,49.109,48.59721349999994,0.4064,0.4047,-7.2
175.632,48.596,48.59705369999995,0.4064,0.4047,-7.247058823529412
175.682,48.987,48.59705369999995,0.4063,0.4047,-7.247058823529412
175.732,48.742,48.60242244893605,0.4063,0.4047,0.0
175.782,48.718,48.59700409999994,0.4063,0.4047,0.0
175.832,48.84,48.59700409999994,0.4063,0.4047,-7.105882352941176
175.882,48.718,48.60791079787238,0.4061,0.4047,-7.105882352941176
175.932,48.083,48.60791079787238,0.4061,0.4047,-7.105882352941176
175.982,48.694,48.59714089999994,0.4061,0.4047,-7.105882352941176
176.032,47.375,48.597054099999944,0.4061,0.4047,-7.105882352941176
176.082,47.888,48.597054099999944,0.4059,0.4047,-7.105882352941176
176.134,47.619,48.60797959787238,0.4059,0.4047,7.529411764705882
176.183,47.863,48.60797959787238,0.4059,0.4047,7.529411764705882
176.233,47.79,48.602757048936056,0.4058,0.4047,7.435294117647059
176.283,48.205,48.597369699999945,0.4058,0.4047,7.435294117647059
176.333,48.449,48.597369699999945,0.4058,0.4047,7.3882352941176475
176.383,48.694,48.597266299999944,0.4058,0.4047,7.3882352941176475
176.433,49.011,48.597266299999944,0.4057,0.4047,7.105882352941176
176.483,49.402,48.602691448936056,0.4057,0.4047,7.105882352941176
176.533,49.328,48.60558101612899,0.4056,0.4047,-7.2
176.583,49.695,48.60558101612899,0.4056,0.4047,-7.341176470588235
176.633,49.915,48.59743189999994,0.4056,0.4047,-7.341176470588235
176.683,48.913,48.59743189999994,0.4056,0.4047,-7.482352941176471
176.733,48.864,48.59734729999994,0.4056,0.4047,-7.482352941176471
176.783,48.767,48.59729149999994,0.4056,0.4047,-7.2
176.833,47.692,48.59729149999994,0.4055,0.4047,-7.152941176470589
176.883,48.278,48.60273544893616,0.4055,0.4047,-7.152941176470589
176.933,47.668,48.60273544893616,0.4055,0.4047,7.3882352941176475
176.983,47.595,48.597328299999944,0.4055,0.4047,7.3882352941176475
177.033,48.327,48.597328299999944,0.4053,0.4047,7.3882352941176475
177.083,48.449,48.602839544085924,0.4054,0.4047,7.435294117647059
177.133,48.816,48.602839544085924,0.4053,0.4047,7.435294117647059
177.183,48.889,48.60845449787238,0.4052,0.4047,7.105882352941176
177.233,49.206,48.59778469999994,0.4052,0.4047,7.105882352941176
177.283,48.816,48.59778469999994,0.4051,0.4047,-7.152941176470589
177.333,49.475,48.60332384408592,0.4051,0.4047,-7.294117647058823
177.383,49.451,48.60332384408592,0.4051,0.4047,-7.294117647058823
177.433,48.449,48.60343844893616,0.405,0.4047,-7.3882352941176475
177.483,49.328,48.60343844893616,0.405,0.4047,-7.3882352941176475
177.533,48.474,48.60288465596323,0.4049,0.4047,7.105882352941176
177.583,48.449,48.60288465596323,0.4047,0.4047,7.105882352941176
177.633,48.62,48.609335797872376,0.4047,0.4047,7.105882352941176
177.683,49.158,48.609335797872376,0.4046,0.4047,7.105882352941176
177.733,48.962,48.609754597872175,0.4045,0.4047,0.0
177.783,48.962,48.599128699999945,0.4045,0.4047,0.0
177.833,48.938,48.599128699999945,0.4045,0.4047,-7.2
177.883,48.987,48.60467604893616,0.4044,0.4047,-7.2
177.933,48.938,48.60467604893616,0.4043,0.4047,-7.2
177.983,48.645,48.610442197872175,0.4042,0.4047,-7.2
178.033,47.985,48.60810561612899,0.4041,0.4047,-7.2
178.083,47.985,48.60810561612899,0.4041,0.4047,0.0
178.135,48.352,48.60009749999994,0.4041,0.4047,7.294117647058823
178.184,48.01,48.60009749999994,0.4041,0.4047,7.294117647058823
178.234,48.425,48.60491995454537,0.404,0.4047,7.294117647058823
178.284,48.352,48.60491995454537,0.4038,0.4047,7.294117647058823
178.334,48.352,48.6116108881719,0.4038,0.4047,7.105882352941176
178.384,49.133,48.6116108881719,0.4035,0.4047,7.105882352941176
178.434,49.28,48.6175284468086,0.4035,0.4047,7.152941176470589
178.484,49.646,48.60978940793644,0.4034,0.4047,7.152941176470589
178.534,49.475,48.60978940793644,0.4034,0.4047,-7.294117647058823
178.584,49.841,48.601973799999946,0.4034,0.4047,-7.435294117647059
178.634,49.719,48.601973799999946,0.4034,0.4047,-7.435294117647059
178.684,49.255,48.60209599999994,0.4034,0.4047,-7.529411764705882
178.734,48.352,48.602177899999944,0.4034,0.4047,-7.529411764705882
178.784,48.913,48.602177899999944,0.4033,0.4047,-7.294117647058823
178.834,48.181,48.613470088171894,0.4032,0.4047,7.152941176470589
178.884,48.4,48.613470088171894,0.403,0.4047,7.152941176470589
178.934,48.425,48.619444046808596,0.4029,0.4047,7.2
178.984,48.791,48.619444046808596,0.4029,0.4047,7.2
179.034,49.035,48.60848085596323,0.4028,0.4047,7.152941176470589
179.084,49.328,48.60848085596323,0.4028,0.4047,-7.105882352941176
179.134,49.109,48.60407229999994,0.4028,0.4047,-7.105882352941176
179.184,49.206,48.60407229999994,0.4027,0.4047,-7.341176470588235
179.234,49.084,48.60903775454537,0.4027,0.4047,-7.341176470588235
179.284,48.156,48.60903775454537,0.4027,0.4047,-7.294117647058823
179.334,48.352,48.60467829999995,0.4027,0.4047,-7.247058823529412
179.384,48.303,48.60467829999995,0.4027,0.4047,-7.247058823529412
179.434,48.059,48.60486629999994,0.4027,0.4047,7.152941176470589
179.484,48.376,48.60499229999994,0.4027,0.4047,7.152941176470589
179.534,48.254,48.60499229999994,0.4027,0.4047,7.247058823529412
179.584,48.718,48.60517829999994,0.4027,0.4047,7.152941176470589
179.634,48.596,48.60517829999994,0.4027,0.4047,7.152941176470589
179.684,48.987,48.60536629999994,0.4027,0.4047,-7.105882352941176
179.734,48.767,48.61363510793644,0.4026,0.4047,-7.105882352941176
179.784,49.109,48.61363510793644,0.4024,0.4047,-7.2
179.834,48.767,48.6170651881719,0.4024,0.4047,-7.105882352941176
179.884,48.449,48.6170651881719,0.4023,0.4047,-7.105882352941176
179.934,47.814,48.60652869999994,0.4024,0.4047,-7.105882352941176
179.984,48.254,48.606673599999944,0.4024,0.4047,-7.105882352941176
180.034,47.082,48.606673599999944,0.4024,0.4047,7.341176470588235
180.084,47.766,48.60688749999994,0.4024,0.4047,7.2
180.136,47.814,48.60688749999994,0.4024,0.4047,7.3882352941176475
180.185,48.254,48.60710369999994,0.4024,0.4047,7.3882352941176475
180.235,48.596,48.590962984126946,0.4026,0.4047,7.3882352941176475
180.285,49.06,48.590962984126946,0.4027,0.4047,7.2
180.335,49.084,48.60144565591396,0.4027,0.4047,0.0
180.385,49.06,48.60144565591396,0.4028,0.4047,0.0
180.435,49.328,48.60148145106373,0.4028,0.4047,-7.247058823529412
180.485,49.573,48.60692029999994,0.4028,0.4047,-7.247058823529412
180.535,48.84,48.60692029999994,0.4028,0.4047,-7.341176470588235
180.585,48.571,48.607096999999946,0.4028,0.4047,-7.435294117647059
180.635,48.4,48.607096999999946,0.4028,0.4047,-7.435294117647059
180.685,48.034,48.601747051063725,0.4029,0.4047,0.0
180.735,48.01,48.607179599999945,0.4029,0.4047,0.0
180.785,47.985,48.607179599999945,0.4031,0.4047,7.294117647058823
180.835,48.156,48.59617571182799,0.4031,0.4047,7.294117647058823
180.885,48.181,48.59617571182799,0.4031,0.4047,7.294117647058823
180.935,48.889,48.60707879999994,0.4031,0.4047,7.247058823529412
180.985,48.718,48.607179599999945,0.4031,0.4047,7.247058823529412
181.035,49.109,48.607179599999945,0.4031,0.4047,-7.152941176470589
181.085,49.597,48.60174275591397,0.4032,0.4047,-7.105882352941176
181.135,49.304,48.60174275591397,0.4032,0.4047,-7.105882352941176
181.185,48.987,48.60726009999994,0.4032,0.4047,-7.435294117647059
181.235,48.254,48.607354599999944,0.4032,0.4047,-7.435294117647059
181.285,48.205,48.607354599999944,0.4032,0.4047,-7.2
181.335,47.79,48.60749409999994,0.4032,0.4047,7.2
181.385,47.814,48.60749409999994,0.4033,0.4047,7.2
181.435,47.985,48.60210655106373,0.4033,0.4047,7.3882352941176475
181.485,48.181,48.607513899999944,0.4033,0.4047,7.3882352941176475
181.535,48.718,48.607513899999944,0.4033,0.4047,7.294117647058823
181.585,49.328,48.607644099999945,0.4033,0.4047,7.2
181.635,49.377,48.607644099999945,0.4033,0.4047,7.2
181.685,49.646,48.60777569999994,0.4033,0.4047,-7.341176470588235
181.735,49.158,48.60786389999994,0.4033,0.4047,-7.341176470588235
181.785,49.719,48.60786389999994,0.4031,0.4047,-7.435294117647059
181.835,48.889,48.624751032257876,0.403,0.4047,-7.247058823529412
181.885,48.791,48.624751032257876,0.403,0.4047,-7.247058823529412
181.935,48.303,48.60878179999994,0.403,0.4047,-7.152941176470589
181.985,48.449,48.60888889999994,0.403,0.4047,-7.152941176470589
182.035,48.059,48.60888889999994,0.4029,0.4047,7.152941176470589
182.085,48.034,48.61463264408592,0.4029,0.4047,7.152941176470589
182.137,47.473,48.61463264408592,0.4026,0.4047,7.247058823529412
182.186,48.425,48.63153969574481,0.4025,0.4047,7.247058823529412
182.236,48.4,48.61040169999994,0.4025,0.4047,7.482352941176471
182.286,49.499,48.61040169999994,0.4025,0.4047,7.482352941176471
182.336,49.255,48.610606299999944,0.4025,0.4047,7.152941176470589
182.386,48.938,48.610606299999944,0.4024,0.4047,7.152941176470589
182.436,49.451,48.6273987468086,0.4022,0.4047,-7.294117647058823
182.486,49.402,48.61159879999994,0.4022,0.4047,-7.294117647058823
182.536,49.133,48.61159879999994,0.4021,0.4047,-7.3882352941176475
182.586,49.621,48.61741694408592,0.4021,0.4047,-7.341176470588235
182.636,48.889,48.61741694408592,0.4021,0.4047,-7.341176470588235
182.686,49.109,48.617083054545446,0.402,0.4047,-7.435294117647059
182.736,48.303,48.617083054545446,0.4019,0.4047,-7.435294117647059
182.786,47.888,48.61837434408592,0.4019,0.4047,-7.247058823529412
182.836,47.766,48.61837434408592,0.4019,0.4047,-7.247058823529412
182.886,46.935,48.61326119999994,0.4019,0.4047,7.341176470588235
182.936,46.203,48.61326119999994,0.4019,0.4047,7.341176470588235
182.986,47.937,48.613569199999944,0.4019,0.4047,7.670588235294118
183.036,48.132,48.613569199999944,0.4019,0.4047,7.670588235294118
183.086,48.571,48.613829599999946,0.4019,0.4047,7.294117647058823
183.136,48.767,48.613829599999946,0.4018,0.4047,7.294117647058823
183.186,49.109,48.61962134893616,0.4018,0.4047,0.0
183.236,49.133,48.59819928412695,0.402,0.4047,0.0
183.286,49.28,48.59819928412695,0.402,0.4047,-7.247058823529412
183.336,49.475,48.61432339999995,0.402,0.4047,-7.247058823529412
183.386,48.864,48.61432339999995,0.4021,0.4047,-7.247058823529412
183.436,48.767,48.60904865106372,0.4021,0.4047,-7.3882352941176475
183.486,48.449,48.61453159999994,0.4021,0.4047,-7.3882352941176475
183.536,48.254,48.61453159999994,0.4021,0.4047,-7.105882352941176
183.586,48.4,48.61477339999994,0.4021,0.4047,-7.105882352941176
183.636,47.717,48.61477339999994,0.4022,0.4047,7.2
183.686,47.912,48.60948925106372,0.4022,0.4047,7.2
183.736,47.985,48.614965899999945,0.4022,0.4047,7.3882352941176475
183.786,48.059,48.614965899999945,0.4022,0.4047,7.341176470588235
183.836,48.425,48.61519839999994,0.4022,0.4047,7.341176470588235
183.886,48.498,48.61519839999994,0.4023,0.4047,7.247058823529412
183.936,48.987,48.609904851063725,0.4023,0.4047,7.247058823529412
183.986,49.133,48.607232392063445,0.4024,0.4047,7.105882352941176
184.036,49.695,48.607232392063445,0.4024,0.4047,7.105882352941176
184.086,49.695,48.61538279999994,0.4024,0.4047,-7.247058823529412
184.138,49.328,48.61538279999994,0.4026,0.4047,-7.247058823529412
184.187,49.402,48.60136643636342,0.4027,0.4047,-7.482352941176471
184.237,49.182,48.60136643636342,0.4027,0.4047,-7.482352941176471
184.287,48.718,48.60401751182799,0.4029,0.4047,-7.341176470588235
184.337,48.181,48.60401751182799,0.4029,0.4047,-7.341176470588235
184.387,48.571,48.61493939999994,0.4029,0.4047,-7.105882352941176
184.437,48.156,48.61493939999994,0.403,0.4047,-7.105882352941176
184.487,47.937,48.61038094545451,0.403,0.4047,0.0
184.537,48.107,48.61038094545451,0.403,0.4047,7.247058823529412
184.587,48.01,48.615084499999945,0.403,0.4047,7.247058823529412
184.637,47.814,48.615084499999945,0.403,0.4047,7.247058823529412
184.687,48.303,48.615244299999944,0.403,0.4047,7.247058823529412
184.737,48.889,48.607208592063444,0.4031,0.4047,7.341176470588235
184.787,48.913,48.607208592063444,0.4031,0.4047,7.152941176470589
184.837,49.28,48.620879544085916,0.403,0.4047,7.152941176470589
184.887,49.402,48.620879544085916,0.4031,0.4047,-7.152941176470589
184.937,49.402,48.61093374545444,0.4031,0.4047,-7.152941176470589
184.987,49.646,48.61093374545444,0.403,0.4047,-7.341176470588235
185.037,49.182,48.62121364408592,0.403,0.4047,-7.341176470588235
185.087,49.304,48.62121364408592,0.403,0.4047,-7.341176470588235
185.137,48.962,48.61599709999994,0.403,0.4047,-7.247058823529412
185.187,48.254,48.62424700793644,0.4029,0.4047,-7.247058823529412
185.237,47.912,48.62424700793644,0.4029,0.4047,-7.2
185.287,48.181,48.62206354408592,0.4028,0.4047,7.2
185.337,47.717,48.62206354408592,0.4028,0.4047,7.2
185.387,47.961,48.61686579999994,0.4028,0.4047,7.247058823529412
185.437,48.303,48.625128307936436,0.4027,0.4047,7.247058823529412
185.487,48.4,48.625128307936436,0.4026,0.4047,7.294117647058823
185.537,48.889,48.628549088171894,0.4025,0.4047,7.2
185.587,49.109,48.628549088171894,0.4024,0.4047,7.2
185.637,48.938,48.62906029787238,0.4023,0.4047,-7.152941176470589
185.687,48.987,48.61857319999994,0.4023,0.4047,-7.152941176470589
185.737,48.742,48.61857319999994,0.4023,0.4047,-7.152941176470589
185.787,49.426,48.62438204408592,0.4022,0.4047,-7.2
185.837,48.498,48.62438204408592,0.4022,0.4047,-7.2
185.887,48.547,48.62476924893616,0.4021,0.4047,-7.341176470588235
185.937,48.425,48.627756707936435,0.402,0.4047,-7.341176470588235
185.987,48.938,48.627756707936435,0.402,0.4047,7.105882352941176
186.037,47.814,48.625656944085925,0.4019,0.4047,7.152941176470589
186.087,47.888,48.625656944085925,0.4019,0.4047,7.152941176470589
186.139,48.132,48.62054379999994,0.4019,0.4047,7.341176470588235
186.188,48.4,48.62072019999994,0.4019,0.4047,7.341176470588235
186.238,48.816,48.62072019999994,0.4019,0.4047,7.247058823529412
186.288,49.158,48.61539495591396,0.402,0.4047,7.247058823529412
186.338,49.304,48.61539495591396,0.4019,0.4047,-7.152941176470589
186.388,49.597,48.62655364893616,0.4019,0.4047,-7.152941176470589
186.438,49.06,48.621410899999944,0.4019,0.4047,-7.341176470588235
186.488,49.426,48.621410899999944,0.4019,0.4047,-7.341176470588235
186.538,49.084,48.61050001182799,0.4021,0.4047,-7.247058823529412
186.588,48.425,48.61050001182799,0.4021,0.4047,-7.247058823529412
186.638,48.01,48.610440002127504,0.4023,0.4047,-7.247058823529412
186.688,47.961,48.61308669206345,0.4024,0.4047,-7.247058823529412
186.738,47.79,48.61308669206345,0.4024,0.4047,7.294117647058823
186.788,47.814,48.621237099999945,0.4024,0.4047,7.294117647058823
186.838,48.254,48.621237099999945,0.4025,0.4047,7.294117647058823
186.888,48.181,48.610396202127504,0.4026,0.4047,7.341176470588235
186.938,48.645,48.62116679999994,0.4026,0.4047,7.341176470588235
186.988,48.962,48.62116679999994,0.4026,0.4047,7.2
187.038,49.084,48.62136209999994,0.4026,0.4047,0.0
187.088,49.084,48.62136209999994,0.4027,0.4047,0.0
187.138,49.182,48.61603095106372,0.4027,0.4047,-7.247058823529412
187.188,49.011,48.62147609999994,0.4027,0.4047,-7.247058823529412
187.238,48.742,48.62147609999994,0.4027,0.4047,-7.294117647058823
187.288,49.28,48.61049081182799,0.4029,0.4047,-7.2
187.338,48.034,48.61049081182799,0.4031,0.4047,-7.2
187.388,48.156,48.604827053191286,0.4032,0.4047,-7.294117647058823
187.438,47.985,48.62087899999994,0.4032,0.4047,-7.294117647058823
187.488,47.643,48.62087899999994,0.4032,0.4047,7.247058823529412
187.538,47.79,48.615432855913966,0.4033,0.4047,7.294117647058823
187.588,48.059,48.615432855913966,0.4033,0.4047,7.294117647058823
187.638,48.352,48.615412251063724,0.4034,0.4047,7.3882352941176475
187.688,48.352,48.612670492063444,0.4035,0.4047,7.3882352941176475
187.738,48.791,48.612670492063444,0.4035,0.4047,7.152941176470589
187.788,48.01,48.62071859999994,0.4035,0.4047,7.152941176470589
187.838,49.158,48.62071859999994,0.4036,0.4047,-7.105882352941176
187.888,49.744,48.609774302127505,0.4037,0.4047,-7.105882352941176
187.938,48.864,48.62047559999994,0.4037,0.4047,-7.247058823529412
187.988,48.669,48.62047559999994,0.4037,0.4047,-7.247058823529412
188.038,48.669,48.62056859999994,0.4037,0.4047,-7.152941176470589
188.088,47.79,48.62056859999994,0.4037,0.4047,-7.152941176470589
188.14,47.985,48.62619114893616,0.4036,0.4047,0.0
188.189,47.961,48.629084107936436,0.4035,0.4047,0.0
188.239,48.181,48.629084107936436,0.4035,0.4047,7.294117647058823
188.289,47.961,48.62125919999994,0.4035,0.4047,7.294117647058823
188.339,48.4,48.62125919999994,0.4034,0.4047,7.294117647058823
188.389,48.352,48.62690054893616,0.4034,0.4047,7.294117647058823
188.439,48.84,48.62166329999994,0.4034,0.4047,7.294117647058823
188.489,48.889,48.62166329999994,0.4034,0.4047,7.152941176470589
188.539,49.109,48.62736984408592,0.4033,0.4047,-7.152941176470589
188.589,49.304,48.62736984408592,0.4033,0.4047,-7.152941176470589
188.639,49.182,48.62212509999994,0.4033,0.4047,-7.247058823529412
188.689,48.889,48.63849891587293,0.4031,0.4047,-7.247058823529412
188.739,48.156,48.63849891587293,0.403,0.4047,-7.247058823529412
188.789,48.987,48.6339459881719,0.4029,0.4047,-7.247058823529412
188.839,48.083,48.6339459881719,0.4028,0.4047,7.247058823529412
188.889,47.985,48.62889104893616,0.4028,0.4047,7.247058823529412
188.939,48.132,48.623691599999944,0.4028,0.4047,7.247058823529412
188.989,48.864,48.623691599999944,0.4027,0.4047,7.294117647058823
189.039,48.962,48.62945394408592,0.4027,0.4047,7.294117647058823
189.089,49.28,48.62945394408592,0.4026,0.4047,-7.152941176470589
189.139,48.449,48.635322697872375,0.4025,0.4047,-7.152941176470589
189.189,49.109,48.62482299999994,0.4025,0.4047,-7.294117647058823
189.239,48.84,48.62482299999994,0.4024,0.4047,7.105882352941176
189.289,48.669,48.64178453225788,0.4022,0.4047,7.105882352941176
189.339,48.791,48.64178453225788,0.4022,0.4047,-7.152941176470589
189.389,49.744,48.63141904893616,0.4021,0.4047,-7.152941176470589
189.439,48.303,48.62626369999994,0.4021,0.4047,-7.105882352941176
189.489,48.645,48.62626369999994,0.402,0.4047,-7.482352941176471
189.539,48.01,48.63209114408592,0.402,0.4047,-7.482352941176471
189.589,47.912,48.63209114408592,0.402,0.4047,0.0
189.639,47.888,48.62696859999994,0.402,0.4047,0.0
189.689,47.741,48.62713869999994,0.402,0.4047,7.341176470588235
189.739,48.059,48.62713869999994,0.4019,0.4047,7.341176470588235
189.789,47.888,48.63297544408592,0.4019,0.4047,7.341176470588235
189.839,48.327,48.63297544408592,0.4019,0.4047,7.294117647058823
189.889,48.742,48.62786229999994,0.4019,0.4047,7.294117647058823
189.939,48.694,48.62803869999994,0.4019,0.4047,7.152941176470589
189.989,49.231,48.62803869999994,0.4018,0.4047,-7.105882352941176
190.039,48.571,48.639470388171894,0.4017,0.4047,-7.105882352941176
190.089,49.255,48.639470388171894,0.4017,0.4047,-7.294117647058823
190.141,48.669,48.629047699999944,0.4017,0.4047,-7.294117647058823
190.19,48.107,48.629047699999944,0.4017,0.4047,-7.294117647058823
190.24,48.254,48.62932969999994,0.4017,0.4047,0.0
190.29,48.254,48.62932969999994,0.4017,0.4047,0.0
190.34,48.352,48.624023055913966,0.4018,0.4047,7.2
190.39,48.107,48.62958209999994,0.4018,0.4047,7.2
190.44,48.303,48.62958209999994,0.4019,0.4047,7.152941176470589
190.49,48.84,48.6187976021275,0.402,0.4047,7.247058823529412
190.54,48.84,48.6187976021275,0.402,0.4047,7.247058823529412
190.59,49.182,48.62968699999995,0.402,0.4047,-7.152941176470589
190.64,48.669,48.629857099999946,0.402,0.4047,-7.152941176470589
190.69,49.084,48.629857099999946,0.402,0.4047,-7.247058823529412
190.74,48.791,48.63011089999994,0.402,0.4047,0.0
190.79,48.767,48.63011089999994,0.4021,0.4047,0.0
190.84,48.791,48.624776355913966,0.4021,0.4047,-7.105882352941176
190.89,48.669,48.624776355913966,0.4021,0.4047,-7.105882352941176
190.94,47.888,48.63043869999994,0.4021,0.4047,-7.105882352941176
190.99,48.278,48.63043869999994,0.4021,0.4047,0.0
191.04,48.254,48.63068049999994,0.4021,0.4047,0.0
191.09,48.107,48.63068049999994,0.4021,0.4047,7.2
191.14,48.376,48.63096649999994,0.4021,0.4047,7.2
191.19,48.718,48.63096649999994,0.4022,0.4047,7.247058823529412
191.24,48.913,48.62568235106372,0.4022,0.4047,7.152941176470589
191.29,48.962,48.62568235106372,0.4021,0.4047,7.152941176470589
191.34,49.109,48.63681964408592,0.4021,0.4047,-7.152941176470589
191.39,49.841,48.63160709999995,0.4021,0.4047,-7.152941176470589
191.44,49.06,48.63160709999995,0.4021,0.4047,-7.247058823529412
191.49,48.718,48.63738004893616,0.402,0.4047,-7.529411764705882
191.54,48.181,48.63738004893616,0.402,0.4047,-7.529411764705882
191.59,48.107,48.63231199999994,0.402,0.4047,-7.105882352941176
191.64,48.059,48.64062490793644,0.4019,0.4047,-7.105882352941176
191.69,47.692,48.64062490793644,0.4018,0.4047,7.247058823529412
191.74,47.814,48.63848014893616,0.4018,0.4047,7.294117647058823
191.79,47.863,48.63848014893616,0.4018,0.4047,7.294117647058823
191.84,48.059,48.639016344085924,0.4017,0.4047,7.3882352941176475
191.89,48.132,48.639016344085924,0.4016,0.4047,7.3882352941176475
191.94,48.864,48.63872645454545,0.4016,0.4047,7.294117647058823
191.99,48.816,48.63872645454545,0.4015,0.4047,7.247058823529412
192.04,49.304,48.651226232257876,0.4013,0.4047,7.247058823529412
192.09,51.062,48.651226232257876,0.4013,0.4047,-7.105882352941176
192.142,49.011,48.64022765454538,0.4012,0.4047,-7.105882352941176
192.191,49.426,48.64022765454538,0.4011,0.4047,-7.952941176470588
192.241,48.864,48.64706829787238,0.401,0.4047,-7.2
192.291,48.254,48.64706829787238,0.4009,0.4047,-7.2
192.341,48.327,48.64235974408592,0.4009,0.4047,-7.152941176470589
192.391,48.327,48.63722279999995,0.4009,0.4047,-7.152941176470589
192.441,48.181,48.63722279999995,0.4006,0.4047,7.2
192.491,47.985,48.65969419574481,0.4005,0.4047,7.2
192.541,48.156,48.65969419574481,0.4005,0.4047,7.247058823529412
192.591,48.523,48.644393844085926,0.4004,0.4047,7.247058823529412
192.641,48.913,48.655574015872936,0.4002,0.4047,7.247058823529412
192.691,48.694,48.655574015872936,0.4001,0.4047,7.247058823529412
192.741,49.158,48.64565254893616,0.4001,0.4047,-7.152941176470589
192.791,48.962,48.64565254893616,0.4001,0.4047,-7.152941176470589
192.841,48.791,48.64634684408592,0.4,0.4047,-7.247058823529412
192.891,48.913,48.641266599999945,0.4,0.4047,-7.247058823529412
192.941,48.498,48.641266599999945,0.4,0.4047,-7.105882352941176
192.991,48.059,48.64170839999994,0.4,0.4047,-7.152941176470589
193.041,48.547,48.64170839999994,0.4,0.4047,-7.152941176470589
193.091,47.814,48.647731144085924,0.3999,0.4047,7.294117647058823
193.141,48.327,48.642657199999945,0.3999,0.4047,7.294117647058823
193.191,48.01,48.642657199999945,0.3999,0.4047,7.3882352941176475
193.241,48.449,48.64863694893616,0.3998,0.4047,7.2
193.291,48.449,48.64863694893616,0.3998,0.4047,7.2
193.341,48.791,48.643773499999945,0.3998,0.4047,7.152941176470589
193.391,48.864,48.64408219999994,0.3998,0.4047,7.152941176470589
193.441,49.426,48.64408219999994,0.3998,0.4047,-7.105882352941176
193.491,48.864,48.64454279999994,0.3998,0.4047,-7.152941176470589
193.541,49.524,48.64454279999994,0.3998,0.4047,-7.152941176470589
193.591,49.524,48.64499849999994,0.3998,0.4047,-7.152941176470589
193.641,49.255,48.64530719999995,0.3998,0.4047,-7.152941176470589
193.691,48.669,48.64530719999995,0.3998,0.4047,-7.3882352941176475
193.741,48.547,48.640239251063726,0.3999,0.4047,-7.294117647058823
193.791,47.448,48.640239251063726,0.3999,0.4047,-7.294117647058823
193.841,46.935,48.64600479999994,0.3999,0.4047,7.105882352941176
193.891,47.814,48.646307199999946,0.3999,0.4047,7.105882352941176
193.941,48.254,48.646307199999946,0.3999,0.4047,7.7176470588235295
193.991,48.083,48.64675839999994,0.3999,0.4047,7.7176470588235295
194.041,48.4,48.64675839999994,0.3999,0.4047,7.2
194.091,49.011,48.64720479999995,0.3999,0.4047,7.2
194.143,48.987,48.64750719999994,0.3999,0.4047,7.152941176470589
194.192,49.377,48.64750719999994,0.3999,0.4047,7.152941176470589
194.242,49.231,48.64795839999994,0.3999,0.4047,-7.2
194.292,49.621,48.64795839999994,0.3999,0.4047,-7.2
194.342,49.939,48.648404799999945,0.3999,0.4047,-7.294117647058823
194.392,49.133,48.64870719999995,0.3999,0.4047,-7.294117647058823
194.442,48.718,48.64870719999995,0.3999,0.4047,-7.529411764705882
194.492,47.521,48.64915839999994,0.3999,0.4047,-7.529411764705882
194.542,47.643,48.64915839999994,0.3998,0.4047,-7.105882352941176
194.592,48.034,48.655190444085925,0.3998,0.4047,-7.105882352941176
194.642,48.01,48.65012279999995,0.3998,0.4047,7.435294117647059
194.692,47.985,48.65012279999995,0.3998,0.4047,7.294117647058823
194.742,48.181,48.65058339999994,0.3998,0.4047,7.294117647058823
194.792,48.181,48.65058339999994,0.3998,0.4047,7.294117647058823
194.842,48.034,48.65103909999994,0.3998,0.4047,7.294117647058823
194.892,48.816,48.65134779999995,0.3998,0.4047,7.247058823529412
194.942,48.84,48.65134779999995,0.3997,0.4047,7.294117647058823
194.992,49.475,48.65733694893616,0.3997,0.4047,7.294117647058823
195.042,49.67,48.65733694893616,0.3996,0.4047,-7.152941176470589
195.092,50.061,48.65806844408592,0.3996,0.4047,-7.152941176470589
195.142,49.621,48.65301339999994,0.3996,0.4047,-7.435294117647059
195.192,49.158,48.65301339999994,0.3995,0.4047,-7.435294117647059
195.242,48.987,48.65902134893616,0.3995,0.4047,-7.435294117647059
195.292,48.23,48.65902134893616,0.3995,0.4047,-7.435294117647059
195.342,48.23,48.6653570881719,0.3993,0.4047,-7.2
195.392,48.303,48.66308740793644,0.3992,0.4047,-7.2
195.442,48.01,48.66308740793644,0.3991,0.4047,7.2
195.492,48.034,48.66672499787238,0.399,0.4047,7.2
195.542,48.181,48.66672499787238,0.399,0.4047,7.2
195.592,48.449,48.656616799999945,0.399,0.4047,7.294117647058823
195.642,48.694,48.65697589999994,0.399,0.4047,7.294117647058823
195.692,48.669,48.65697589999994,0.3989,0.4047,7.152941176470589
195.742,49.109,48.66304024893616,0.3989,0.4047,0.0
195.792,49.133,48.66304024893616,0.3989,0.4047,0.0
195.842,49.206,48.6694317881719,0.3987,0.4047,-7.247058823529412
195.892,49.182,48.66719990793644,0.3986,0.4047,-7.247058823529412
195.942,48.742,48.66719990793644,0.3986,0.4047,-7.247058823529412
195.992,49.255,48.665365348936156,0.3985,0.4047,-7.247058823529412
196.042,47.912,48.665365348936156,0.3985,0.4047,-7.105882352941176
196.092,48.254,48.666208444085925,0.3984,0.4047,-7.105882352941176
196.144,48.059,48.66122899999995,0.3984,0.4047,7.2
196.193,48.23,48.66122899999995,0.3982,0.4047,7.2
196.243,48.132,48.67840684680859,0.3981,0.4047,7.2
196.293,48.571,48.67840684680859,0.3981,0.4047,7.2
196.343,48.718,48.663168799999944,0.3981,0.4047,7.2
196.393,49.109,48.663168799999944,0.3981,0.4047,7.105882352941176
196.443,49.133,48.66378919999994,0.3981,0.4047,0.0
196.493,49.133,48.66378919999994,0.3979,0.4047,0.0
196.543,49.28,48.6755742881719,0.3979,0.4047,-7.247058823529412
196.593,49.304,48.6755742881719,0.3979,0.4047,-7.247058823529412
196.643,48.547,48.66556959999995,0.3979,0.4047,-7.294117647058823
196.693,48.694,48.66556959999995,0.3981,0.4047,-7.294117647058823
196.743,48.694,48.6551517021275,0.3981,0.4047,-7.294117647058823
196.793,48.205,48.6551517021275,0.3981,0.4047,0.0
196.843,48.23,48.666509399999946,0.3981,0.4047,0.0
196.893,48.449,48.666509399999946,0.3981,0.4047,7.247058823529412
196.943,48.254,48.667129799999934,0.3981,0.4047,7.2
196.993,48.474,48.667129799999934,0.3982,0.4047,7.2
197.043,48.669,48.66215795591396,0.3982,0.4047,7.2
197.093,48.791,48.66215795591396,0.3983,0.4047,7.2
197.143,49.084,48.658736390909084,0.3984,0.4047,0.0
197.193,49.158,48.658736390909084,0.3984,0.4047,-7.105882352941176
197.243,49.109,48.66841949999994,0.3984,0.4047,-7.105882352941176
197.293,48.645,48.66841949999994,0.3986,0.4047,-7.247058823529412
197.343,48.523,48.65783411182799,0.3986,0.4047,-7.247058823529412
197.393,48.449,48.66897109999994,0.3986,0.4047,0.0
197.443,48.376,48.66897109999994,0.3987,0.4047,7.105882352941176
197.493,48.327,48.664015951063725,0.3987,0.4047,7.105882352941176
197.543,48.694,48.664015951063725,0.3987,0.4047,7.152941176470589
197.593,48.791,48.669989099999945,0.3987,0.4047,7.152941176470589
197.643,49.084,48.669989099999945,0.3989,0.4047,0.0
197.693,49.304,48.659496002127504,0.3989,0.4047,-7.105882352941176
197.743,48.913,48.659496002127504,0.3989,0.4047,-7.105882352941176
197.793,49.28,48.670673699999945,0.3989,0.4047,-7.294117647058823
197.843,48.23,48.65475348412695,0.3991,0.4047,-7.294117647058823
197.893,48.498,48.65475348412695,0.3991,0.4047,-7.294117647058823
197.943,48.327,48.67115289999994,0.3991,0.4047,7.2
197.993,48.132,48.67115289999994,0.3991,0.4047,7.2
198.043,48.474,48.67167369999994,0.3991,0.4047,7.2
198.093,48.425,48.672026499999944,0.3991,0.4047,7.2
198.145,48.987,48.672026499999944,0.3991,0.4047,7.152941176470589
198.194,48.938,48.672552899999936,0.3991,0.4047,7.152941176470589
198.244,49.499,48.672552899999936,0.3992,0.4047,7.152941176470589
198.294,49.353,48.667488055913964,0.3992,0.4047,-7.152941176470589
198.344,49.255,48.66506809206345,0.3993,0.4047,-7.152941176470589
198.394,49.866,48.66506809206345,0.3993,0.4047,-7.294117647058823
198.444,48.84,48.67351219999994,0.3993,0.4047,-7.294117647058823
198.494,49.133,48.67351219999994,0.3993,0.4047,-7.294117647058823
198.544,48.645,48.67401439999994,0.3993,0.4047,-7.105882352941176
198.594,48.474,48.674354599999944,0.3993,0.4047,-7.105882352941176
198.644,47.985,48.674354599999944,0.3993,0.4047,0.0
198.694,48.01,48.674862199999936,0.3993,0.4047,0.0
198.744,47.863,48.674862199999936,0.3993,0.4047,7.341176470588235
198.794,48.571,48.67536439999994,0.3993,0.4047,7.341176470588235
198.844,48.352,48.675704599999946,0.3993,0.4047,7.341176470588235
198.894,48.791,48.675704599999946,0.3993,0.4047,7.341176470588235
198.944,48.669,48.67621219999994,0.3993,0.4047,7.2
198.994,48.889,48.67621219999994,0.3993,0.4047,7.2
199.044,49.353,48.676714399999945,0.3993,0.4047,0.0
199.094,49.402,48.685197407936435,0.3992,0.4047,0.0
199.144,49.426,48.685197407936435,0.3992,0.4047,-7.294117647058823
199.194,49.621,48.67777789999994,0.3992,0.4047,-7.341176470588235
199.244,49.084,48.67777789999994,0.3992,0.4047,-7.341176470588235
199.294,49.377,48.67828939999994,0.3992,0.4047,-7.435294117647059
199.344,49.231,48.678635899999946,0.3992,0.4047,-7.435294117647059
199.394,48.254,48.678635899999946,0.3992,0.4047,-7.341176470588235
199.444,48.01,48.67915289999994,0.3992,0.4047,-7.247058823529412
199.494,47.961,48.67915289999994,0.3992,0.4047,-7.247058823529412
199.544,47.692,48.67966439999994,0.3992,0.4047,7.294117647058823
199.594,48.059,48.68001089999994,0.3992,0.4047,7.294117647058823
199.644,48.132,48.68001089999994,0.3992,0.4047,7.435294117647059
199.694,48.156,48.68052789999994,0.3992,0.4047,7.294117647058823
199.744,48.498,48.68052789999994,0.3993,0.4047,7.294117647058823
199.794,48.694,48.664282467742005,0.3995,0.4047,7.247058823529412
199.844,49.06,48.672596292063446,0.3996,0.4047,7.247058823529412
199.894,49.206,48.672596292063446,0.3997,0.4047,0.0
199.944,49.304,48.67548365106372,0.3997,0.4047,0.0
199.994,49.255,48.67548365106372,0.3998,0.4047,-7.247058823529412
200.044,49.255,48.66451086774201,0.4,0.4047,-7.247058823529412
200.094,49.475,48.67279319206345,0.4001,0.4047,-7.294117647058823
200.146,48.303,48.67279319206345,0.4001,0.4047,-7.341176470588235
200.195,48.645,48.67563355106372,0.4002,0.4047,-7.341176470588235
200.245,48.571,48.67563355106372,0.4004,0.4047,-7.341176470588235
200.295,47.961,48.670199911827986,0.4004,0.4047,0.0
200.345,47.937,48.673080692063444,0.4005,0.4047,0.0
200.395,47.839,48.673080692063444,0.4009,0.4047,7.341176470588235
200.445,47.839,48.65929780425507,0.4009,0.4047,7.341176470588235
200.495,47.863,48.65929780425507,0.4011,0.4047,7.341176470588235
200.545,48.425,48.669756511827984,0.4011,0.4047,7.3882352941176475
200.595,48.767,48.66445038412695,0.4013,0.4047,7.3882352941176475
200.645,48.987,48.66445038412695,0.4013,0.4047,7.152941176470589
200.695,49.035,48.68064299999994,0.4013,0.4047,-7.105882352941176
200.745,48.84,48.68064299999994,0.4015,0.4047,-7.105882352941176
200.795,48.62,48.65861662365603,0.4017,0.4047,-7.2
200.845,49.011,48.672168192063445,0.4018,0.4047,-7.2
200.895,48.718,48.672168192063445,0.4019,0.4047,0.0
200.945,48.694,48.6693202021275,0.402,0.4047,0.0
200.995,48.694,48.6693202021275,0.402,0.4047,0.0
201.045,48.718,48.68020959999994,0.402,0.4047,0.0
201.095,48.694,48.66409408412695,0.4022,0.4047,0.0
201.145,48.694,48.66409408412695,0.4022,0.4047,0.0
201.195,48.694,48.68020209999994,0.4022,0.4047,0.0
201.245,48.694,48.68020209999994,0.4023,0.4047,0.0
201.295,48.694,48.674848955913966,0.4023,0.4047,0.0
201.345,48.694,48.680376499999944,0.4023,0.4047,0.0
201.395,48.694,48.680376499999944,0.4025,0.4047,0.0
201.445,48.718,48.6695450021275,0.4025,0.4047,0.0
201.495,48.694,48.6695450021275,0.4025,0.4047,0.0
201.545,48.718,48.68038789999994,0.4025,0.4047,0.0
201.595,48.694,48.68052649999994,0.4025,0.4047,0.0
201.645,48.718,48.68052649999994,0.4025,0.4047,0.0
201.695,48.694,48.68073329999994,0.4025,0.4047,0.0
201.745,48.694,48.68073329999994,0.4025,0.4047,0.0
201.795,48.694,48.68093789999994,0.4025,0.4047,0.0
201.845,48.694,48.68107649999994,0.4025,0.4047,0.0
201.895,48.718,48.68107649999994,0.4025,0.4047,0.0
201.945,48.694,48.68681184893616,0.4024,0.4047,0.0
201.995,48.718,48.68681184893616,0.4024,0.4047,0.0
202.045,48.718,48.68170659999994,0.4024,0.4047,0.0
202.095,48.694,48.681851499999944,0.4024,0.4047,0.0
202.147,48.694,48.681851499999944,0.4024,0.4047,0.0
202.197,48.694,48.68759624893616,0.4023,0.4047,0.0
202.246,48.718,48.68759624893616,0.4023,0.4047,0.0
202.296,48.694,48.682500299999944,0.4023,0.4047,0.0
202.346,48.718,48.68265149999994,0.4023,0.4047,0.0
202.396,48.694,48.68265149999994,0.4023,0.4047,0.0
202.446,48.694,48.68287709999994,0.4023,0.4047,0.0
202.496,48.718,48.68287709999994,0.4023,0.4047,0.0
202.546,48.718,48.68310029999994,0.4023,0.4047,0.0
202.596,48.694,48.68325149999994,0.4023,0.4047,0.0
202.646,48.718,48.68325149999994,0.4023,0.4047,0.0
202.696,48.694,48.68347709999994,0.4023,0.4047,0.0
202.746,48.718,48.68347709999994,0.4023,0.4047,0.0
202.796,48.694,48.67252901182798,0.4025,0.4047,0.0
202.846,48.694,48.683420299999945,0.4025,0.4047,0.0
202.896,48.694,48.683420299999945,0.4025,0.4047,0.0
202.946,48.694,48.67809855106372,0.4026,0.4047,0.0
202.996,48.694,48.67809855106372,0.4026,0.4047,0.0
203.046,48.694,48.683612999999944,0.4026,0.4047,0.0
203.096,48.694,48.68374529999994,0.4026,0.4047,0.0
203.146,48.694,48.68374529999994,0.4028,0.4047,0.0
203.196,48.694,48.6728856021275,0.4028,0.4047,0.0
203.246,48.718,48.6728856021275,0.403,0.4047,0.0
203.296,48.694,48.666943667742004,0.4031,0.4047,0.0
203.346,48.718,48.68317349999994,0.4031,0.4047,0.0
203.396,48.718,48.68317349999994,0.4031,0.4047,0.0
203.446,48.694,48.6722668021275,0.4033,0.4047,0.0
203.496,48.718,48.6722668021275,0.4033,0.4047,0.0
203.546,48.694,48.68303529999994,0.4033,0.4047,0.0
203.596,48.694,48.65055226825396,0.4037,0.4047,0.0
203.646,48.718,48.65055226825396,0.4038,0.4047,0.0
203.696,48.694,48.67686375106372,0.4038,0.4047,0.0
203.746,48.694,48.67686375106372,0.4038,0.4047,0.0
203.796,48.718,48.676680955913966,0.4039,0.4047,0.0
203.846,48.694,48.68210769999994,0.4039,0.4047,0.0
203.896,48.718,48.68210769999994,0.4043,0.4047,0.0
203.946,48.694,48.66006870425507,0.4043,0.4047,0.0
203.996,48.694,48.66006870425507,0.4044,0.4047,0.0
204.046,48.718,48.66462556774201,0.4046,0.4047,0.0
204.096,48.694,48.65633247619046,0.4049,0.4047,0.0
204.148,48.694,48.65633247619046,0.4049,0.4047,0.0
204.197,48.694,48.68012319999994,0.4049,0.4047,0.0
204.247,48.718,48.68012319999994,0.405,0.4047,0.0
204.297,48.694,48.67530334403665,0.405,0.4047,0.0
204.347,48.694,48.67530334403665,0.4051,0.4047,0.0
204.397,48.694,48.67433375106383,0.4051,0.4047,0.0
204.447,48.718,48.67433375106383,0.4051,0.4047,0.0
204.497,48.694,48.66855820212751,0.4053,0.4047,0.0
204.547,48.694,48.66855820212751,0.4053,0.4047,0.0
204.597,48.694,48.67913109999994,0.4053,0.4047,0.0
204.647,48.694,48.67913109999994,0.4054,0.4047,0.0
204.697,48.694,48.673546151063725,0.4054,0.4047,0.0
204.747,48.694,48.673546151063725,0.4055,0.4047,0.0
204.797,48.742,48.67321455591396,0.4055,0.4047,0.0
204.847,49.182,48.67854049999994,0.4055,0.4047,-7.105882352941176
204.897,48.889,48.67854049999994,0.4055,0.4047,-7.105882352941176
204.947,47.937,48.67846529999994,0.4055,0.4047,-7.105882352941176
204.997,48.059,48.67846529999994,0.4055,0.4047,-7.152941176470589
205.047,47.888,48.67837809999994,0.4055,0.4047,-7.152941176470589
205.097,47.766,48.67837809999994,0.4055,0.4047,7.294117647058823
205.147,47.643,48.67830289999994,0.4055,0.4047,7.341176470588235
205.197,48.23,48.67830289999994,0.4055,0.4047,7.341176470588235
205.247,48.132,48.678227699999944,0.4055,0.4047,7.435294117647059
205.297,48.474,48.67817809999994,0.4055,0.4047,7.435294117647059
205.347,48.987,48.67817809999994,0.4055,0.4047,7.247058823529412
205.397,48.889,48.68363144893606,0.4054,0.4047,7.152941176470589
205.447,49.402,48.68363144893606,0.4054,0.4047,7.152941176470589
205.497,49.597,48.67824649999994,0.4054,0.4047,-7.152941176470589
205.547,49.597,48.68647381612899,0.4053,0.4047,-7.152941176470589
205.597,49.573,48.68647381612899,0.4053,0.4047,-7.3882352941176475
205.647,49.255,48.67835289999994,0.4053,0.4047,-7.3882352941176475
205.697,48.962,48.67835289999994,0.4053,0.4047,-7.3882352941176475
205.747,48.694,48.68382504893616,0.4052,0.4047,-7.294117647058823
205.797,48.303,48.67847489999994,0.4052,0.4047,-7.294117647058823
205.847,48.01,48.67847489999994,0.4052,0.4047,0.0
205.897,47.473,48.67842789999994,0.4052,0.4047,7.2
205.947,48.23,48.67842789999994,0.4052,0.4047,7.2
205.997,48.718,48.683909448936156,0.4051,0.4047,7.529411764705882
206.047,48.181,48.67856549999994,0.4051,0.4047,7.529411764705882
206.097,48.767,48.67856549999994,0.4051,0.4047,0.0
206.149,48.669,48.67299935106382,0.4052,0.4047,7.247058823529412
206.198,48.962,48.67299935106382,0.4052,0.4047,7.247058823529412
206.248,49.109,48.678271499999944,0.4052,0.4047,0.0
206.298,49.109,48.678240499999944,0.4052,0.4047,0.0
206.348,49.206,48.678240499999944,0.4054,0.4047,-7.2
206.398,49.377,48.66713640212771,0.4054,0.4047,-7.2
206.448,48.523,48.66713640212771,0.4054,0.4047,-7.247058823529412
206.498,49.451,48.67770889999994,0.4054,0.4047,-7.247058823529412
206.548,48.425,48.66939478387089,0.4055,0.4047,7.105882352941176
206.598,48.523,48.66939478387089,0.4055,0.4047,-7.341176470588235
206.648,48.62,48.67738409999994,0.4055,0.4047,-7.341176470588235
206.698,49.573,48.67738409999994,0.4054,0.4047,7.105882352941176
206.748,48.23,48.67730889999994,0.4055,0.4047,7.105882352941176
206.798,48.425,48.67725929999994,0.4055,0.4047,-7.3882352941176475
206.848,48.352,48.67725929999994,0.4056,0.4047,7.247058823529412
206.898,48.107,48.67165555106382,0.4056,0.4047,7.247058823529412
206.948,48.669,48.67165555106382,0.4056,0.4047,7.2
206.998,48.62,48.67689009999994,0.4056,0.4047,7.2
207.048,48.938,48.66029286774185,0.4058,0.4047,0.0
207.098,49.011,48.66029286774185,0.4058,0.4047,0.0
207.148,49.353,48.670789951063824,0.4059,0.4047,-7.152941176470589
207.198,48.107,48.670789951063824,0.4061,0.4047,-7.152941176470589
207.248,49.109,48.65941065319129,0.4062,0.4047,-7.294117647058823
207.298,48.864,48.667004383870896,0.4063,0.4047,-7.294117647058823
207.348,48.01,48.667004383870896,0.4063,0.4047,-7.247058823529412
207.398,48.254,48.66938995106383,0.4064,0.4047,-7.247058823529412
207.448,48.156,48.66938995106383,0.4064,0.4047,7.294117647058823
207.498,47.937,48.66902075106373,0.4065,0.4047,7.294117647058823
207.548,48.107,48.67422829999994,0.4065,0.4047,7.247058823529412
207.598,48.523,48.67422829999994,0.4065,0.4047,7.341176470588235
207.648,48.694,48.668530551063824,0.4066,0.4047,7.341176470588235
207.698,48.913,48.668530551063824,0.4066,0.4047,7.105882352941176
207.748,49.304,48.67367109999994,0.4066,0.4047,7.105882352941176
207.798,49.28,48.673553299999945,0.4066,0.4047,-7.152941176470589
207.848,49.109,48.673553299999945,0.4066,0.4047,-7.152941176470589
207.898,49.426,48.66784615106383,0.4067,0.4047,-7.294117647058823
207.948,48.84,48.66784615106383,0.4068,0.4047,-7.294117647058823
207.998,49.06,48.661920202127504,0.4069,0.4047,-7.341176470588235
208.048,48.62,48.67242209999994,0.4069,0.4047,-7.341176470588235
208.098,48.23,48.67242209999994,0.407,0.4047,-7.2
208.15,47.961,48.66668675106382,0.407,0.4047,0.0
208.199,47.937,48.66668675106382,0.407,0.4047,0.0
208.249,48.156,48.67178969999994,0.407,0.4047,7.341176470588235
208.299,47.814,48.671647099999944,0.407,0.4047,7.341176470588235
208.349,48.474,48.671647099999944,0.407,0.4047,7.247058823529412
208.399,48.425,48.66590235106382,0.4071,0.4047,7.3882352941176475
208.449,49.035,48.66590235106382,0.4071,0.4047,7.3882352941176475
208.499,48.84,48.67095989999994,0.4071,0.4047,7.152941176470589
208.549,49.28,48.67095989999994,0.407,0.4047,7.152941176470589
208.599,49.524,48.67626284893606,0.407,0.4047,-7.105882352941176
208.649,49.231,48.67626284893606,0.407,0.4047,-7.105882352941176
208.699,49.109,48.67072749999994,0.407,0.4047,-7.3882352941176475
208.749,49.206,48.67072749999994,0.407,0.4047,-7.3882352941176475
208.799,49.084,48.67047679999994,0.407,0.4047,-7.247058823529412
208.849,48.376,48.67047679999994,0.407,0.4047,-7.247058823529412
208.899,48.694,48.67026059999994,0.407,0.4047,-7.247058823529412
208.949,47.912,48.67026059999994,0.407,0.4047,7.152941176470589
208.999,48.107,48.670044399999945,0.407,0.4047,7.152941176470589
209.049,48.156,48.661631083870894,0.4071,0.4047,7.341176470588235
209.099,48.694,48.661631083870894,0.4071,0.4047,7.341176470588235
209.149,48.889,48.66946999999994,0.4071,0.4047,7.247058823529412
209.199,48.962,48.66946999999994,0.4071,0.4047,7.247058823529412
209.249,49.475,48.66924439999994,0.4071,0.4047,-7.152941176470589
209.299,48.864,48.66909559999994,0.4071,0.4047,-7.152941176470589
209.349,49.109,48.66909559999994,0.4069,0.4047,-7.341176470588235
209.399,49.158,48.66886999999994,0.4071,0.4047,-7.341176470588235
209.449,48.4,48.66886999999994,0.4071,0.4047,-7.247058823529412
209.499,48.425,48.67820451192667,0.4069,0.4047,-7.247058823529412
209.549,48.034,48.67820451192667,0.4071,0.4047,7.152941176470589
209.599,48.303,48.657766302127705,0.4071,0.4047,7.152941176470589
209.649,48.62,48.657766302127705,0.4071,0.4047,7.152941176470589
209.699,48.645,48.668178999999945,0.4071,0.4047,7.2
209.749,48.864,48.668178999999945,0.4071,0.4047,7.2
209.799,48.962,48.66791739999994,0.4071,0.4047,0.0
209.849,49.011,48.66791739999994,0.4071,0.4047,-7.152941176470589
209.899,48.596,48.667691799999936,0.4071,0.4047,-7.152941176470589
209.949,48.913,48.667691799999936,0.4071,0.4047,-7.2
209.999,48.938,48.66746619999994,0.4071,0.4047,-7.2
210.049,47.741,48.6590466838709,0.4072,0.4047,-7.152941176470589
210.099,48.327,48.6590466838709,0.4073,0.4047,-7.152941176470589
210.151,47.912,48.66687619999994,0.4072,0.4047,7.3882352941176475
210.2,47.961,48.66687619999994,0.4072,0.4047,7.3882352941176475
210.25,47.668,48.66180564403658,0.4073,0.4047,7.341176470588235
210.3,47.985,48.66180564403658,0.4073,0.4047,7.341176470588235
210.35,48.645,48.66614839999994,0.4073,0.4047,7.435294117647059
210.4,49.06,48.66614839999994,0.4073,0.4047,7.435294117647059
210.45,49.158,48.66037545106372,0.4074,0.4047,0.0
210.5,49.182,48.66552719999994,0.4074,0.4047,0.0
210.55,49.548,48.66552719999994,0.4074,0.4047,-7.247058823529412
210.6,49.524,48.65974485106383,0.4075,0.4047,-7.247058823529412
210.65,49.255,48.65974485106383,0.4075,0.4047,-7.247058823529412
210.7,48.498,48.664800799999945,0.4075,0.4047,-7.3882352941176475
210.75,48.547,48.66462719999994,0.4075,0.4047,-7.3882352941176475
210.8,48.181,48.66462719999994,0.4075,0.4047,7.105882352941176
210.85,48.23,48.66436399999994,0.4075,0.4047,7.105882352941176
210.9,48.596,48.66436399999994,0.4076,0.4047,7.105882352941176
210.95,48.523,48.658572251063724,0.4076,0.4047,7.2
211.0,48.816,48.6554408838709,0.4077,0.4047,7.2
211.05,49.109,48.6554408838709,0.4077,0.4047,7.105882352941176
211.1,49.328,48.66322339999994,0.4077,0.4047,-7.105882352941176
211.15,48.694,48.66322339999994,0.4077,0.4047,-7.105882352941176
211.2,48.962,48.662941399999944,0.4077,0.4047,-7.294117647058823
211.25,49.206,48.662755399999945,0.4077,0.4047,-7.294117647058823
211.3,48.62,48.662755399999945,0.4077,0.4047,-7.152941176470589
211.35,48.376,48.66247339999994,0.4077,0.4047,-7.247058823529412
211.4,47.57,48.66247339999994,0.4078,0.4047,-7.247058823529412
211.45,49.475,48.65666285106372,0.4078,0.4047,7.152941176470589
211.5,47.79,48.661789799999944,0.4078,0.4047,7.152941176470589
211.55,47.937,48.661789799999944,0.408,0.4047,-7.3882352941176475
211.6,48.01,48.65044130212771,0.408,0.4047,7.3882352941176475
211.65,48.132,48.65044130212771,0.408,0.4047,7.3882352941176475
211.7,48.132,48.66076939999994,0.408,0.4047,7.294117647058823
211.75,48.742,48.660564799999946,0.408,0.4047,7.294117647058823
211.8,48.449,48.660564799999946,0.408,0.4047,7.247058823529412
211.85,49.182,48.66025459999994,0.408,0.4047,-7.105882352941176
211.9,48.62,48.66025459999994,0.408,0.4047,-7.105882352941176
211.95,48.498,48.659944399999944,0.408,0.4047,-7.247058823529412
212.0,49.206,48.65973979999994,0.408,0.4047,-7.247058823529412
212.05,48.669,48.65973979999994,0.4079,0.4047,7.105882352941176
212.1,48.352,48.66495814893606,0.4079,0.4047,-7.247058823529412
212.152,48.425,48.66495814893606,0.4079,0.4047,7.2
212.201,48.425,48.66486674893616,0.4078,0.4047,7.2
212.251,48.4,48.659355399999946,0.4078,0.4047,7.2
212.301,48.767,48.659355399999946,0.4078,0.4047,7.152941176470589
212.351,48.816,48.659063999999944,0.4078,0.4047,7.152941176470589
212.401,49.304,48.659063999999944,0.4077,0.4047,7.152941176470589
212.451,49.402,48.66430114893616,0.4077,0.4047,-7.105882352941176
212.501,49.988,48.658795999999946,0.4077,0.4047,-7.105882352941176
212.551,49.621,48.658795999999946,0.4077,0.4047,-7.341176470588235
212.601,49.695,48.66957109787217,0.4075,0.4047,-7.341176470588235
212.651,48.718,48.66957109787217,0.4075,0.4047,-7.435294117647059
212.701,48.816,48.658669599999946,0.4075,0.4047,-7.435294117647059
212.751,48.254,48.65849599999994,0.4075,0.4047,0.0
212.801,48.23,48.65849599999994,0.4075,0.4047,0.0
212.851,48.083,48.65823279999994,0.4075,0.4047,7.2
212.901,48.059,48.65823279999994,0.4075,0.4047,7.2
212.951,48.327,48.657969599999944,0.4075,0.4047,7.294117647058823
213.001,48.669,48.65779599999994,0.4075,0.4047,7.294117647058823
213.051,48.84,48.65779599999994,0.4075,0.4047,7.2
213.101,49.109,48.65753279999994,0.4075,0.4047,0.0
213.151,49.158,48.65753279999994,0.4075,0.4047,0.0
213.201,49.353,48.65726959999994,0.4075,0.4047,-7.247058823529412
213.251,49.133,48.67363743225803,0.4073,0.4047,-7.247058823529412
213.301,48.889,48.67363743225803,0.4073,0.4047,-7.341176470588235
213.351,48.547,48.65726399999994,0.4073,0.4047,-7.341176470588235
213.401,48.645,48.65726399999994,0.4072,0.4047,-7.152941176470589
213.451,48.278,48.66254814893616,0.4072,0.4047,-7.152941176470589
213.501,47.961,48.657073999999945,0.4072,0.4047,0.0
213.551,47.863,48.657073999999945,0.4073,0.4047,7.2
213.601,48.107,48.65683899999994,0.4072,0.4047,7.2
213.651,48.278,48.65683899999994,0.4072,0.4047,7.341176470588235
213.701,48.596,48.656603999999945,0.4072,0.4047,7.341176470588235
213.751,48.669,48.656448999999945,0.4072,0.4047,7.2
213.801,48.962,48.656448999999945,0.4072,0.4047,7.2
213.851,49.206,48.65621399999994,0.4072,0.4047,0.0
213.901,49.182,48.65621399999994,0.4072,0.4047,0.0
213.951,49.499,48.655978999999945,0.4072,0.4047,-7.247058823529412
214.001,49.524,48.655823999999946,0.4072,0.4047,-7.247058823529412
214.051,48.913,48.655823999999946,0.4072,0.4047,-7.3882352941176475
214.101,49.377,48.65558899999994,0.4072,0.4047,-7.3882352941176475
214.153,48.571,48.65558899999994,0.4072,0.4047,-7.341176470588235
214.202,48.034,48.64982545106373,0.4073,0.4047,-7.341176470588235
214.252,48.034,48.65498339999994,0.4073,0.4047,-7.341176470588235
214.302,47.863,48.65498339999994,0.4073,0.4047,7.294117647058823
214.352,47.766,48.65473899999994,0.4073,0.4047,7.294117647058823
214.402,47.888,48.65473899999994,0.4072,0.4047,7.341176470588235
214.452,48.23,48.65449459999994,0.4073,0.4047,7.341176470588235
214.502,48.498,48.65433339999994,0.4073,0.4047,7.341176470588235
214.552,48.913,48.65433339999994,0.4073,0.4047,7.2
214.602,48.84,48.65408899999994,0.4073,0.4047,7.2
214.652,48.181,48.65408899999994,0.4074,0.4047,-7.152941176470589
214.702,49.377,48.64831605106372,0.4074,0.4047,-7.152941176470589
214.752,49.182,48.653467799999945,0.4074,0.4047,7.247058823529412
214.802,49.304,48.653467799999945,0.4075,0.4047,7.247058823529412
214.852,49.524,48.65321399999994,0.4074,0.4047,-7.247058823529412
214.902,49.426,48.65321399999994,0.4074,0.4047,-7.247058823529412
214.952,49.548,48.64743165106373,0.4075,0.4047,-7.3882352941176475
215.002,48.694,48.660847916128986,0.4074,0.4047,-7.3882352941176475
215.052,48.742,48.660847916128986,0.4074,0.4047,-7.3882352941176475
215.102,48.84,48.652529599999944,0.4074,0.4047,-7.3882352941176475
215.152,48.132,48.652529599999944,0.4074,0.4047,-7.105882352941176
215.202,47.985,48.65227579999994,0.4074,0.4047,-7.105882352941176
215.252,47.57,48.652108399999946,0.4074,0.4047,7.247058823529412
215.302,47.863,48.652108399999946,0.4074,0.4047,7.294117647058823
215.352,47.863,48.65185459999994,0.4074,0.4047,7.294117647058823
215.402,48.23,48.65185459999994,0.4074,0.4047,7.341176470588235
215.452,48.938,48.65160079999994,0.4074,0.4047,7.341176470588235
215.502,48.547,48.651433399999945,0.4074,0.4047,7.2
215.552,49.035,48.651433399999945,0.4074,0.4047,-7.152941176470589
215.602,48.718,48.65117959999994,0.4074,0.4047,-7.152941176470589
215.652,48.498,48.65117959999994,0.4074,0.4047,-7.2
215.702,49.28,48.650925799999946,0.4074,0.4047,-7.2
215.752,48.254,48.650758399999944,0.4074,0.4047,7.105882352941176
215.802,48.523,48.650758399999944,0.4074,0.4047,-7.294117647058823
215.852,48.449,48.65050459999994,0.4074,0.4047,-7.294117647058823
215.902,48.107,48.65050459999994,0.4074,0.4047,7.105882352941176
215.952,48.132,48.655779348936164,0.4073,0.4047,7.105882352941176
216.002,48.474,48.65029899999994,0.4073,0.4047,7.247058823529412
216.052,48.449,48.65029899999994,0.4073,0.4047,7.247058823529412
216.102,48.913,48.66664024680829,0.407,0.4047,7.105882352941176
216.154,49.011,48.66664024680829,0.407,0.4047,-7.152941176470589
216.203,49.133,48.65043209999994,0.407,0.4047,-7.152941176470589
216.253,48.962,48.65043209999994,0.4069,0.4047,-7.152941176470589
216.303,48.278,48.65574444893616,0.4069,0.4047,-7.247058823529412
216.353,48.4,48.65574444893616,0.4068,0.4047,-7.247058823529412
216.403,48.181,48.65574704893606,0.4068,0.4047,7.2
216.453,48.205,48.658568416128986,0.4067,0.4047,7.2
216.503,48.425,48.658568416128986,0.4066,0.4047,7.247058823529412
216.553,48.62,48.65584444893616,0.4066,0.4047,7.247058823529412
216.603,48.816,48.65584444893616,0.4065,0.4047,7.247058823529412
216.653,49.011,48.661403797872175,0.4064,0.4047,0.0
216.703,49.109,48.65066009999994,0.4064,0.4047,-7.2
216.753,49.133,48.65066009999994,0.4064,0.4047,-7.2
216.803,48.767,48.65602884893616,0.4063,0.4047,-7.247058823529412
216.853,48.987,48.65602884893616,0.4063,0.4047,-7.247058823529412
216.903,48.596,48.65608784893605,0.4062,0.4047,-7.105882352941176
216.953,47.985,48.65608784893605,0.4062,0.4047,-7.105882352941176
217.003,47.888,48.65540325596331,0.4061,0.4047,0.0
217.053,48.132,48.65540325596331,0.4059,0.4047,7.294117647058823
217.103,48.034,48.66727014680829,0.4058,0.4047,7.294117647058823
217.153,48.132,48.66727014680829,0.4058,0.4047,7.247058823529412
217.203,48.523,48.65673784893616,0.4057,0.4047,7.247058823529412
217.253,48.791,48.651356699999944,0.4057,0.4047,7.247058823529412
217.303,49.06,48.651356699999944,0.4057,0.4047,7.105882352941176
217.353,49.231,48.65126269999994,0.4057,0.4047,7.105882352941176
217.403,49.353,48.65126269999994,0.4055,0.4047,-7.2
217.453,48.962,48.660749811926514,0.4055,0.4047,-7.2
217.503,49.304,48.660749811926514,0.4055,0.4047,-7.341176470588235
217.553,49.084,48.657028848936164,0.4054,0.4047,-7.152941176470589
217.603,48.254,48.657028848936164,0.4053,0.4047,-7.152941176470589
217.653,48.449,48.65717244893606,0.4053,0.4047,-7.2
217.703,48.181,48.66008681612899,0.4052,0.4047,-7.2
217.753,47.961,48.66008681612899,0.4052,0.4047,7.152941176470589
217.803,47.888,48.65197529999994,0.4052,0.4047,7.247058823529412
217.853,48.083,48.65197529999994,0.4052,0.4047,7.247058823529412
217.903,48.425,48.65745684893606,0.4051,0.4047,7.341176470588235
217.953,48.767,48.65211289999994,0.4051,0.4047,7.341176470588235
218.003,48.767,48.65211289999994,0.4049,0.4047,7.152941176470589
218.053,49.035,48.6686609468086,0.4048,0.4047,-7.105882352941176
218.103,49.206,48.6686609468086,0.4048,0.4047,-7.105882352941176
218.155,49.011,48.658222648936054,0.4047,0.4047,-7.2
218.204,48.327,48.652903499999944,0.4047,0.4047,-7.2
218.254,47.985,48.652903499999944,0.4047,0.4047,-7.2
218.304,48.449,48.652903499999944,0.4047,0.4047,-7.2
218.354,47.912,48.652903499999944,0.4047,0.4047,7.294117647058823
218.404,48.01,48.652903499999944,0.4047,0.4047,7.294117647058823
218.454,48.254,48.661174216128984,0.4046,0.4047,7.341176470588235
218.504,48.303,48.661174216128984,0.4047,0.4047,7.341176470588235
218.554,49.084,48.64759055106372,0.4047,0.4047,7.2
218.604,48.913,48.64759055106372,0.4046,0.4047,7.2
218.654,50.232,48.65843824893606,0.4046,0.4047,-7.2
218.704,49.451,48.65312529999994,0.4046,0.4047,-7.2
218.754,49.133,48.65312529999994,0.4045,0.4047,-7.670588235294118
218.804,48.962,48.664191797872384,0.4044,0.4047,-7.341176470588235
218.854,48.107,48.664191797872384,0.4044,0.4047,-7.341176470588235
218.904,48.059,48.65358169999994,0.4044,0.4047,-7.152941176470589
218.954,47.546,48.653600299999944,0.4044,0.4047,-7.152941176470589
219.004,47.912,48.653600299999944,0.4041,0.4047,7.294117647058823
219.054,47.961,48.6702141468086,0.4041,0.4047,7.294117647058823
219.104,47.863,48.6702141468086,0.4041,0.4047,7.341176470588235
219.154,48.4,48.65984164893606,0.404,0.4047,7.341176470588235
219.204,48.523,48.66283661612899,0.4039,0.4047,7.341176470588235
219.254,48.4,48.66283661612899,0.4038,0.4047,7.341176470588235
219.304,49.353,48.660375848936155,0.4038,0.4047,7.105882352941176
219.354,49.426,48.660375848936155,0.4038,0.4047,7.105882352941176
219.404,49.328,48.65514129999994,0.4038,0.4047,-7.341176470588235
219.454,49.231,48.663467816128986,0.4037,0.4047,-7.341176470588235
219.504,49.426,48.663467816128986,0.4037,0.4047,-7.294117647058823
219.554,48.596,48.661025848936156,0.4036,0.4047,-7.294117647058823
219.604,48.791,48.661025848936156,0.4034,0.4047,-7.294117647058823
219.654,48.376,48.66686719787217,0.4034,0.4047,7.105882352941176
219.704,48.596,48.66458021612899,0.4033,0.4047,7.105882352941176
219.754,48.498,48.66458021612899,0.4032,0.4047,7.152941176470589
219.804,48.742,48.66217584893616,0.4032,0.4047,7.105882352941176
219.854,49.353,48.66217584893616,0.4031,0.4047,7.105882352941176
219.904,49.109,48.662526248936054,0.4031,0.4047,-7.105882352941176
219.954,48.816,48.657306299999945,0.4031,0.4047,-7.105882352941176
220.004,48.767,48.657306299999945,0.403,0.4047,-7.247058823529412
220.054,48.596,48.66298524893616,0.403,0.4047,-7.105882352941176
220.104,48.181,48.66298524893616,0.403,0.4047,-7.105882352941176
220.156,48.107,48.66335444893606,0.4029,0.4047,7.105882352941176
220.205,48.376,48.65814689999994,0.4029,0.4047,7.105882352941176
220.255,48.352,48.65814689999994,0.4027,0.4047,7.247058823529412
220.305,48.694,48.674901746808594,0.4026,0.4047,7.247058823529412
220.355,48.816,48.674901746808594,0.4026,0.4047,7.152941176470589
220.405,48.938,48.664670248936055,0.4025,0.4047,7.152941176470589
220.455,49.524,48.66775821612899,0.4024,0.4047,-7.105882352941176
220.505,49.499,48.66775821612899,0.4024,0.4047,-7.152941176470589
220.555,49.499,48.65990989999994,0.4024,0.4047,-7.152941176470589
220.605,49.621,48.65990989999994,0.4024,0.4047,-7.3882352941176475
220.655,49.084,48.66012609999994,0.4024,0.4047,-7.3882352941176475
220.705,48.376,48.668539416128986,0.4023,0.4047,-7.435294117647059
220.755,48.791,48.668539416128986,0.4021,0.4047,-7.435294117647059
220.805,47.912,48.67175759787238,0.4021,0.4047,7.152941176470589
220.855,48.034,48.67175759787238,0.4021,0.4047,7.152941176470589
220.905,48.132,48.66136369999994,0.4021,0.4047,7.341176470588235
220.955,48.254,48.66152489999994,0.4021,0.4047,7.341176470588235
221.005,49.158,48.66152489999994,0.4019,0.4047,7.247058823529412
221.055,48.816,48.6783549468086,0.4018,0.4047,7.247058823529412
221.105,49.035,48.6783549468086,0.4018,0.4047,-7.247058823529412
221.155,49.377,48.66267009999994,0.4018,0.4047,-7.247058823529412
221.205,48.767,48.67112061612899,0.4017,0.4047,-7.2
221.255,49.451,48.67112061612899,0.4017,0.4047,-7.341176470588235
221.305,48.864,48.66333809999994,0.4017,0.4047,-7.341176470588235
221.355,48.034,48.66333809999994,0.4018,0.4047,-7.341176470588235
221.405,48.278,48.658867044036654,0.4018,0.4047,-7.341176470588235
221.455,47.717,48.658867044036654,0.4017,0.4047,7.294117647058823
221.505,47.912,48.669255348936154,0.4017,0.4047,7.2
221.555,47.888,48.669255348936154,0.4017,0.4047,7.2
221.605,48.083,48.664218199999944,0.4017,0.4047,7.341176470588235
221.655,48.474,48.664218199999944,0.4017,0.4047,7.341176470588235
221.705,48.718,48.66454519999994,0.4017,0.4047,7.294117647058823
221.755,49.06,48.66454519999994,0.4017,0.4047,7.294117647058823
221.805,49.402,48.66482719999994,0.4017,0.4047,0.0
221.855,49.377,48.66482719999994,0.4017,0.4047,0.0
221.905,49.353,48.66510919999994,0.4017,0.4047,-7.341176470588235
221.955,49.426,48.66529519999994,0.4017,0.4047,-7.341176470588235
222.005,49.206,48.66529519999994,0.4017,0.4047,-7.341176470588235
222.055,49.28,48.66557719999994,0.4017,0.4047,-7.341176470588235
222.105,49.158,48.66557719999994,0.4017,0.4047,-7.341176470588235
222.157,48.23,48.66590419999994,0.4017,0.4047,-7.294117647058823
222.206,48.23,48.66590419999994,0.4018,0.4047,-7.294117647058823
222.256,47.863,48.66065765106372,0.4018,0.4047,7.2
222.306,49.06,48.66065765106372,0.4018,0.4047,7.2
222.356,48.181,48.66624939999994,0.4018,0.4047,7.341176470588235
222.406,48.23,48.66624939999994,0.4018,0.4047,7.341176470588235
222.456,48.571,48.66656549999994,0.4018,0.4047,7.247058823529412
222.506,48.889,48.66656549999994,0.4019,0.4047,7.2
222.556,49.182,48.661309551063724,0.4019,0.4047,7.2
222.606,49.28,48.661309551063724,0.4019,0.4047,-7.152941176470589
222.656,48.84,48.66693389999994,0.4019,0.4047,-7.152941176470589
222.706,48.962,48.66693389999994,0.4019,0.4047,-7.294117647058823
222.756,48.694,48.66719709999994,0.4019,0.4047,-7.105882352941176
222.806,48.938,48.66719709999994,0.4019,0.4047,-7.105882352941176
222.856,48.4,48.66746029999994,0.4019,0.4047,0.0
222.906,48.352,48.66763389999994,0.4019,0.4047,0.0
222.956,48.474,48.66763389999994,0.4021,0.4047,7.152941176470589
223.006,48.376,48.656840002127495,0.4021,0.4047,7.2
223.056,48.645,48.656840002127495,0.4021,0.4047,7.2
223.106,48.767,48.678779797872174,0.4019,0.4047,7.152941176470589
223.156,48.889,48.668315099999944,0.4019,0.4047,7.152941176470589
223.206,49.28,48.668315099999944,0.4019,0.4047,-7.105882352941176
223.256,49.597,48.674106848936155,0.4018,0.4047,-7.152941176470589
223.306,49.231,48.674106848936155,0.4017,0.4047,-7.152941176470589
223.356,48.669,48.674588848936054,0.4017,0.4047,-7.3882352941176475
223.406,48.181,48.674588848936054,0.4015,0.4047,-7.3882352941176475
223.456,48.425,48.67919281192651,0.4015,0.4047,0.0
223.506,48.303,48.67919281192651,0.4015,0.4047,7.247058823529412
223.556,48.23,48.67031929999994,0.4015,0.4047,7.247058823529412
223.606,48.571,48.67031929999994,0.4013,0.4047,7.2
223.656,48.791,48.68026421192651,0.4013,0.4047,7.2
223.706,49.06,48.68026421192651,0.4013,0.4047,7.105882352941176
223.756,49.377,48.67140949999994,0.4013,0.4047,-7.105882352941176
223.806,48.767,48.67140949999994,0.4013,0.4047,-7.105882352941176
223.856,48.62,48.677257648936056,0.4012,0.4047,-7.341176470588235
223.906,49.353,48.67215549999994,0.4012,0.4047,-7.341176470588235
223.956,48.694,48.67215549999994,0.4011,0.4047,0.0
224.006,48.694,48.67801304893616,0.4011,0.4047,-7.294117647058823
224.056,48.254,48.67801304893616,0.4011,0.4047,-7.294117647058823
224.106,48.303,48.68408939787218,0.4009,0.4047,0.0
224.158,48.254,48.67368669999994,0.4009,0.4047,7.2
224.207,48.376,48.67368669999994,0.4009,0.4047,7.2
224.257,48.425,48.685100997872375,0.4007,0.4047,7.2
224.307,48.523,48.685100997872375,0.4007,0.4047,7.2
224.357,48.864,48.68036724893606,0.4006,0.4047,7.152941176470589
224.407,48.962,48.67530229999994,0.4006,0.4047,7.152941176470589
224.457,49.475,48.67530229999994,0.4006,0.4047,-7.105882352941176
224.507,49.499,48.67568769999994,0.4006,0.4047,-7.152941176470589
224.557,49.255,48.67568769999994,0.4006,0.4047,-7.152941176470589
224.607,49.06,48.67607309999994,0.4006,0.4047,-7.3882352941176475
224.657,48.889,48.67632729999994,0.4006,0.4047,-7.3882352941176475
224.707,48.571,48.67632729999994,0.4006,0.4047,-7.2
224.757,48.4,48.67671269999994,0.4006,0.4047,-7.152941176470589
224.807,47.57,48.67671269999994,0.4006,0.4047,-7.152941176470589
224.857,47.985,48.67709809999994,0.4006,0.4047,7.152941176470589
224.907,47.863,48.67735229999994,0.4006,0.4047,7.152941176470589
224.957,47.741,48.67735229999994,0.4006,0.4047,7.341176470588235
225.007,48.01,48.67220915106372,0.4007,0.4047,7.3882352941176475
225.057,48.376,48.67220915106372,0.4007,0.4047,7.3882352941176475
225.107,48.864,48.677904299999945,0.4007,0.4047,7.294117647058823
225.157,49.109,48.678152299999944,0.4007,0.4047,7.294117647058823
225.207,49.377,48.678152299999944,0.4007,0.4047,-7.105882352941176
225.257,49.451,48.67852829999994,0.4007,0.4047,-7.2
225.307,49.524,48.67852829999994,0.4007,0.4047,-7.2
225.357,49.158,48.67890429999994,0.4007,0.4047,-7.341176470588235
225.407,48.669,48.64606943548376,0.4011,0.4047,-7.341176470588235
225.457,48.4,48.64606943548376,0.4011,0.4047,-7.247058823529412
225.507,48.083,48.6676088021275,0.4013,0.4047,0.0
225.557,48.01,48.6676088021275,0.4013,0.4047,0.0
225.607,48.01,48.67856669999994,0.4013,0.4047,7.294117647058823
225.657,48.254,48.6705067838709,0.4014,0.4047,7.294117647058823
225.707,47.839,48.6705067838709,0.4014,0.4047,7.294117647058823
225.757,48.425,48.67888149999994,0.4014,0.4047,7.2
225.807,48.718,48.67888149999994,0.4015,0.4047,7.2
225.857,49.011,48.67366315106382,0.4015,0.4047,7.152941176470589
225.907,49.499,48.67918069999994,0.4015,0.4047,7.152941176470589
225.957,49.499,48.67918069999994,0.4015,0.4047,-7.2
226.007,49.28,48.67948149999994,0.4015,0.4047,-7.3882352941176475
226.057,49.475,48.67948149999994,0.4015,0.4047,-7.3882352941176475
226.107,49.158,48.67978229999994,0.4015,0.4047,-7.294117647058823
226.159,48.718,48.6717099838709,0.4016,0.4047,-7.294117647058823
226.208,48.376,48.6717099838709,0.4016,0.4047,-7.247058823529412
226.258,48.23,48.68006589999994,0.4016,0.4047,0.0
226.308,48.205,48.68006589999994,0.4016,0.4047,0.0
226.358,48.083,48.68035729999994,0.4016,0.4047,7.247058823529412
226.408,48.327,48.68882021612899,0.4015,0.4047,7.247058823529412
226.458,48.083,48.68882021612899,0.4015,0.4047,7.294117647058823
226.508,48.645,48.68105649999994,0.4015,0.4047,7.2
226.558,49.231,48.68105649999994,0.4015,0.4047,7.2
226.608,49.133,48.681357299999945,0.4015,0.4047,0.0
226.658,49.133,48.68155569999994,0.4015,0.4047,0.0
226.708,49.084,48.68155569999994,0.4015,0.4047,-7.247058823529412
226.758,49.133,48.692913597872376,0.4013,0.4047,-7.247058823529412
226.808,49.451,48.692913597872376,0.4013,0.4047,-7.247058823529412
226.858,49.451,48.68259489999994,0.4013,0.4047,-7.247058823529412
226.908,48.523,48.68280569999994,0.4013,0.4047,-7.247058823529412
226.958,48.327,48.68280569999994,0.4013,0.4047,-7.341176470588235
227.008,48.107,48.683125299999936,0.4013,0.4047,-7.341176470588235
227.058,47.814,48.683125299999936,0.4012,0.4047,7.2
227.108,47.717,48.68897344893605,0.4012,0.4047,7.2
227.158,47.961,48.69214201612898,0.4011,0.4047,7.3882352941176475
227.208,48.498,48.69214201612898,0.4011,0.4047,7.3882352941176475
227.258,49.035,48.68441589999994,0.4011,0.4047,7.341176470588235
227.308,48.962,48.68441589999994,0.4011,0.4047,7.341176470588235
227.358,49.158,48.684754299999945,0.4011,0.4047,-7.2
227.408,49.573,48.68497749999994,0.4011,0.4047,-7.2
227.458,49.621,48.68497749999994,0.401,0.4047,-7.247058823529412
227.508,48.742,48.690844448936154,0.401,0.4047,-7.247058823529412
227.558,48.498,48.690844448936154,0.4009,0.4047,-7.3882352941176475
227.608,48.718,48.69140164893606,0.4009,0.4047,-7.3882352941176475
227.658,48.034,48.686318099999944,0.4009,0.4047,7.152941176470589
227.708,47.961,48.686318099999944,0.4009,0.4047,0.0
227.758,47.961,48.68667529999994,0.4009,0.4047,0.0
227.808,48.083,48.68667529999994,0.401,0.4047,7.341176470588235
227.858,47.888,48.675975402127705,0.4011,0.4047,7.341176470588235
227.908,47.912,48.67029546774185,0.4013,0.4047,7.294117647058823
227.958,48.523,48.67029546774185,0.4013,0.4047,7.341176470588235
228.008,48.718,48.68121555106372,0.4014,0.4047,7.341176470588235
228.058,48.938,48.68121555106372,0.4014,0.4047,7.105882352941176
228.108,49.158,48.68684489999994,0.4014,0.4047,7.105882352941176
228.16,49.451,48.687049499999944,0.4014,0.4047,-7.152941176470589
228.209,49.304,48.687049499999944,0.4014,0.4047,-7.247058823529412
228.259,49.524,48.68735969999994,0.4014,0.4047,-7.247058823529412
228.309,49.719,48.68735969999994,0.4017,0.4047,-7.294117647058823
228.359,48.962,48.67345333636365,0.4017,0.4047,-7.294117647058823
228.409,48.742,48.67345333636365,0.4017,0.4047,-7.435294117647059
228.459,47.839,48.68736869999994,0.4017,0.4047,-7.152941176470589
228.509,48.352,48.68736869999994,0.4017,0.4047,-7.152941176470589
228.559,47.643,48.676593602127504,0.4019,0.4047,7.3882352941176475
228.609,48.181,48.67926549206344,0.402,0.4047,7.3882352941176475
228.659,48.327,48.67926549206344,0.4021,0.4047,7.435294117647059
228.709,47.985,48.68186745591397,0.4021,0.4047,7.247058823529412
228.759,49.084,48.68186745591397,0.4022,0.4047,7.247058823529412
228.809,49.011,48.68195965106372,0.4022,0.4047,7.341176470588235
228.859,49.133,48.68743629999994,0.4022,0.4047,7.341176470588235
228.909,49.451,48.68743629999994,0.4022,0.4047,-7.2
228.959,49.499,48.68766879999994,0.4022,0.4047,-7.247058823529412
229.009,49.817,48.68766879999994,0.4023,0.4047,-7.247058823529412
229.059,49.182,48.676846702127506,0.4024,0.4047,-7.341176470588235
229.109,48.84,48.676846702127506,0.4025,0.4047,-7.341176470588235
229.159,48.694,48.678139588073364,0.4026,0.4047,-7.247058823529412
229.209,48.278,48.678139588073364,0.4027,0.4047,-7.105882352941176
229.259,48.205,48.68198275106372,0.4027,0.4047,-7.105882352941176
229.309,46.52,48.68198275106372,0.4027,0.4047,7.2
229.359,47.937,48.68748989999994,0.4027,0.4047,7.2
229.409,47.888,48.68761389999994,0.4027,0.4047,7.858823529411764
229.459,47.961,48.68761389999994,0.4027,0.4047,7.341176470588235
229.509,48.474,48.68227335106372,0.4028,0.4047,7.341176470588235
229.559,48.694,48.68227335106372,0.4028,0.4047,7.341176470588235
229.609,48.913,48.68224255106382,0.4029,0.4047,7.341176470588235
229.659,49.426,48.68767329999994,0.4029,0.4047,0.0
229.709,49.402,48.68767329999994,0.4029,0.4047,0.0
229.759,49.597,48.68784249999994,0.4029,0.4047,-7.341176470588235
229.809,49.67,48.68784249999994,0.4029,0.4047,-7.341176470588235
229.859,49.67,48.68804049999994,0.4029,0.4047,-7.3882352941176475
229.909,49.109,48.68804049999994,0.4028,0.4047,-7.3882352941176475
229.959,48.571,48.70496483225787,0.4026,0.4047,-7.435294117647059
230.009,48.718,48.70496483225787,0.4026,0.4047,-7.435294117647059
230.059,47.863,48.68903319999994,0.4026,0.4047,7.105882352941176
230.109,48.181,48.68916549999994,0.4026,0.4047,7.105882352941176
230.161,48.107,48.68916549999994,0.4026,0.4047,7.247058823529412
230.21,48.376,48.68936079999994,0.4026,0.4047,7.247058823529412
230.26,48.645,48.68936079999994,0.4025,0.4047,7.247058823529412
230.31,48.913,48.695086748936156,0.4025,0.4047,7.2
230.36,48.987,48.706191815872934,0.4023,0.4047,7.2
230.41,49.328,48.706191815872934,0.4023,0.4047,-7.152941176470589
230.46,49.353,48.690541999999944,0.4023,0.4047,-7.152941176470589
230.51,49.475,48.690541999999944,0.4023,0.4047,-7.152941176470589
230.56,48.938,48.69076759999994,0.4023,0.4047,-7.294117647058823
230.61,49.524,48.69091879999994,0.4023,0.4047,-7.294117647058823
230.66,48.059,48.69091879999994,0.4023,0.4047,-7.152941176470589
230.71,48.352,48.69114199999994,0.4023,0.4047,-7.152941176470589
230.76,47.888,48.69114199999994,0.4023,0.4047,7.294117647058823
230.81,47.961,48.69136759999994,0.4023,0.4047,7.294117647058823
230.86,47.814,48.69151879999994,0.4023,0.4047,7.341176470588235
230.91,48.4,48.69151879999994,0.4023,0.4047,7.341176470588235
230.96,48.913,48.69174199999994,0.4023,0.4047,7.3882352941176475
231.01,49.182,48.69174199999994,0.4023,0.4047,7.3882352941176475
231.06,49.451,48.69196759999994,0.4023,0.4047,-7.152941176470589
231.11,49.377,48.69211879999994,0.4023,0.4047,-7.152941176470589
231.16,48.791,48.69211879999994,0.4023,0.4047,-7.341176470588235
231.21,49.451,48.69234199999994,0.4023,0.4047,-7.294117647058823
231.26,48.425,48.69234199999994,0.4023,0.4047,-7.294117647058823
231.31,49.084,48.68703905106372,0.4024,0.4047,-7.341176470588235
231.36,48.132,48.69250309999994,0.4024,0.4047,-7.341176470588235
231.41,47.961,48.69250309999994,0.4024,0.4047,-7.2
231.46,47.521,48.692716999999945,0.4024,0.4047,-7.2
231.51,47.448,48.692716999999945,0.4025,0.4047,7.341176470588235
231.56,48.034,48.687404651063716,0.4025,0.4047,7.341176470588235
231.61,47.473,48.684719592063445,0.4026,0.4047,7.529411764705882
231.66,48.132,48.684719592063445,0.4027,0.4047,7.529411764705882
231.71,48.449,48.68726575591396,0.4027,0.4047,7.529411764705882
231.76,48.523,48.68726575591396,0.4028,0.4047,7.529411764705882
231.81,49.06,48.68730155106372,0.4028,0.4047,7.152941176470589
231.86,49.28,48.68459759206345,0.4029,0.4047,7.152941176470589
231.91,48.938,48.68459759206345,0.403,0.4047,-7.2
231.96,49.499,48.68711585591396,0.403,0.4047,-7.294117647058823
232.01,49.328,48.68711585591396,0.403,0.4047,-7.294117647058823
232.06,49.011,48.67606635319129,0.4033,0.4047,-7.341176470588235
232.11,49.109,48.683969192063444,0.4034,0.4047,-7.341176470588235
232.162,48.327,48.683969192063444,0.4034,0.4047,-7.2
232.211,47.692,48.68644095591396,0.4035,0.4047,-7.2
232.261,47.839,48.68644095591396,0.4037,0.4047,7.2
232.311,47.766,48.680873002127505,0.4037,0.4047,7.2
232.361,47.424,48.69157429999994,0.4037,0.4047,7.3882352941176475
232.411,48.059,48.69157429999994,0.4037,0.4047,7.3882352941176475
232.461,48.596,48.69166729999994,0.4037,0.4047,7.529411764705882
232.511,48.962,48.69166729999994,0.4038,0.4047,7.529411764705882
232.561,48.987,48.68623275106372,0.4038,0.4047,7.105882352941176
232.611,49.451,48.69160859999994,0.4038,0.4047,7.105882352941176
232.661,49.451,48.69160859999994,0.4039,0.4047,-7.152941176470589
232.711,49.475,48.68610665591397,0.4039,0.4047,-7.152941176470589
232.761,49.621,48.68610665591397,0.4039,0.4047,-7.341176470588235
232.811,48.791,48.69155819999994,0.4039,0.4047,-7.341176470588235
232.861,49.06,48.69160859999994,0.4039,0.4047,-7.3882352941176475
232.911,48.205,48.69160859999994,0.4039,0.4047,-7.105882352941176
232.961,47.863,48.69168299999994,0.4039,0.4047,-7.105882352941176
233.011,48.156,48.69168299999994,0.4039,0.4047,7.247058823529412
233.061,47.863,48.69175819999994,0.4039,0.4047,7.247058823529412
233.111,48.327,48.69180859999994,0.4039,0.4047,7.247058823529412
233.161,48.547,48.69180859999994,0.4039,0.4047,7.247058823529412
233.211,48.718,48.69188299999994,0.4039,0.4047,7.2
233.261,49.084,48.69188299999994,0.4037,0.4047,7.2
233.311,49.475,48.703015297872376,0.4037,0.4047,0.0
233.361,49.451,48.700582807936435,0.4036,0.4047,0.0
233.411,49.695,48.700582807936435,0.4036,0.4047,-7.341176470588235
233.461,49.817,48.69833424408592,0.4035,0.4047,-7.341176470588235
233.511,49.328,48.69833424408592,0.4035,0.4047,-7.435294117647059
233.561,49.084,48.69307069999994,0.4035,0.4047,-7.435294117647059
233.611,48.376,48.69314629999994,0.4035,0.4047,-7.294117647058823
233.661,48.694,48.69314629999994,0.4034,0.4047,-7.294117647058823
233.711,48.083,48.7044291881719,0.4033,0.4047,7.2
233.761,48.205,48.7044291881719,0.4032,0.4047,7.2
233.811,48.205,48.70486519787238,0.4031,0.4047,7.294117647058823
233.861,48.498,48.69432769999994,0.4031,0.4047,7.294117647058823
233.911,48.718,48.69432769999994,0.403,0.4047,7.247058823529412
233.961,49.06,48.70006214408592,0.403,0.4047,7.247058823529412
234.011,49.402,48.70006214408592,0.403,0.4047,0.0
234.061,49.426,48.69484559999994,0.403,0.4047,0.0
234.111,49.402,48.69495269999994,0.403,0.4047,-7.341176470588235
234.163,49.866,48.69495269999994,0.4029,0.4047,-7.341176470588235
234.212,49.255,48.70069644408592,0.4029,0.4047,-7.341176470588235
234.262,49.06,48.70069644408592,0.4028,0.4047,-7.482352941176471
234.312,48.84,48.70101784893616,0.4028,0.4047,-7.482352941176471
234.362,48.425,48.69581839999994,0.4028,0.4047,-7.2
234.412,48.4,48.69581839999994,0.403,0.4047,-7.105882352941176
234.462,47.424,48.68482381182798,0.403,0.4047,-7.105882352941176
234.512,47.814,48.68482381182798,0.403,0.4047,7.152941176470589
234.562,47.912,48.69573629999994,0.403,0.4047,7.152941176470589
234.612,48.352,48.68770059206344,0.4031,0.4047,7.3882352941176475
234.662,48.156,48.68770059206344,0.4032,0.4047,7.341176470588235
234.712,48.62,48.68461461182799,0.4033,0.4047,7.341176470588235
234.762,48.352,48.68461461182799,0.4033,0.4047,7.247058823529412
234.812,49.109,48.68997035106372,0.4034,0.4047,7.247058823529412
234.862,49.377,48.69537139999994,0.4034,0.4047,7.2
234.912,49.621,48.69537139999994,0.4035,0.4047,-7.2
234.962,49.255,48.68432101182798,0.4036,0.4047,-7.2
235.012,49.158,48.68432101182798,0.4036,0.4047,-7.3882352941176475
235.062,48.987,48.68092533636342,0.4039,0.4047,-7.3882352941176475
235.112,48.352,48.68092533636342,0.404,0.4047,-7.247058823529412
235.162,48.645,48.68905045591396,0.404,0.4047,-7.152941176470589
235.212,48.254,48.68905045591396,0.4042,0.4047,-7.152941176470589
235.262,47.961,48.67790695319128,0.4043,0.4047,0.0
235.312,47.961,48.67790695319128,0.4045,0.4047,0.0
235.362,48.107,48.684395490909075,0.4045,0.4047,7.341176470588235
235.412,48.059,48.684395490909075,0.4046,0.4047,7.341176470588235
235.462,48.547,48.68233371182799,0.4047,0.4047,7.341176470588235
235.512,48.62,48.68233371182799,0.4049,0.4047,7.294117647058823
235.562,48.889,48.676500753191284,0.405,0.4047,7.294117647058823
235.612,49.06,48.684296492063446,0.4051,0.4047,0.0
235.662,48.962,48.684296492063446,0.4052,0.4047,-7.152941176470589
235.712,49.377,48.66426757957005,0.4056,0.4047,-7.152941176470589
235.762,48.816,48.66426757957005,0.4056,0.4047,-7.152941176470589
235.812,48.767,48.69106469999994,0.4056,0.4047,-7.152941176470589
235.862,48.303,48.69100799999994,0.4056,0.4047,-7.105882352941176
235.912,48.303,48.69100799999994,0.4057,0.4047,-7.105882352941176
235.962,48.156,48.679753011827984,0.4058,0.4047,-7.105882352941176
236.012,47.668,48.679753011827984,0.4059,0.4047,7.2
236.062,47.985,48.68562824545444,0.4059,0.4047,7.2
236.112,48.205,48.68562824545444,0.4059,0.4047,7.435294117647059
236.164,47.985,48.69006209999994,0.4059,0.4047,7.341176470588235
236.213,48.718,48.69006209999994,0.4062,0.4047,7.341176470588235
236.263,49.158,48.68994929999994,0.4059,0.4047,7.341176470588235
236.313,49.206,48.68987369999994,0.4059,0.4047,7.341176470588235
236.363,49.304,48.68987369999994,0.4059,0.4047,-7.247058823529412
236.413,49.231,48.68976209999994,0.4059,0.4047,-7.247058823529412
236.463,48.889,48.68976209999994,0.4059,0.4047,-7.247058823529412
236.513,49.499,48.68964929999994,0.4059,0.4047,-7.247058823529412
236.563,48.889,48.68957369999994,0.4059,0.4047,-7.247058823529412
236.613,48.669,48.68957369999994,0.4059,0.4047,-7.341176470588235
236.663,47.546,48.69504774408592,0.4058,0.4047,-7.152941176470589
236.713,47.473,48.69504774408592,0.4058,0.4047,-7.152941176470589
236.763,47.766,48.69509654893616,0.4057,0.4047,7.482352941176471
236.813,47.839,48.69785720793644,0.4056,0.4047,7.482352941176471
236.863,47.766,48.69785720793644,0.4056,0.4047,7.3882352941176475
236.913,48.156,48.68983699999994,0.4056,0.4047,7.3882352941176475
236.963,48.303,48.68983699999994,0.4055,0.4047,7.3882352941176475
237.013,49.06,48.70080949787238,0.4054,0.4047,7.247058823529412
237.063,48.889,48.69012709999994,0.4054,0.4047,7.247058823529412
237.113,49.353,48.69012709999994,0.4053,0.4047,-7.2
237.163,49.035,48.695647644085916,0.4053,0.4047,-7.152941176470589
237.213,49.646,48.695647644085916,0.4052,0.4047,-7.152941176470589
237.263,48.889,48.701271997872375,0.4051,0.4047,-7.2
237.313,48.791,48.69875130793643,0.405,0.4047,-7.2
237.363,48.62,48.69875130793643,0.405,0.4047,-7.152941176470589
237.413,48.23,48.69078689999994,0.405,0.4047,-7.105882352941176
237.463,47.619,48.69078689999994,0.405,0.4047,-7.105882352941176
237.513,48.034,48.69628724893616,0.4049,0.4047,7.247058823529412
237.563,47.814,48.69095549999994,0.4049,0.4047,7.247058823529412
237.613,48.034,48.69095549999994,0.405,0.4047,7.294117647058823
237.663,47.888,48.69093689999994,0.4049,0.4047,7.3882352941176475
237.713,48.669,48.69093689999994,0.4049,0.4047,7.3882352941176475
237.763,48.864,48.69091809999994,0.4049,0.4047,7.341176470588235
237.813,49.158,48.69090549999994,0.4049,0.4047,7.341176470588235
237.863,49.377,48.69090549999994,0.4049,0.4047,-7.105882352941176
237.913,49.402,48.68530125591396,0.405,0.4047,-7.247058823529412
237.963,49.28,48.68530125591396,0.405,0.4047,-7.247058823529412
238.013,49.182,48.69064939999994,0.405,0.4047,-7.341176470588235
238.063,48.449,48.69063049999994,0.405,0.4047,-7.341176470588235
238.113,48.645,48.69063049999994,0.405,0.4047,-7.247058823529412
238.165,48.254,48.69060259999994,0.405,0.4047,7.152941176470589
238.214,48.059,48.69060259999994,0.405,0.4047,7.152941176470589
238.264,48.474,48.69057439999994,0.405,0.4047,7.2
238.314,48.327,48.682412692063444,0.4051,0.4047,7.2
238.364,48.938,48.682412692063444,0.4051,0.4047,7.152941176470589
238.414,49.06,48.69031199999994,0.4051,0.4047,7.2
238.464,49.06,48.69031199999994,0.4052,0.4047,7.2
238.514,49.451,48.684745851063724,0.4052,0.4047,-7.2
238.564,49.426,48.69003349999994,0.4052,0.4047,-7.2
238.614,49.377,48.69003349999994,0.4052,0.4047,-7.341176470588235
238.664,49.255,48.68998699999994,0.4052,0.4047,-7.341176470588235
238.714,48.718,48.68998699999994,0.4052,0.4047,-7.294117647058823
238.764,47.937,48.678882902127505,0.4054,0.4047,-7.294117647058823
238.814,48.132,48.68947709999994,0.4054,0.4047,0.0
238.864,48.156,48.68947709999994,0.4054,0.4047,0.0
238.914,48.107,48.68941199999994,0.4054,0.4047,7.247058823529412
238.964,48.059,48.68941199999994,0.4054,0.4047,7.247058823529412
239.014,48.498,48.68934619999994,0.4054,0.4047,7.294117647058823
239.064,48.181,48.68930209999994,0.4054,0.4047,7.294117647058823
239.114,48.498,48.68930209999994,0.4054,0.4047,7.152941176470589
239.164,49.182,48.68923699999994,0.4054,0.4047,7.152941176470589
239.214,49.451,48.68923699999994,0.4054,0.4047,7.152941176470589
239.264,49.499,48.68917119999994,0.4054,0.4047,7.152941176470589
239.314,49.744,48.68912709999994,0.4054,0.4047,-7.341176470588235
239.364,49.158,48.68912709999994,0.4053,0.4047,-7.341176470588235
239.414,50.183,48.69464764408592,0.4053,0.4047,-7.341176470588235
239.464,48.742,48.69464764408592,0.4053,0.4047,-7.247058823529412
239.514,48.425,48.69474344893616,0.4052,0.4047,-7.247058823529412
239.564,48.694,48.70567841587293,0.405,0.4047,0.0
239.614,48.694,48.70567841587293,0.405,0.4047,0.0
239.664,48.669,48.68977749999994,0.405,0.4047,0.0
239.714,48.669,48.68977749999994,0.4049,0.4047,0.0
239.764,48.669,48.70080639787238,0.4048,0.4047,0.0
239.814,48.669,48.69016179999994,0.4048,0.4047,0.0
239.864,48.669,48.69016179999994,0.4047,0.4047,0.0
239.914,48.669,48.7013237881719,0.4046,0.4047,0.0
239.964,48.669,48.7013237881719,0.4042,0.4047,0.0
240.014,48.669,48.712694695744815,0.4042,0.4047,0.0
240.064,48.669,48.69144959999994,0.4042,0.4047,0.0
240.114,48.669,48.69144959999994,0.404,0.4047,0.0
240.166,48.669,48.702667388171896,0.404,0.4047,0.0
240.215,48.669,48.702667388171896,0.404,0.4047,0.0
240.265,48.669,48.69750904893616,0.4039,0.4047,0.0
240.315,48.669,48.70038310793643,0.4038,0.4047,0.0
240.365,48.669,48.70038310793643,0.4036,0.4047,0.0
240.415,48.669,48.703701588171896,0.4036,0.4047,0.0
240.465,48.669,48.703701588171896,0.4036,0.4047,0.0
240.515,48.669,48.69858084893616,0.4035,0.4047,0.0
240.565,48.669,48.70148010793644,0.4034,0.4047,0.0
240.615,48.669,48.70148010793644,0.4034,0.4047,0.0
240.665,48.669,48.699250144085916,0.4033,0.4047,0.0
240.715,48.669,48.699250144085916,0.4033,0.4047,0.0
240.765,48.669,48.69400539999994,0.4033,0.4047,0.0
240.815,48.669,48.69409359999994,0.4033,0.4047,0.0
240.865,48.669,48.69409359999994,0.4032,0.4047,0.0
240.915,48.669,48.699809444085915,0.4032,0.4047,0.0
240.965,48.694,48.699809444085915,0.4032,0.4047,0.0
241.015,48.669,48.69457409999994,0.4032,0.4047,0.0
241.065,48.669,48.68652579206345,0.4033,0.4047,0.0
241.115,48.669,48.68652579206345,0.4033,0.4047,0.0
241.165,48.669,48.69459249999994,0.4033,0.4047,0.0
241.215,48.669,48.69459249999994,0.4034,0.4047,0.0
241.265,48.694,48.68919555106372,0.4034,0.4047,0.0
241.315,48.669,48.678310984126945,0.4036,0.4047,0.0
241.365,48.645,48.678310984126945,0.4036,0.4047,0.0
241.415,48.694,48.69428629999994,0.4036,0.4047,0.0
241.465,48.669,48.69428629999994,0.4039,0.4047,0.0
241.515,48.669,48.67780405319129,0.4039,0.4047,0.0
241.565,48.694,48.68566909206344,0.404,0.4047,0.0
241.615,48.694,48.68566909206344,0.4041,0.4047,0.0
241.665,48.669,48.68249941182798,0.4042,0.4047,0.0
241.715,48.694,48.68249941182798,0.4043,0.4047,0.0
241.765,48.669,48.67671345319128,0.4045,0.4047,0.0
241.815,48.669,48.668255076190455,0.4048,0.4047,0.0
241.865,48.669,48.668255076190455,0.405,0.4047,0.0
241.915,48.669,48.675298367742,0.4051,0.4047,0.0
241.965,48.669,48.675298367742,0.4052,0.4047,0.0
242.015,48.669,48.68586125106372,0.4052,0.4047,0.0
242.065,48.694,48.63414924444448,0.4059,0.4047,0.0
242.115,48.669,48.63414924444448,0.4062,0.4047,0.0
242.167,48.669,48.67283626774201,0.4062,0.4047,0.0
242.216,48.669,48.67283626774201,0.4062,0.4047,0.0
242.266,48.669,48.68404384545451,0.4063,0.4047,0.0
242.316,48.694,48.68404384545451,0.4064,0.4047,0.0
242.366,48.669,48.677381802127506,0.4065,0.4047,0.0
242.416,48.669,48.677381802127506,0.4068,0.4047,0.0
242.466,48.669,48.671095767742,0.4068,0.4047,0.0
242.516,48.669,48.67894969206344,0.4069,0.4047,0.0
242.566,48.669,48.67894969206344,0.4069,0.4047,0.0
242.616,48.669,48.6756223021275,0.4071,0.4047,0.0
242.666,48.669,48.6756223021275,0.4074,0.4047,0.0
242.716,48.669,48.669280467742006,0.4074,0.4047,0.0
242.766,48.669,48.66895378412694,0.4076,0.4047,0.0
242.816,48.694,48.66895378412694,0.4076,0.4047,0.0
242.866,48.694,48.68455419999994,0.4076,0.4047,0.0
242.916,48.694,48.68455419999994,0.4077,0.4047,0.0
242.966,48.669,48.67869885591396,0.4077,0.4047,0.0
243.016,48.669,48.67869885591396,0.4079,0.4047,0.0
243.066,48.669,48.669475836363425,0.408,0.4047,0.0
243.116,48.694,48.669475836363425,0.4081,0.4047,0.0
243.166,48.645,48.67721965591396,0.4081,0.4047,0.0
243.216,48.669,48.67721965591396,0.4082,0.4047,0.0
243.266,48.669,48.67746554545451,0.4082,0.4047,0.0
243.316,48.694,48.67746554545451,0.4082,0.4047,0.0
243.366,48.669,48.67615345106372,0.4083,0.4047,0.0
243.416,48.669,48.67615345106372,0.4083,0.4047,0.0
243.466,48.694,48.67555215591396,0.4084,0.4047,0.0
243.516,48.669,48.67255259206344,0.4085,0.4047,0.0
243.566,48.669,48.67255259206344,0.4085,0.4047,0.0
243.616,48.669,48.674603351063716,0.4086,0.4047,0.0
243.666,48.694,48.674603351063716,0.4087,0.4047,0.0
243.716,48.669,48.67397415591396,0.4087,0.4047,0.0
243.766,48.669,48.67909849999994,0.4087,0.4047,0.0
243.816,48.645,48.67909849999994,0.4088,0.4047,0.0
243.866,48.694,48.67319395106372,0.4088,0.4047,0.0
243.916,48.669,48.67319395106372,0.4089,0.4047,0.0
243.966,48.669,48.66696051182798,0.409,0.4047,0.0
244.016,48.669,48.66929949206344,0.4091,0.4047,0.0
244.066,48.669,48.66929949206344,0.4092,0.4047,0.0
244.116,48.694,48.665765302127504,0.4093,0.4047,0.0
244.168,48.669,48.665765302127504,0.4093,0.4047,0.0
244.217,48.669,48.670390155913964,0.4094,0.4047,0.0
244.267,48.669,48.667327592063444,0.4095,0.4047,0.0
244.317,48.669,48.667327592063444,0.4096,0.4047,0.0
244.367,48.669,48.64717015531885,0.41,0.4047,0.0
244.417,48.669,48.64717015531885,0.41,0.4047,0.0
244.467,48.669,48.67327299999994,0.41,0.4047,0.0
244.517,48.694,48.67327299999994,0.41,0.4047,0.0
244.567,48.669,48.66793354545444,0.4101,0.4047,0.0
244.617,48.669,48.66793354545444,0.4107,0.4047,0.0
244.667,48.669,48.61612035914016,0.4111,0.4047,0.0
244.717,48.669,48.61612035914016,0.4111,0.4047,0.0
244.767,48.669,48.66917979999994,0.4111,0.4047,0.0
244.817,48.669,48.66917979999994,0.4114,0.4047,0.0
244.867,48.669,48.651992553191285,0.4114,0.4047,0.0
244.917,48.669,48.651992553191285,0.4118,0.4047,0.0
244.967,48.669,48.622641747312116,0.4122,0.4047,0.0
245.017,48.669,48.64075157619045,0.4125,0.4047,0.0
245.067,48.694,48.64075157619045,0.4125,0.4047,0.0
245.117,48.694,48.65829935106372,0.4126,0.4047,0.0
245.167,48.669,48.65829935106372,0.4129,0.4047,0.0
245.217,48.669,48.646126867742005,0.4129,0.4047,0.0
245.267,48.645,48.612882452380966,0.4135,0.4047,0.0
245.317,48.669,48.612882452380966,0.4137,0.4047,0.0
245.367,48.669,48.63203155531885,0.414,0.4047,0.0
245.417,48.669,48.63203155531885,0.4141,0.4047,0.0
245.467,48.669,48.641005467742,0.4143,0.4047,0.0
245.517,48.669,48.64838689206344,0.4144,0.4047,0.0
245.567,48.669,48.64838689206344,0.4146,0.4047,0.0
245.617,48.669,48.644354502127506,0.4146,0.4047,0.0
245.667,48.669,48.644354502127506,0.4151,0.4047,0.0
245.717,48.669,48.603801303226135,0.4155,0.4047,0.0
245.767,48.694,48.62707957619045,0.4158,0.4047,0.0
245.817,48.523,48.62707957619045,0.4159,0.4047,-7.105882352941176
245.867,48.718,48.644317151063724,0.4159,0.4047,-7.105882352941176
245.917,47.961,48.644317151063724,0.4159,0.4047,-7.105882352941176
245.967,48.303,48.64300905591396,0.416,0.4047,-7.105882352941176
246.017,48.181,48.64767349999993,0.416,0.4047,-7.105882352941176
246.067,48.303,48.64767349999993,0.4169,0.4047,7.2
246.117,48.474,48.596854359573975,0.4169,0.4047,7.247058823529412
246.169,48.303,48.596854359573975,0.4169,0.4047,7.247058823529412
246.218,48.23,48.63800645591396,0.417,0.4047,7.105882352941176
246.268,48.889,48.64260789999993,0.417,0.4047,7.105882352941176
246.318,49.206,48.64260789999993,0.4173,0.4047,7.2
246.368,49.206,48.61933750425507,0.4174,0.4047,7.2
246.418,49.719,48.61933750425507,0.4178,0.4047,-7.294117647058823
246.468,49.304,48.62003757614679,0.4178,0.4047,-7.294117647058823
246.518,49.792,48.62003757614679,0.4178,0.4047,-7.482352941176471
246.568,48.742,48.62056915319129,0.4181,0.4047,-7.294117647058823
246.618,49.402,48.62056915319129,0.4181,0.4047,-7.294117647058823
246.668,47.961,48.62969475591397,0.4182,0.4047,-7.105882352941176
246.718,48.352,48.62969475591397,0.4185,0.4047,-7.105882352941176
246.768,48.059,48.61456028181821,0.4186,0.4047,7.294117647058823
246.818,48.083,48.61456028181821,0.4186,0.4047,7.152941176470589
246.868,48.376,48.625906951063726,0.4187,0.4047,7.152941176470589
246.918,48.645,48.625906951063726,0.419,0.4047,7.247058823529412
246.968,48.547,48.613167167742006,0.419,0.4047,7.247058823529412
247.018,49.084,48.620252492063436,0.4191,0.4047,0.0
247.068,49.06,48.620252492063436,0.4193,0.4047,7.105882352941176
247.118,48.987,48.60472120425507,0.4195,0.4047,7.105882352941176
247.168,48.571,48.60472120425507,0.4197,0.4047,-7.247058823529412
247.218,49.133,48.61345011182798,0.4197,0.4047,-7.247058823529412
247.268,49.182,48.59882937619045,0.42,0.4047,0.0
247.318,49.353,48.59882937619045,0.4201,0.4047,-7.247058823529412
247.368,48.816,48.61567215106373,0.4201,0.4047,-7.247058823529412
247.418,49.451,48.61567215106373,0.4204,0.4047,-7.341176470588235
247.468,48.059,48.602802167742,0.4204,0.4047,-7.341176470588235
247.518,47.79,48.609799292063435,0.4205,0.4047,-7.3882352941176475
247.568,48.181,48.609799292063435,0.4205,0.4047,7.247058823529412
247.618,48.498,48.605193502127506,0.4207,0.4047,7.247058823529412
247.668,48.107,48.605193502127506,0.4211,0.4047,7.2
247.718,48.962,48.586415579570044,0.4212,0.4047,7.2
247.768,48.645,48.60411499206344,0.4213,0.4047,7.247058823529412
247.818,48.938,48.60411499206344,0.4213,0.4047,-7.2
247.868,49.426,48.58284835531885,0.4218,0.4047,-7.2
247.918,48.62,48.58284835531885,0.4218,0.4047,-7.2
247.968,48.913,48.59668251182798,0.422,0.4047,-7.2
248.018,48.474,48.598202492063436,0.4221,0.4047,0.0
248.068,48.474,48.598202492063436,0.4222,0.4047,-7.2
248.118,48.205,48.58791775319129,0.4224,0.4047,-7.2
248.17,48.23,48.58791775319129,0.4225,0.4047,7.105882352941176
248.219,48.23,48.56835950825693,0.4231,0.4047,7.105882352941176
248.269,48.034,48.56835950825693,0.4231,0.4047,7.2
248.319,48.571,48.59321145106374,0.4232,0.4047,7.2
248.369,48.84,48.59321145106374,0.4234,0.4047,7.2
248.419,49.06,48.585638811827984,0.4234,0.4047,0.0
248.469,49.084,48.578927784126954,0.4236,0.4047,0.0
248.519,48.913,48.578927784126954,0.4238,0.4047,-7.247058823529412
248.569,48.718,48.565381455318864,0.4241,0.4047,-7.247058823529412
248.619,48.767,48.565381455318864,0.4242,0.4047,-7.247058823529412
248.669,48.23,48.56783042365603,0.4245,0.4047,-7.105882352941176
248.719,48.181,48.579945592063446,0.4246,0.4047,-7.105882352941176
248.769,48.181,48.579945592063446,0.4246,0.4047,7.2
248.819,48.23,48.5694258531913,0.4249,0.4047,7.2
248.869,48.498,48.5694258531913,0.425,0.4047,7.2
248.919,48.425,48.577919055913966,0.425,0.4047,7.2
248.969,48.669,48.577919055913966,0.4251,0.4047,7.2
249.019,48.84,48.5763059454545,0.4251,0.4047,7.105882352941176
249.069,49.304,48.5763059454545,0.4252,0.4047,-7.105882352941176
249.119,49.084,48.567876702127506,0.4253,0.4047,-7.105882352941176
249.169,48.938,48.567876702127506,0.4254,0.4047,-7.341176470588235
249.219,49.011,48.571471544036655,0.4254,0.4047,-7.341176470588235
249.269,48.327,48.571471544036655,0.4257,0.4047,-7.2
249.319,48.303,48.551998704255084,0.4258,0.4047,-7.247058823529412
249.369,47.888,48.551998704255084,0.4258,0.4047,-7.247058823529412
249.419,47.863,48.56014171182799,0.426,0.4047,7.152941176470589
249.469,47.79,48.569552499999936,0.426,0.4047,7.152941176470589
249.519,48.181,48.569552499999936,0.426,0.4047,7.341176470588235
249.569,48.425,48.56202175106374,0.4261,0.4047,7.341176470588235
249.619,48.816,48.56202175106374,0.4261,0.4047,7.341176470588235
249.669,48.913,48.56535069999994,0.4261,0.4047,7.105882352941176
249.719,49.231,48.55585969206344,0.4262,0.4047,7.105882352941176
249.769,49.377,48.55585969206344,0.4264,0.4047,-7.2
249.819,49.328,48.55071810212752,0.4264,0.4047,-7.294117647058823
249.869,49.304,48.55071810212752,0.4264,0.4047,-7.294117647058823
249.919,49.035,48.55933829999994,0.4264,0.4047,-7.341176470588235
249.969,48.278,48.55797119999994,0.4264,0.4047,-7.341176470588235
250.019,48.23,48.55797119999994,0.4266,0.4047,-7.247058823529412
250.069,48.156,48.53381720425508,0.4268,0.4047,7.152941176470589
250.119,48.254,48.53381720425508,0.4268,0.4047,7.152941176470589
250.171,48.23,48.55303849999994,0.4268,0.4047,7.2
250.22,48.254,48.55164619999994,0.4268,0.4047,7.2
250.27,48.376,48.55164619999994,0.4269,0.4047,7.2
250.32,49.109,48.54404025106374,0.4269,0.4047,7.2
250.37,49.377,48.54404025106374,0.4269,0.4047,7.105882352941176
