time_s,actuator_mm,actuator_setpoint_mm,depth_filtered_m,depth_setpoint_m,motor_cmd
0.352,16.85,50.0,0.0004,0.5232,0.0
0.401,16.899,50.0,0.0004,0.5232,0.0
0.451,16.874,50.0,-0.0002,0.5232,0.0
0.501,16.85,50.0,-0.0002,0.5232,0.0
0.551,16.874,50.0,-0.0002,0.5232,0.0
0.601,16.947,50.0,-0.0001,0.5232,0.0
0.651,16.825,50.0,-0.0001,0.5232,0.0
0.701,16.899,50.0,0.0,0.5232,0.0
0.751,16.825,50.0,0.0,0.5232,0.0
0.801,16.874,50.0,0.0001,0.5232,0.0
0.851,16.899,50.0,0.0,0.5232,0.0
0.901,16.947,50.0,0.0001,0.5232,0.0
0.951,16.923,50.0,0.0001,0.5232,0.0
1.001,16.85,50.0,0.0001,0.5232,0.0
1.051,16.85,50.0,0.0001,0.5232,0.0
1.101,16.874,50.0,0.0001,0.5232,0.0
1.151,16.85,50.0,0.0001,0.5232,0.0
1.201,16.923,50.0,0.0001,0.5232,0.0
1.251,16.899,50.0,0.0001,0.5232,0.0
1.301,16.899,56.454063415527344,0.0001,0.5232,0.0
1.351,16.874,56.454063415527344,0.0001,0.5232,12.0
1.406,17.485,56.454063415527344,0.0001,0.5232,12.0
1.455,18.413,56.454063415527344,0.0001,0.5232,12.0
1.505,19.414,56.454063415527344,0.0001,0.5232,12.0
1.555,20.464,56.454063415527344,0.0001,0.5232,12.0
1.605,21.368,56.454063415527344,0.0001,0.5232,12.0
1.655,22.418,56.454063415527344,0.0001,0.5232,12.0
1.705,23.321,56.454063415527344,0.0,0.5232,12.0
1.755,24.249,56.454063415527344,0.0,0.5232,12.0
1.805,25.299,56.454063415527344,0.0,0.5232,12.0
1.855,26.349,56.454063415527344,0.0,0.5232,12.0
1.905,27.253,56.454063415527344,0.0,0.5232,12.0
1.955,28.376,56.454063415527344,-0.0001,0.5232,12.0
2.005,29.231,56.454063415527344,-0.0001,0.5232,12.0
2.055,30.305,56.454063415527344,-0.0001,0.5232,12.0
2.105,31.282,56.454063415527344,-0.0004,0.5232,12.0
2.155,32.283,56.454063415527344,-0.0007,0.5232,12.0
2.205,33.407,56.454063415527344,-0.0009,0.5232,12.0
2.255,34.286,56.454063415527344,-0.0011,0.5232,12.0
2.305,35.36,54.954063415527344,-0.0012,0.5232,12.0
2.355,36.337,54.954063415527344,-0.0014,0.5232,12.0
2.405,37.411,54.954063415527344,-0.0016,0.5232,12.0
2.455,38.535,54.954063415527344,-0.0016,0.5232,12.0
2.505,39.56,54.954063415527344,-0.0017,0.5232,12.0
2.555,40.537,54.954063415527344,-0.0018,0.5232,12.0
2.605,41.636,54.954063415527344,-0.0018,0.5232,12.0
2.655,42.735,54.954063415527344,-0.0018,0.5232,12.0
2.705,43.663,54.954063415527344,-0.0019,0.5232,12.0
2.755,44.933,54.954063415527344,-0.0019,0.5232,11.670588235294117
2.805,44.103,54.954063415527344,-0.002,0.5232,11.670588235294117
2.855,46.74,54.954063415527344,-0.0021,0.5232,10.823529411764707
2.905,46.374,54.954063415527344,-0.0021,0.5232,10.823529411764707
2.955,48.254,54.954063415527344,-0.0021,0.5232,10.16470588235294
3.005,48.962,54.954063415527344,-0.0023,0.5232,10.305882352941177
3.055,48.571,54.954063415527344,-0.0024,0.5232,10.305882352941177
3.105,50.525,54.954063415527344,-0.0025,0.5232,9.31764705882353
3.155,51.062,54.954063415527344,-0.0027,0.5232,9.31764705882353
3.205,51.258,54.954063415527344,-0.0028,0.5232,8.705882352941176
3.255,51.526,54.954063415527344,-0.0028,0.5232,8.705882352941176
3.305,52.161,54.791786193847656,-0.003,0.5232,8.470588235294118
3.355,52.503,54.791786193847656,-0.0031,0.5232,8.470588235294118
3.405,52.723,54.791786193847656,-0.0033,0.5232,8.047058823529412
3.455,53.04,54.791786193847656,-0.0034,0.5232,8.047058823529412
3.505,53.284,54.791786193847656,-0.0035,0.5232,7.858823529411764
3.555,53.48,54.791786193847656,-0.0039,0.5232,7.7176470588235295
3.605,53.504,54.791786193847656,-0.004,0.5232,7.7176470588235295
3.655,53.846,54.791786193847656,-0.0043,0.5232,7.529411764705882
3.705,53.919,54.791786193847656,-0.0048,0.5232,7.529411764705882
3.755,54.017,54.791786193847656,-0.0048,0.5232,7.435294117647059
3.805,54.164,54.791786193847656,-0.0052,0.5232,7.435294117647059
3.855,54.335,54.791786193847656,-0.0056,0.5232,7.341176470588235
3.905,54.383,54.791786193847656,-0.0056,0.5232,7.341176470588235
3.955,54.628,54.791786193847656,-0.0056,0.5232,7.247058823529412
4.005,54.554,54.791786193847656,-0.0056,0.5232,7.2
4.055,54.774,54.791786193847656,-0.0056,0.5232,7.2
4.105,54.75,54.791786193847656,-0.0056,0.5232,7.152941176470589
4.155,54.896,54.791786193847656,-0.0056,0.5232,7.152941176470589
4.205,54.921,54.791786193847656,-0.0056,0.5232,0.0
4.255,54.945,54.791786193847656,-0.0052,0.5232,0.0
4.305,55.018,53.291786193847656,-0.0048,0.5232,-7.105882352941176
4.355,55.043,53.291786193847656,-0.0046,0.5232,-7.105882352941176
4.405,54.872,53.291786193847656,-0.004,0.5232,-7.7176470588235295
4.455,54.554,53.291786193847656,-0.0032,0.5232,-7.7176470588235295
4.505,54.335,53.291786193847656,-0.0025,0.5232,-7.670588235294118
4.555,53.089,53.291786193847656,-0.0018,0.5232,-7.529411764705882
4.605,53.724,53.291786193847656,-0.0004,0.5232,-7.529411764705882
4.655,53.016,53.291786193847656,-0.0001,0.5232,7.152941176470589
4.705,52.845,53.291786193847656,0.0008,0.5232,7.152941176470589
4.755,53.065,53.291786193847656,0.002,0.5232,7.152941176470589
4.805,53.187,53.291786193847656,0.003,0.5232,7.247058823529412
4.855,53.236,53.291786193847656,0.0043,0.5232,7.247058823529412
4.905,53.236,53.291786193847656,0.0052,0.5232,7.105882352941176
4.955,53.358,53.291786193847656,0.0063,0.5232,7.105882352941176
5.005,53.407,53.291786193847656,0.0074,0.5232,0.0
5.055,53.407,53.291786193847656,0.0087,0.5232,0.0
5.105,53.578,53.291786193847656,0.01,0.5232,-7.105882352941176
5.155,53.382,53.291786193847656,0.0113,0.5232,-7.105882352941176
5.205,53.358,53.291786193847656,0.013,0.5232,-7.152941176470589
5.255,52.943,53.291786193847656,0.0147,0.5232,-7.105882352941176
5.305,52.845,51.791786193847656,0.0165,0.5232,-7.105882352941176
5.355,52.454,51.791786193847656,0.0183,0.5232,7.2
5.405,52.112,51.791786193847656,0.0204,0.5232,7.2
5.455,52.308,51.791786193847656,0.023,0.5232,-7.294117647058823
5.505,52.576,51.791786193847656,0.0252,0.5232,-7.294117647058823
5.555,51.917,51.791786193847656,0.0276,0.5232,-7.247058823529412
5.605,51.917,51.791786193847656,0.0302,0.5232,-7.247058823529412
5.655,51.331,51.791786193847656,0.0333,0.5232,-7.105882352941176
5.705,51.844,51.791786193847656,0.0361,0.5232,-7.105882352941176
5.755,51.087,51.791786193847656,0.0391,0.5232,7.247058823529412
5.805,51.038,51.791786193847656,0.0426,0.5232,0.0
5.855,51.062,51.791786193847656,0.0456,0.5232,0.0
5.905,50.842,51.791786193847656,0.0493,0.5232,7.341176470588235
5.955,51.16,51.791786193847656,0.0529,0.5232,7.341176470588235
6.005,51.209,51.791786193847656,0.0568,0.5232,7.341176470588235
6.055,51.38,51.791786193847656,0.0601,0.5232,7.294117647058823
6.105,51.502,51.791786193847656,0.0636,0.5232,7.294117647058823
6.155,51.551,51.791786193847656,0.0675,0.5232,7.2
6.205,51.844,51.791786193847656,0.0718,0.5232,7.152941176470589
6.255,51.844,51.791786193847656,0.0753,0.5232,7.152941176470589
6.305,51.819,53.291786193847656,0.0784,0.5232,0.0
6.355,51.844,53.291786193847656,0.0826,0.5232,0.0
6.405,51.99,53.291786193847656,0.0867,0.5232,7.623529411764705
6.455,51.99,53.291786193847656,0.0906,0.5232,7.623529411764705
6.505,52.234,53.291786193847656,0.0941,0.5232,7.529411764705882
6.555,52.308,53.291786193847656,0.0973,0.5232,7.529411764705882
6.605,52.576,53.291786193847656,0.1012,0.5232,7.435294117647059
6.655,51.282,53.291786193847656,0.1044,0.5232,7.435294117647059
6.705,52.576,53.291786193847656,0.1077,0.5232,7.341176470588235
6.755,52.845,53.291786193847656,0.1107,0.5232,7.811764705882353
6.805,53.089,53.291786193847656,0.1137,0.5232,7.811764705882353
6.855,53.382,53.291786193847656,0.1165,0.5232,7.247058823529412
6.905,53.529,53.291786193847656,0.1198,0.5232,7.247058823529412
6.955,53.504,53.291786193847656,0.1223,0.5232,-7.105882352941176
7.005,53.455,53.291786193847656,0.1242,0.5232,-7.152941176470589
7.055,53.236,53.291786193847656,0.1272,0.5232,-7.152941176470589
7.105,53.114,53.291786193847656,0.1296,0.5232,-7.105882352941176
7.155,52.601,53.291786193847656,0.1311,0.5232,-7.105882352941176
7.205,52.479,53.291786193847656,0.1333,0.5232,7.105882352941176
7.255,52.405,53.291786193847656,0.1354,0.5232,7.341176470588235
7.305,52.43,54.791786193847656,0.1366,0.5232,7.341176470588235
7.355,52.674,54.791786193847656,0.1383,0.5232,7.3882352941176475
7.405,52.918,54.791786193847656,0.14,0.5232,7.3882352941176475
7.455,53.04,54.791786193847656,0.141,0.5232,7.858823529411764
7.505,53.065,54.791786193847656,0.1425,0.5232,7.764705882352941
7.555,53.089,54.791786193847656,0.1441,0.5232,7.764705882352941
7.605,53.651,54.791786193847656,0.1449,0.5232,7.7176470588235295
7.655,53.797,54.791786193847656,0.1463,0.5232,7.7176470588235295
7.705,53.773,54.791786193847656,0.148,0.5232,7.482352941176471
7.755,54.115,54.791786193847656,0.1483,0.5232,7.482352941176471
7.805,54.335,54.791786193847656,0.1497,0.5232,7.435294117647059
7.855,54.408,54.791786193847656,0.1512,0.5232,7.435294117647059
7.905,54.31,54.791786193847656,0.1527,0.5232,7.247058823529412
7.955,54.603,54.791786193847656,0.154,0.5232,7.247058823529412
8.005,54.847,54.791786193847656,0.1548,0.5232,7.247058823529412
8.055,54.969,54.791786193847656,0.1564,0.5232,7.152941176470589
8.105,53.407,54.791786193847656,0.1578,0.5232,7.152941176470589
8.155,54.921,54.791786193847656,0.1592,0.5232,-7.105882352941176
8.205,55.092,54.791786193847656,0.1608,0.5232,-7.105882352941176
8.255,54.799,54.791786193847656,0.1626,0.5232,-7.105882352941176
8.305,54.774,53.291786193847656,0.1647,0.5232,-7.105882352941176
8.355,54.505,53.291786193847656,0.166,0.5232,0.0
8.405,54.383,53.291786193847656,0.1679,0.5232,0.0
8.455,53.431,53.291786193847656,0.1703,0.5232,-7.529411764705882
8.505,54.286,53.291786193847656,0.1723,0.5232,-7.482352941176471
8.555,53.602,53.291786193847656,0.1751,0.5232,-7.482352941176471
8.605,53.968,53.291786193847656,0.177,0.5232,-7.435294117647059
8.655,52.772,53.291786193847656,0.1801,0.5232,-7.435294117647059
8.705,53.382,53.291786193847656,0.1828,0.5232,-7.294117647058823
8.755,52.918,53.291786193847656,0.1851,0.5232,7.247058823529412
8.805,52.918,53.291786193847656,0.1876,0.5232,7.247058823529412
8.855,53.089,53.291786193847656,0.1909,0.5232,7.2
8.905,53.065,53.291786193847656,0.1938,0.5232,7.2
8.955,53.284,53.291786193847656,0.1971,0.5232,7.152941176470589
9.005,53.187,53.291786193847656,0.2006,0.5232,7.152941176470589
9.055,53.822,53.291786193847656,0.204,0.5232,7.152941176470589
9.105,53.626,53.291786193847656,0.2068,0.5232,7.105882352941176
9.155,53.504,53.291786193847656,0.21,0.5232,7.105882352941176
9.205,53.748,53.291786193847656,0.2134,0.5232,-7.2
9.255,53.382,53.291786193847656,0.2171,0.5232,-7.152941176470589
9.305,53.871,51.791786193847656,0.2209,0.5232,-7.152941176470589
9.355,53.04,51.791786193847656,0.2242,0.5232,-7.105882352941176
9.405,53.187,51.791786193847656,0.2277,0.5232,-7.105882352941176
9.455,52.43,51.791786193847656,0.2314,0.5232,-7.529411764705882
9.505,52.796,51.791786193847656,0.2345,0.5232,-7.576470588235294
9.555,51.819,51.791786193847656,0.2382,0.5232,-7.576470588235294
9.605,52.137,51.791786193847656,0.2406,0.5232,-7.435294117647059
9.655,51.477,51.791786193847656,0.245,0.5232,-7.435294117647059
9.705,51.38,51.791786193847656,0.2483,0.5232,-7.2
9.755,51.013,51.791786193847656,0.2518,0.5232,-7.2
9.805,50.842,51.791786193847656,0.2546,0.5232,7.2
9.855,51.038,51.791786193847656,0.2573,0.5232,7.2
9.905,51.013,51.791786193847656,0.2599,0.5232,7.435294117647059
9.955,51.306,51.791786193847656,0.2628,0.5232,7.435294117647059
10.005,51.282,51.791786193847656,0.2657,0.5232,7.341176470588235
10.055,51.477,51.791786193847656,0.2684,0.5232,7.341176470588235
10.105,51.624,51.791786193847656,0.2716,0.5232,7.247058823529412
10.155,51.502,51.791786193847656,0.2745,0.5232,7.247058823529412
10.205,52.259,51.791786193847656,0.2764,0.5232,7.105882352941176
10.255,51.941,51.791786193847656,0.2783,0.5232,7.152941176470589
10.305,52.259,53.291786193847656,0.2804,0.5232,7.152941176470589
10.355,52.161,53.291786193847656,0.2828,0.5232,-7.105882352941176
10.405,52.186,53.291786193847656,0.2848,0.5232,-7.105882352941176
10.455,52.015,53.291786193847656,0.2874,0.5232,7.482352941176471
10.505,52.234,53.291786193847656,0.289,0.5232,7.482352941176471
10.555,52.259,53.291786193847656,0.2908,0.5232,7.482352941176471
10.605,52.405,53.291786193847656,0.2926,0.5232,7.435294117647059
10.655,52.552,53.291786193847656,0.2942,0.5232,7.435294117647059
10.705,52.772,53.291786193847656,0.2953,0.5232,7.3882352941176475
10.755,52.821,53.291786193847656,0.2975,0.5232,7.341176470588235
10.805,53.065,53.291786193847656,0.2994,0.5232,7.341176470588235
10.855,53.089,53.291786193847656,0.3012,0.5232,7.247058823529412
10.905,53.309,53.291786193847656,0.3023,0.5232,7.247058823529412
10.955,53.309,53.291786193847656,0.3042,0.5232,7.152941176470589
11.005,53.309,53.291786193847656,0.3054,0.5232,7.152941176470589
11.055,53.407,53.291786193847656,0.3069,0.5232,0.0
11.105,53.431,53.291786193847656,0.3087,0.5232,0.0
11.155,53.358,53.291786193847656,0.3101,0.5232,-7.105882352941176
11.205,53.529,53.291786193847656,0.312,0.5232,-7.105882352941176
11.255,53.016,53.291786193847656,0.3132,0.5232,-7.105882352941176
11.305,53.114,51.791786193847656,0.3147,0.5232,-7.105882352941176
11.355,52.967,51.791786193847656,0.3159,0.5232,7.152941176470589
11.405,52.943,51.791786193847656,0.3178,0.5232,7.152941176470589
11.455,53.016,51.791786193847656,0.3196,0.5232,-7.482352941176471
11.505,52.698,51.791786193847656,0.3215,0.5232,-7.482352941176471
11.555,52.332,51.791786193847656,0.323,0.5232,-7.482352941176471
11.605,52.283,51.791786193847656,0.3248,0.5232,-7.3882352941176475
11.655,51.746,51.791786193847656,0.3269,0.5232,-7.3882352941176475
11.705,52.21,51.791786193847656,0.3279,0.5232,-7.247058823529412
11.755,51.795,51.791786193847656,0.3303,0.5232,0.0
11.805,51.77,51.791786193847656,0.3323,0.5232,0.0
11.855,51.77,51.791786193847656,0.3344,0.5232,0.0
11.905,51.77,51.791786193847656,0.3366,0.5232,0.0
11.955,51.77,51.791786193847656,0.3398,0.5232,0.0
12.005,51.795,51.791786193847656,0.341,0.5232,0.0
12.056,51.77,51.791786193847656,0.3437,0.5232,0.0
12.105,51.746,51.791786193847656,0.3455,0.5232,0.0
12.155,51.77,51.791786193847656,0.3481,0.5232,0.0
12.205,51.77,51.791786193847656,0.3504,0.5232,0.0
12.255,51.746,51.791786193847656,0.3533,0.5232,0.0
12.305,51.77,50.29178237915039,0.3563,0.5232,0.0
12.355,51.77,50.29178237915039,0.3583,0.5232,0.0
12.405,51.77,50.29178237915039,0.3604,0.5232,0.0
12.455,51.746,50.29178237915039,0.3634,0.5232,-7.623529411764705
12.505,51.673,50.29178237915039,0.3657,0.5232,-7.623529411764705
12.555,51.111,50.29178237915039,0.3681,0.5232,-7.623529411764705
12.605,51.136,50.29178237915039,0.3712,0.5232,-7.576470588235294
12.655,50.159,50.29178237915039,0.374,0.5232,-7.576470588235294
12.705,50.354,50.29178237915039,0.3765,0.5232,-7.3882352941176475
12.755,50.208,50.29178237915039,0.3789,0.5232,7.105882352941176
12.805,50.183,50.29178237915039,0.3816,0.5232,7.105882352941176
12.855,50.574,50.29178237915039,0.3833,0.5232,7.105882352941176
12.905,50.305,50.29178237915039,0.3866,0.5232,7.105882352941176
12.955,50.623,50.29178237915039,0.3891,0.5232,-7.152941176470589
13.005,50.672,50.29178237915039,0.391,0.5232,0.0
13.055,50.672,50.29178237915039,0.3934,0.5232,0.0
13.105,50.72,50.29178237915039,0.3959,0.5232,-7.2
13.155,50.354,50.29178237915039,0.3976,0.5232,-7.2
13.205,50.842,50.29178237915039,0.3998,0.5232,-7.2
13.255,50.085,50.29178237915039,0.402,0.5232,0.0
13.305,50.134,51.791786193847656,0.4043,0.5232,0.0
13.355,50.11,51.791786193847656,0.4064,0.5232,7.152941176470589
13.405,49.988,51.791786193847656,0.4083,0.5232,7.152941176470589
13.455,50.33,51.791786193847656,0.4095,0.5232,7.670588235294118
13.505,50.598,51.791786193847656,0.4108,0.5232,7.670588235294118
13.555,50.647,51.791786193847656,0.4124,0.5232,7.623529411764705
13.605,51.16,51.791786193847656,0.4146,0.5232,7.623529411764705
13.655,51.184,51.791786193847656,0.4156,0.5232,7.482352941176471
13.705,51.502,51.791786193847656,0.4177,0.5232,7.482352941176471
13.755,51.575,51.791786193847656,0.4195,0.5232,7.294117647058823
13.805,51.893,51.791786193847656,0.4205,0.5232,7.294117647058823
13.855,51.746,51.791786193847656,0.421,0.5232,7.152941176470589
13.905,51.697,51.791786193847656,0.4227,0.5232,7.152941176470589
13.955,52.112,51.791786193847656,0.4237,0.5232,0.0
14.005,52.137,51.791786193847656,0.4245,0.5232,0.0
14.057,52.161,51.791786193847656,0.4269,0.5232,-7.2
14.106,51.819,51.791786193847656,0.4273,0.5232,-7.2
14.156,51.6,51.791786193847656,0.4288,0.5232,-7.2
14.206,51.526,51.791786193847656,0.4302,0.5232,-7.2
14.256,51.551,51.791786193847656,0.4304,0.5232,7.152941176470589
14.306,51.526,53.291786193847656,0.4311,0.5232,7.152941176470589
14.356,51.966,53.291786193847656,0.4324,0.5232,7.152941176470589
14.406,51.819,53.291786193847656,0.4334,0.5232,7.152941176470589
14.456,52.063,53.291786193847656,0.4347,0.5232,7.576470588235294
14.506,52.283,53.291786193847656,0.4355,0.5232,7.623529411764705
14.556,52.283,53.291786193847656,0.4367,0.5232,7.623529411764705
14.606,52.601,53.291786193847656,0.4368,0.5232,7.435294117647059
14.656,51.453,53.291786193847656,0.438,0.5232,7.435294117647059
14.706,52.991,53.291786193847656,0.4387,0.5232,7.341176470588235
14.756,51.697,53.291786193847656,0.4403,0.5232,7.764705882352941
14.806,53.162,53.291786193847656,0.4411,0.5232,7.764705882352941
14.856,53.455,53.291786193847656,0.4429,0.5232,7.670588235294118
14.906,53.797,53.291786193847656,0.444,0.5232,7.670588235294118
14.956,53.822,53.291786193847656,0.4444,0.5232,-7.105882352941176
15.006,54.115,53.291786193847656,0.4457,0.5232,-7.247058823529412
15.056,53.48,53.291786193847656,0.4472,0.5232,-7.247058823529412
15.106,53.162,53.291786193847656,0.4481,0.5232,-7.3882352941176475
15.156,53.822,53.291786193847656,0.4495,0.5232,-7.3882352941176475
15.206,53.016,53.291786193847656,0.4511,0.5232,7.105882352941176
15.256,53.04,53.291786193847656,0.4522,0.5232,-7.247058823529412
15.306,53.04,54.791786193847656,0.4532,0.5232,-7.247058823529412
15.356,52.723,54.791786193847656,0.4546,0.5232,7.152941176470589
15.406,52.845,54.791786193847656,0.4559,0.5232,7.152941176470589
15.456,52.991,54.791786193847656,0.4574,0.5232,7.858823529411764
15.506,53.236,54.791786193847656,0.4597,0.5232,7.811764705882353
15.556,53.578,54.791786193847656,0.4614,0.5232,7.811764705882353
15.606,53.284,54.791786193847656,0.462,0.5232,7.623529411764705
15.656,54.017,54.791786193847656,0.4641,0.5232,7.623529411764705
15.706,54.286,54.791786193847656,0.4659,0.5232,7.623529411764705
15.756,54.237,54.791786193847656,0.4668,0.5232,7.341176470588235
15.806,54.212,54.791786193847656,0.4685,0.5232,7.341176470588235
15.856,54.579,54.791786193847656,0.4712,0.5232,7.247058823529412
15.906,54.75,54.791786193847656,0.4721,0.5232,7.247058823529412
15.956,55.018,54.791786193847656,0.4738,0.5232,7.152941176470589
16.006,54.994,54.791786193847656,0.4761,0.5232,0.0
16.058,55.018,54.791786193847656,0.4767,0.5232,0.0
16.107,55.116,54.791786193847656,0.4781,0.5232,-7.152941176470589
16.157,54.652,54.791786193847656,0.4805,0.5232,-7.152941176470589
16.207,55.018,54.791786193847656,0.4818,0.5232,-7.2
16.257,54.676,54.791786193847656,0.4832,0.5232,7.105882352941176
16.307,54.676,53.291786193847656,0.4855,0.5232,7.105882352941176
16.357,54.75,53.291786193847656,0.4866,0.5232,7.105882352941176
16.407,54.164,53.291786193847656,0.4883,0.5232,7.105882352941176
16.457,55.018,53.291786193847656,0.4896,0.5232,-7.623529411764705
16.507,55.385,53.291786193847656,0.4912,0.5232,-7.3882352941176475
16.557,54.432,53.291786193847656,0.493,0.5232,-7.3882352941176475
16.607,54.847,53.291786193847656,0.4947,0.5232,-7.858823529411764
16.657,54.286,53.291786193847656,0.4959,0.5232,-7.858823529411764
16.707,54.188,53.291786193847656,0.4978,0.5232,-7.623529411764705
16.757,53.553,53.291786193847656,0.4989,0.5232,-7.435294117647059
16.807,53.895,53.291786193847656,0.5006,0.5232,-7.435294117647059
16.857,53.089,53.291786193847656,0.5023,0.5232,-7.152941176470589
16.907,53.04,53.291786193847656,0.5032,0.5232,-7.152941176470589
16.957,52.943,53.291786193847656,0.5052,0.5232,7.152941176470589
17.007,52.894,53.291786193847656,0.5069,0.5232,7.152941176470589
17.057,52.918,53.291786193847656,0.5078,0.5232,7.152941176470589
17.107,53.211,53.291786193847656,0.5092,0.5232,7.2
17.157,53.504,53.291786193847656,0.5114,0.5232,7.2
17.207,53.431,53.291786193847656,0.5123,0.5232,7.105882352941176
17.257,53.675,53.291786193847656,0.5129,0.5232,-7.152941176470589
17.307,54.09,54.791786193847656,0.5159,0.5232,-7.152941176470589
17.357,53.626,54.791786193847656,0.517,0.5232,-7.2
17.407,53.553,54.791786193847656,0.5187,0.5232,-7.2
17.457,53.162,54.791786193847656,0.5206,0.5232,7.482352941176471
17.507,52.796,54.791786193847656,0.5218,0.5232,7.529411764705882
17.557,52.967,54.791786193847656,0.5237,0.5232,7.529411764705882
17.607,53.675,54.791786193847656,0.5249,0.5232,7.811764705882353
17.657,54.066,54.791786193847656,0.5267,0.5232,7.811764705882353
17.707,54.237,54.791786193847656,0.5294,0.5232,7.482352941176471
17.757,54.408,54.791786193847656,0.5309,0.5232,7.341176470588235
17.807,54.164,54.791786193847656,0.5328,0.5232,7.341176470588235
17.857,54.603,54.791786193847656,0.5346,0.5232,7.2
17.907,54.896,54.791786193847656,0.5358,0.5232,7.2
17.957,54.969,54.791786193847656,0.5382,0.5232,7.152941176470589
18.007,54.921,54.791786193847656,0.5403,0.5232,7.152941176470589
18.059,55.238,54.791786193847656,0.5423,0.5232,-7.105882352941176
18.108,55.311,54.791786193847656,0.5445,0.5232,-7.105882352941176
18.158,55.116,54.791786193847656,0.5469,0.5232,-7.247058823529412
18.208,54.725,54.791786193847656,0.5481,0.5232,-7.247058823529412
18.258,54.237,54.791786193847656,0.5502,0.5232,-7.247058823529412
18.308,54.481,56.29178237915039,0.5521,0.5232,7.105882352941176
18.358,54.505,56.29178237915039,0.5539,0.5232,7.105882352941176
18.408,54.579,56.29178237915039,0.5562,0.5232,7.7176470588235295
18.458,54.847,56.29178237915039,0.5583,0.5232,7.7176470588235295
18.508,54.945,56.29178237915039,0.5602,0.5232,7.7176470588235295
18.558,55.678,56.29178237915039,0.5618,0.5232,7.623529411764705
18.608,55.165,56.29178237915039,0.5636,0.5232,7.623529411764705
18.658,56.044,56.29178237915039,0.5653,0.5232,7.294117647058823
18.708,56.093,56.29178237915039,0.5675,0.5232,7.482352941176471
18.758,56.264,56.29178237915039,0.5697,0.5232,7.482352941176471
18.808,56.386,56.29178237915039,0.5712,0.5232,7.152941176470589
18.858,56.654,56.29178237915039,0.5731,0.5232,7.152941176470589
18.908,56.899,56.29178237915039,0.575,0.5232,-7.105882352941176
18.958,56.703,56.29178237915039,0.5766,0.5232,-7.105882352941176
19.008,56.508,56.29178237915039,0.578,0.5232,-7.294117647058823
19.058,56.337,56.29178237915039,0.5802,0.5232,-7.294117647058823
19.108,56.41,56.29178237915039,0.5824,0.5232,-7.152941176470589
19.158,55.433,56.29178237915039,0.5838,0.5232,-7.152941176470589
19.208,55.824,56.29178237915039,0.5852,0.5232,-7.105882352941176
19.258,55.165,56.29178237915039,0.5873,0.5232,-7.105882352941176
19.308,55.287,57.791786193847656,0.5888,0.5232,7.247058823529412
19.358,55.385,57.791786193847656,0.5896,0.5232,7.247058823529412
19.408,55.36,57.791786193847656,0.5925,0.5232,8.0
19.458,55.629,57.791786193847656,0.5937,0.5232,7.952941176470588
19.508,55.971,57.791786193847656,0.5954,0.5232,7.952941176470588
19.558,55.556,57.791786193847656,0.5977,0.5232,7.858823529411764
19.608,56.166,57.791786193847656,0.599,0.5232,7.858823529411764
19.658,57.021,57.791786193847656,0.601,0.5232,7.905882352941177
19.708,57.118,57.791786193847656,0.6026,0.5232,7.905882352941177
19.758,57.485,57.791786193847656,0.6042,0.5232,7.341176470588235
19.808,57.851,57.791786193847656,0.6063,0.5232,7.341176470588235
19.858,58.193,57.791786193847656,0.6075,0.5232,7.152941176470589
19.908,57.998,57.791786193847656,0.6101,0.5232,7.152941176470589
19.958,58.315,57.791786193847656,0.612,0.5232,-7.2
20.008,58.364,57.791786193847656,0.614,0.5232,-7.2
20.06,58.12,57.791786193847656,0.6162,0.5232,-7.247058823529412
20.109,57.827,57.791786193847656,0.6172,0.5232,-7.247058823529412
20.159,58.242,57.791786193847656,0.6192,0.5232,-7.2
20.209,57.363,57.791786193847656,0.6217,0.5232,0.0
20.259,57.338,57.791786193847656,0.6234,0.5232,0.0
20.309,57.338,56.29178237915039,0.6257,0.5232,7.2
20.359,57.363,56.29178237915039,0.6282,0.5232,7.2
20.409,57.387,56.29178237915039,0.6299,0.5232,-7.435294117647059
20.459,57.46,56.29178237915039,0.6321,0.5232,-7.482352941176471
20.509,57.094,56.29178237915039,0.6342,0.5232,-7.482352941176471
20.559,57.314,56.29178237915039,0.6368,0.5232,-7.482352941176471
20.609,56.63,56.29178237915039,0.6396,0.5232,-7.482352941176471
20.659,56.508,56.29178237915039,0.6418,0.5232,-7.435294117647059
20.709,56.581,56.29178237915039,0.644,0.5232,-7.2
20.759,55.507,56.29178237915039,0.6466,0.5232,-7.2
20.809,55.873,56.29178237915039,0.6483,0.5232,-7.152941176470589
20.859,55.531,56.29178237915039,0.6514,0.5232,-7.152941176470589
20.909,55.458,56.29178237915039,0.6532,0.5232,7.2
20.959,55.507,56.29178237915039,0.6558,0.5232,7.341176470588235
21.009,55.385,56.29178237915039,0.6584,0.5232,7.341176470588235
21.059,56.19,56.29178237915039,0.6607,0.5232,7.341176470588235
21.109,55.849,56.29178237915039,0.6633,0.5232,7.341176470588235
21.159,56.313,56.29178237915039,0.6654,0.5232,7.105882352941176
21.209,56.337,56.29178237915039,0.6682,0.5232,7.247058823529412
21.259,56.777,56.29178237915039,0.6708,0.5232,7.247058823529412
21.309,56.972,54.791786193847656,0.6737,0.5232,0.0
21.359,56.947,54.791786193847656,0.6783,0.5232,0.0
21.409,56.996,54.791786193847656,0.682,0.5232,-7.858823529411764
21.459,56.654,54.791786193847656,0.6848,0.5232,-7.858823529411764
21.509,56.703,54.791786193847656,0.6894,0.5232,-7.858823529411764
21.559,56.264,54.791786193847656,0.6921,0.5232,-7.764705882352941
21.609,56.361,54.791786193847656,0.6946,0.5232,-7.764705882352941
21.659,55.14,54.791786193847656,0.6981,0.5232,-7.623529411764705
21.709,55.653,54.791786193847656,0.7006,0.5232,-7.670588235294118
21.759,55.067,54.791786193847656,0.7025,0.5232,-7.670588235294118
21.809,54.603,54.791786193847656,0.7047,0.5232,-7.3882352941176475
21.859,54.212,54.791786193847656,0.7062,0.5232,-7.3882352941176475
21.909,54.457,54.791786193847656,0.7072,0.5232,7.152941176470589
21.959,54.457,54.791786193847656,0.7079,0.5232,7.294117647058823
22.009,54.481,54.791786193847656,0.7087,0.5232,7.294117647058823
22.061,54.212,54.791786193847656,0.709,0.5232,7.2
22.11,55.385,54.791786193847656,0.7091,0.5232,7.2
22.16,54.896,54.791786193847656,0.7095,0.5232,7.294117647058823
22.21,55.507,54.791786193847656,0.7099,0.5232,-7.294117647058823
22.26,55.214,54.791786193847656,0.71,0.5232,-7.294117647058823
22.31,55.165,53.291786193847656,0.71,0.5232,-7.341176470588235
22.36,54.603,53.291786193847656,0.71,0.5232,-7.341176470588235
22.41,54.823,53.291786193847656,0.71,0.5232,-7.764705882352941
22.46,54.896,53.291786193847656,0.71,0.5232,-7.529411764705882
22.51,54.139,53.291786193847656,0.71,0.5232,-7.529411764705882
22.56,53.504,53.291786193847656,0.71,0.5232,-7.670588235294118
22.61,53.895,53.291786193847656,0.7099,0.5232,-7.670588235294118
22.66,53.407,53.291786193847656,0.7091,0.5232,-7.152941176470589
22.71,53.407,53.291786193847656,0.7081,0.5232,-7.294117647058823
22.76,52.967,53.291786193847656,0.7065,0.5232,-7.294117647058823
22.81,52.772,53.291786193847656,0.7051,0.5232,-7.105882352941176
22.86,52.601,53.291786193847656,0.7046,0.5232,-7.105882352941176
22.91,52.674,53.291786193847656,0.7035,0.5232,7.247058823529412
22.96,52.65,53.291786193847656,0.7023,0.5232,7.341176470588235
23.01,52.454,53.291786193847656,0.7011,0.5232,7.341176470588235
23.06,52.894,53.291786193847656,0.6998,0.5232,7.294117647058823
23.11,53.358,53.291786193847656,0.6985,0.5232,7.294117647058823
23.16,53.626,53.291786193847656,0.6969,0.5232,7.2
23.21,53.797,53.291786193847656,0.6948,0.5232,-7.105882352941176
23.26,53.504,53.291786193847656,0.6936,0.5232,-7.105882352941176
23.31,53.358,54.791786193847656,0.691,0.5232,-7.247058823529412
23.36,53.871,54.791786193847656,0.6893,0.5232,-7.247058823529412
23.41,53.162,54.791786193847656,0.6883,0.5232,7.576470588235294
23.46,52.991,54.791786193847656,0.6859,0.5232,7.576470588235294
23.51,53.382,54.791786193847656,0.6845,0.5232,7.670588235294118
23.56,53.871,54.791786193847656,0.6834,0.5232,7.670588235294118
23.61,53.48,54.791786193847656,0.6816,0.5232,7.576470588235294
23.66,53.919,54.791786193847656,0.68,0.5232,7.576470588235294
23.71,54.579,54.791786193847656,0.6784,0.5232,7.529411764705882
23.76,54.457,54.791786193847656,0.6768,0.5232,7.529411764705882
23.81,54.75,54.791786193847656,0.6758,0.5232,7.152941176470589
23.86,55.116,54.791786193847656,0.6755,0.5232,7.152941176470589
23.91,55.336,54.791786193847656,0.6729,0.5232,0.0
23.96,55.287,54.791786193847656,0.6728,0.5232,-7.2
24.01,55.507,54.791786193847656,0.6715,0.5232,-7.2
24.062,55.165,54.791786193847656,0.671,0.5232,-7.247058823529412
24.111,54.725,54.791786193847656,0.6694,0.5232,-7.247058823529412
24.161,54.31,54.791786193847656,0.6689,0.5232,-7.2
24.211,54.505,54.791786193847656,0.6682,0.5232,-7.2
24.261,54.286,54.791786193847656,0.6677,0.5232,7.247058823529412
24.311,54.09,53.291786193847656,0.6674,0.5232,7.247058823529412
24.361,54.481,53.291786193847656,0.6667,0.5232,7.247058823529412
24.411,54.457,53.291786193847656,0.6663,0.5232,7.247058823529412
24.461,54.847,53.291786193847656,0.6659,0.5232,-7.529411764705882
24.511,54.872,53.291786193847656,0.6659,0.5232,-7.529411764705882
24.561,54.799,53.291786193847656,0.6659,0.5232,-7.623529411764705
24.611,54.603,53.291786193847656,0.6659,0.5232,-7.623529411764705
24.661,54.212,53.291786193847656,0.6659,0.5232,-7.623529411764705
24.711,54.31,53.291786193847656,0.6659,0.5232,-7.529411764705882
24.761,53.504,53.291786193847656,0.6659,0.5232,-7.529411764705882
24.811,53.431,53.291786193847656,0.666,0.5232,-7.435294117647059
24.861,53.333,53.291786193847656,0.666,0.5232,-7.435294117647059
24.911,53.04,53.291786193847656,0.6661,0.5232,-7.105882352941176
24.961,52.943,53.291786193847656,0.6667,0.5232,-7.105882352941176
25.011,52.698,53.291786193847656,0.6669,0.5232,7.152941176470589
25.061,52.869,53.291786193847656,0.6669,0.5232,7.152941176470589
25.111,52.723,53.291786193847656,0.6674,0.5232,7.294117647058823
25.161,53.48,53.291786193847656,0.6675,0.5232,7.2
25.211,53.236,53.291786193847656,0.6679,0.5232,7.2
25.261,53.504,53.291786193847656,0.6685,0.5232,-7.152941176470589
25.311,53.431,51.791786193847656,0.6687,0.5232,-7.152941176470589
25.361,52.918,51.791786193847656,0.6689,0.5232,-7.152941176470589
25.411,53.187,51.791786193847656,0.669,0.5232,-7.152941176470589
25.461,53.089,51.791786193847656,0.6694,0.5232,-7.482352941176471
25.511,52.991,51.791786193847656,0.6695,0.5232,-7.482352941176471
25.561,52.625,51.791786193847656,0.6696,0.5232,-7.529411764705882
25.611,52.527,51.791786193847656,0.6696,0.5232,-7.529411764705882
25.661,52.088,51.791786193847656,0.6697,0.5232,-7.3882352941176475
25.711,51.966,51.791786193847656,0.6697,0.5232,-7.3882352941176475
25.761,51.844,51.791786193847656,0.6697,0.5232,-7.152941176470589
25.811,51.77,51.791786193847656,0.6697,0.5232,-7.152941176470589
25.861,51.404,51.791786193847656,0.6697,0.5232,0.0
25.911,51.404,51.791786193847656,0.6697,0.5232,0.0
25.961,51.38,51.791786193847656,0.6696,0.5232,0.0
26.011,51.526,51.791786193847656,0.6696,0.5232,7.2
26.063,51.209,51.791786193847656,0.6695,0.5232,7.2
26.112,51.404,51.791786193847656,0.6695,0.5232,7.152941176470589
26.162,51.6,51.791786193847656,0.6695,0.5232,7.294117647058823
26.212,51.624,51.791786193847656,0.6687,0.5232,7.294117647058823
26.262,52.503,51.791786193847656,0.6686,0.5232,7.152941176470589
26.312,52.405,53.291786193847656,0.6684,0.5232,7.152941176470589
26.362,52.625,53.291786193847656,0.6683,0.5232,-7.341176470588235
26.412,52.576,53.291786193847656,0.6681,0.5232,7.3882352941176475
26.462,52.698,53.291786193847656,0.6677,0.5232,7.3882352941176475
26.512,52.576,53.291786193847656,0.6675,0.5232,7.341176470588235
26.562,53.211,53.291786193847656,0.6674,0.5232,7.341176470588235
26.612,52.894,53.291786193847656,0.667,0.5232,7.341176470588235
26.662,53.48,53.291786193847656,0.6669,0.5232,7.105882352941176
26.712,53.382,53.291786193847656,0.6667,0.5232,7.105882352941176
26.762,53.846,53.291786193847656,0.6666,0.5232,-7.152941176470589
26.812,53.675,53.291786193847656,0.6665,0.5232,-7.152941176470589
26.862,53.48,53.291786193847656,0.6662,0.5232,-7.247058823529412
26.912,53.407,53.291786193847656,0.666,0.5232,-7.2
26.962,53.333,53.291786193847656,0.666,0.5232,-7.2
27.012,52.967,53.291786193847656,0.6659,0.5232,-7.105882352941176
27.062,52.894,53.291786193847656,0.6658,0.5232,-7.105882352941176
27.112,52.625,53.291786193847656,0.6658,0.5232,7.2
27.162,52.186,53.291786193847656,0.6658,0.5232,7.2
27.212,52.552,53.291786193847656,0.6657,0.5232,7.2
27.262,52.552,53.291786193847656,0.6657,0.5232,7.482352941176471
27.312,53.48,51.791786193847656,0.6657,0.5232,7.482352941176471
27.362,53.578,51.791786193847656,0.6659,0.5232,7.341176470588235
27.412,53.7,51.791786193847656,0.6659,0.5232,-7.7176470588235295
27.462,53.602,51.791786193847656,0.6659,0.5232,-7.7176470588235295
27.512,53.407,51.791786193847656,0.666,0.5232,-7.764705882352941
27.562,53.26,51.791786193847656,0.666,0.5232,-7.764705882352941
27.612,53.431,51.791786193847656,0.666,0.5232,-7.670588235294118
27.662,52.65,51.791786193847656,0.6662,0.5232,-7.623529411764705
27.712,52.283,51.791786193847656,0.6662,0.5232,-7.623529411764705
27.762,51.795,51.791786193847656,0.6664,0.5232,-7.3882352941176475
27.812,51.6,51.791786193847656,0.6665,0.5232,-7.3882352941176475
27.862,51.746,51.791786193847656,0.6667,0.5232,0.0
27.912,51.77,51.791786193847656,0.667,0.5232,7.152941176470589
27.962,51.453,51.791786193847656,0.6671,0.5232,7.152941176470589
28.012,51.844,51.791786193847656,0.6673,0.5232,0.0
28.064,51.844,51.791786193847656,0.6675,0.5232,0.0
28.113,51.893,51.791786193847656,0.6675,0.5232,0.0
28.163,51.868,51.791786193847656,0.6675,0.5232,0.0
28.213,51.844,51.791786193847656,0.6681,0.5232,0.0
28.263,51.917,51.791786193847656,0.6687,0.5232,-7.105882352941176
28.313,51.868,50.29178237915039,0.6687,0.5232,-7.105882352941176
28.363,51.624,50.29178237915039,0.6687,0.5232,-7.105882352941176
28.413,51.6,50.29178237915039,0.6688,0.5232,-7.670588235294118
28.463,51.477,50.29178237915039,0.669,0.5232,-7.670588235294118
28.513,50.794,50.29178237915039,0.6696,0.5232,-7.529411764705882
28.563,50.94,50.29178237915039,0.6696,0.5232,-7.529411764705882
28.613,50.574,50.29178237915039,0.6699,0.5232,-7.247058823529412
28.663,50.208,50.29178237915039,0.6702,0.5232,-7.294117647058823
28.713,50.256,50.29178237915039,0.6702,0.5232,-7.294117647058823
28.763,50.159,50.29178237915039,0.6703,0.5232,7.105882352941176
28.813,49.89,50.29178237915039,0.6704,0.5232,7.105882352941176
28.863,50.33,50.29178237915039,0.6704,0.5232,7.105882352941176
28.913,49.963,50.29178237915039,0.6704,0.5232,7.2
28.963,51.038,50.29178237915039,0.6705,0.5232,7.2
29.013,50.989,50.29178237915039,0.6708,0.5232,7.2
29.063,51.233,50.29178237915039,0.6709,0.5232,7.2
29.113,51.453,50.29178237915039,0.6709,0.5232,-7.341176470588235
29.163,51.6,50.29178237915039,0.6711,0.5232,-7.435294117647059
29.213,51.6,50.29178237915039,0.6711,0.5232,-7.435294117647059
29.263,51.087,50.29178237915039,0.6711,0.5232,-7.529411764705882
29.313,50.696,48.79178237915039,0.6711,0.5232,-7.529411764705882
29.363,50.623,48.79178237915039,0.6711,0.5232,-7.341176470588235
29.413,50.305,48.79178237915039,0.6711,0.5232,-7.764705882352941
29.463,50.354,48.79178237915039,0.6711,0.5232,-7.764705882352941
29.513,49.792,48.79178237915039,0.671,0.5232,-7.623529411764705
29.563,49.499,48.79178237915039,0.671,0.5232,-7.623529411764705
29.613,49.573,48.79178237915039,0.671,0.5232,-7.435294117647059
29.663,49.084,48.79178237915039,0.671,0.5232,-7.341176470588235
29.713,48.962,48.79178237915039,0.671,0.5232,-7.341176470588235
29.763,48.278,48.79178237915039,0.6708,0.5232,-7.152941176470589
29.813,48.278,48.79178237915039,0.6708,0.5232,-7.152941176470589
29.863,48.425,48.79178237915039,0.6704,0.5232,7.247058823529412
29.913,48.352,48.79178237915039,0.6702,0.5232,7.247058823529412
29.963,48.669,48.79178237915039,0.6702,0.5232,7.247058823529412
30.013,48.84,48.79178237915039,0.67,0.5232,7.247058823529412
30.065,49.109,48.79178237915039,0.67,0.5232,7.247058823529412
30.114,49.353,48.79178237915039,0.6699,0.5232,0.0
30.164,49.573,48.79178237915039,0.6691,0.5232,-7.2
30.214,49.353,48.79178237915039,0.6691,0.5232,-7.2
30.264,49.451,48.79178237915039,0.6687,0.5232,-7.341176470588235
30.314,49.402,50.29178237915039,0.6687,0.5232,-7.341176470588235
30.364,48.889,50.29178237915039,0.6684,0.5232,-7.294117647058823
30.414,48.425,50.29178237915039,0.6679,0.5232,-7.294117647058823
30.464,48.571,50.29178237915039,0.6674,0.5232,7.576470588235294
30.514,48.205,50.29178237915039,0.6673,0.5232,7.576470588235294
30.564,48.84,50.29178237915039,0.6671,0.5232,7.7176470588235295
30.614,48.596,50.29178237915039,0.6663,0.5232,7.7176470588235295
30.664,49.06,50.29178237915039,0.6659,0.5232,7.623529411764705
30.714,49.451,50.29178237915039,0.6656,0.5232,7.623529411764705
30.764,50.208,50.29178237915039,0.665,0.5232,7.529411764705882
30.814,50.134,50.29178237915039,0.6649,0.5232,7.529411764705882
30.864,50.549,50.29178237915039,0.6647,0.5232,7.105882352941176
30.914,50.647,50.29178237915039,0.6634,0.5232,7.105882352941176
30.964,50.989,50.29178237915039,0.6632,0.5232,7.105882352941176
31.014,51.551,50.29178237915039,0.6626,0.5232,-7.2
31.064,51.038,50.29178237915039,0.6625,0.5232,-7.2
31.114,50.696,50.29178237915039,0.6617,0.5232,-7.529411764705882
31.164,50.989,50.29178237915039,0.6611,0.5232,-7.529411764705882
31.214,51.111,50.29178237915039,0.6605,0.5232,-7.2
31.264,50.305,50.29178237915039,0.6602,0.5232,-7.2
31.314,49.963,48.79178237915039,0.6583,0.5232,-7.3882352941176475
31.364,49.89,48.79178237915039,0.6581,0.5232,-7.3882352941176475
31.414,49.304,48.79178237915039,0.6571,0.5232,-7.482352941176471
31.464,49.621,48.79178237915039,0.6564,0.5232,-7.482352941176471
31.514,49.377,48.79178237915039,0.6552,0.5232,-7.247058823529412
31.564,49.158,48.79178237915039,0.6552,0.5232,-7.247058823529412
31.614,48.694,48.79178237915039,0.6533,0.5232,-7.294117647058823
31.664,48.694,48.79178237915039,0.6526,0.5232,-7.2
31.714,48.62,48.79178237915039,0.6521,0.5232,-7.2
31.764,49.035,48.79178237915039,0.6508,0.5232,7.105882352941176
31.814,48.425,48.79178237915039,0.6503,0.5232,7.105882352941176
31.864,48.62,48.79178237915039,0.65,0.5232,-7.152941176470589
31.914,48.596,48.79178237915039,0.6482,0.5232,7.2
31.964,48.791,48.79178237915039,0.6471,0.5232,7.2
32.014,48.376,48.79178237915039,0.6467,0.5232,7.152941176470589
32.066,49.06,48.79178237915039,0.6451,0.5232,7.152941176470589
32.115,49.28,48.79178237915039,0.6442,0.5232,7.2
32.165,49.231,48.79178237915039,0.6441,0.5232,7.2
32.215,48.987,48.79178237915039,0.6425,0.5232,-7.247058823529412
32.265,49.206,48.79178237915039,0.6414,0.5232,-7.247058823529412
32.315,49.548,47.291786193847656,0.6402,0.5232,-7.152941176470589
32.365,49.499,47.291786193847656,0.6398,0.5232,-7.152941176470589
32.415,49.231,47.291786193847656,0.6382,0.5232,-7.905882352941177
32.465,48.889,47.291786193847656,0.6374,0.5232,-7.905882352941177
32.515,48.645,47.291786193847656,0.6371,0.5232,-7.811764705882353
32.565,48.303,47.291786193847656,0.636,0.5232,-7.811764705882353
32.615,47.717,47.291786193847656,0.635,0.5232,-7.576470588235294
32.665,48.034,47.291786193847656,0.6346,0.5232,-7.435294117647059
32.715,47.497,47.291786193847656,0.6337,0.5232,-7.435294117647059
32.765,47.521,47.291786193847656,0.6323,0.5232,-7.341176470588235
32.815,46.935,47.291786193847656,0.6315,0.5232,-7.341176470588235
32.865,47.082,47.291786193847656,0.6312,0.5232,-7.152941176470589
32.915,46.96,47.291786193847656,0.6297,0.5232,-7.152941176470589
32.965,46.911,47.291786193847656,0.6289,0.5232,7.152941176470589
33.015,46.593,47.291786193847656,0.6287,0.5232,7.152941176470589
33.065,46.74,47.291786193847656,0.6268,0.5232,7.2
33.115,46.764,47.291786193847656,0.6264,0.5232,7.341176470588235
33.165,47.741,47.291786193847656,0.6255,0.5232,7.341176470588235
33.215,47.741,47.291786193847656,0.6241,0.5232,7.247058823529412
33.265,48.01,47.291786193847656,0.6235,0.5232,7.247058823529412
33.315,48.23,45.79178237915039,0.6225,0.5232,-7.247058823529412
33.365,48.303,45.79178237915039,0.6218,0.5232,-7.341176470588235
33.415,48.327,45.79178237915039,0.6203,0.5232,-7.341176470588235
33.465,47.863,45.79178237915039,0.6199,0.5232,-8.0
33.515,47.668,45.79178237915039,0.6185,0.5232,-8.0
33.565,47.473,45.79178237915039,0.6171,0.5232,-7.858823529411764
33.615,47.057,45.79178237915039,0.617,0.5232,-7.764705882352941
33.665,46.813,45.79178237915039,0.6155,0.5232,-7.764705882352941
33.715,46.716,45.79178237915039,0.6145,0.5232,-7.529411764705882
33.765,46.3,45.79178237915039,0.6131,0.5232,-7.529411764705882
33.815,46.056,45.79178237915039,0.6116,0.5232,-7.3882352941176475
33.865,46.105,45.79178237915039,0.6105,0.5232,-7.247058823529412
33.915,45.617,45.79178237915039,0.6091,0.5232,-7.247058823529412
33.965,45.592,45.79178237915039,0.6081,0.5232,-7.2
34.015,45.299,45.79178237915039,0.6065,0.5232,-7.2
34.067,45.25,45.79178237915039,0.6057,0.5232,7.152941176470589
34.116,45.104,45.79178237915039,0.604,0.5232,7.247058823529412
34.166,45.275,45.79178237915039,0.6028,0.5232,7.247058823529412
34.216,45.25,45.79178237915039,0.6006,0.5232,7.341176470588235
34.266,45.91,45.79178237915039,0.5989,0.5232,7.341176470588235
34.316,45.617,47.291786193847656,0.5979,0.5232,7.247058823529412
34.366,46.398,47.291786193847656,0.5961,0.5232,7.247058823529412
34.416,46.349,47.291786193847656,0.5948,0.5232,7.670588235294118
34.466,46.984,47.291786193847656,0.5934,0.5232,7.670588235294118
34.516,47.277,47.291786193847656,0.5914,0.5232,7.435294117647059
34.566,47.302,47.291786193847656,0.5898,0.5232,7.435294117647059
34.616,47.497,47.291786193847656,0.5884,0.5232,0.0
34.666,47.497,47.291786193847656,0.5867,0.5232,0.0
34.716,47.57,47.291786193847656,0.5846,0.5232,-7.152941176470589
34.766,47.79,47.291786193847656,0.5835,0.5232,-7.152941176470589
34.816,47.937,47.291786193847656,0.5819,0.5232,-7.152941176470589
34.866,47.326,47.291786193847656,0.5795,0.5232,-7.247058823529412
34.916,46.911,47.291786193847656,0.5782,0.5232,-7.247058823529412
34.966,46.74,47.291786193847656,0.5762,0.5232,0.0
35.016,46.74,47.291786193847656,0.5742,0.5232,0.0
35.066,46.838,47.291786193847656,0.5722,0.5232,7.247058823529412
35.116,46.984,47.291786193847656,0.5711,0.5232,7.247058823529412
35.166,47.375,47.291786193847656,0.5693,0.5232,7.247058823529412
35.216,46.862,47.291786193847656,0.5669,0.5232,7.152941176470589
35.266,47.155,47.291786193847656,0.565,0.5232,7.152941176470589
35.316,47.692,48.79178237915039,0.5632,0.5232,7.2
35.366,47.863,48.79178237915039,0.5607,0.5232,7.2
35.416,48.107,48.79178237915039,0.5589,0.5232,7.482352941176471
35.466,48.107,48.79178237915039,0.5578,0.5232,7.482352941176471
35.516,48.278,48.79178237915039,0.5554,0.5232,7.294117647058823
35.566,48.352,48.79178237915039,0.5533,0.5232,7.294117647058823
35.616,48.767,48.79178237915039,0.5523,0.5232,7.247058823529412
35.666,49.109,48.79178237915039,0.5482,0.5232,7.247058823529412
35.716,49.084,48.79178237915039,0.5467,0.5232,0.0
35.766,49.06,48.79178237915039,0.5458,0.5232,0.0
35.816,49.084,48.79178237915039,0.543,0.5232,-7.152941176470589
35.866,49.011,48.79178237915039,0.5409,0.5232,-7.152941176470589
35.916,48.84,48.79178237915039,0.5395,0.5232,-7.152941176470589
35.966,49.011,48.79178237915039,0.5375,0.5232,-7.152941176470589
36.016,48.718,48.79178237915039,0.5346,0.5232,-7.152941176470589
36.068,48.278,48.79178237915039,0.533,0.5232,7.105882352941176
36.117,48.132,48.79178237915039,0.531,0.5232,7.105882352941176
36.167,48.278,48.79178237915039,0.529,0.5232,7.105882352941176
36.217,48.62,48.79178237915039,0.5271,0.5232,7.294117647058823
36.267,48.694,48.79178237915039,0.5249,0.5232,7.294117647058823
36.317,49.084,50.29178237915039,0.5232,0.5232,7.105882352941176
36.367,49.28,50.29178237915039,0.5215,0.5232,7.105882352941176
36.417,49.206,50.29178237915039,0.5192,0.5232,7.105882352941176
36.467,49.499,50.29178237915039,0.5177,0.5232,7.435294117647059
36.517,49.719,50.29178237915039,0.5155,0.5232,7.435294117647059
36.567,49.866,50.29178237915039,0.5136,0.5232,7.341176470588235
36.617,49.792,50.29178237915039,0.5125,0.5232,7.294117647058823
36.667,50.305,50.29178237915039,0.51,0.5232,7.294117647058823
36.717,50.501,50.29178237915039,0.5083,0.5232,7.247058823529412
36.767,50.305,50.29178237915039,0.5065,0.5232,7.247058823529412
36.817,50.867,50.29178237915039,0.5045,0.5232,-7.152941176470589
36.867,50.842,50.29178237915039,0.5024,0.5232,0.0
36.917,50.818,50.29178237915039,0.5016,0.5232,0.0
36.967,50.745,50.29178237915039,0.4994,0.5232,-7.247058823529412
37.017,50.623,50.29178237915039,0.4975,0.5232,-7.247058823529412
37.067,50.989,50.29178237915039,0.4966,0.5232,-7.247058823529412
37.117,50.281,50.29178237915039,0.4949,0.5232,-7.2
37.167,49.744,50.29178237915039,0.4925,0.5232,-7.2
37.217,49.866,50.29178237915039,0.4912,0.5232,0.0
37.267,49.841,50.29178237915039,0.4904,0.5232,0.0
37.317,49.817,51.791786193847656,0.4884,0.5232,7.2
37.367,49.792,51.791786193847656,0.4871,0.5232,7.247058823529412
37.417,49.573,51.791786193847656,0.486,0.5232,7.247058823529412
37.467,50.305,51.791786193847656,0.4842,0.5232,7.811764705882353
37.517,50.208,51.791786193847656,0.4824,0.5232,7.811764705882353
37.567,50.745,51.791786193847656,0.4813,0.5232,7.623529411764705
37.617,51.233,51.791786193847656,0.48,0.5232,7.670588235294118
37.667,51.282,51.791786193847656,0.4789,0.5232,7.670588235294118
37.717,51.477,51.791786193847656,0.4776,0.5232,7.247058823529412
37.767,51.868,51.791786193847656,0.4763,0.5232,7.247058823529412
37.817,51.673,51.791786193847656,0.475,0.5232,7.2
37.867,52.039,51.791786193847656,0.4733,0.5232,-7.105882352941176
37.917,51.966,51.791786193847656,0.4721,0.5232,-7.105882352941176
37.967,51.306,51.791786193847656,0.4713,0.5232,-7.152941176470589
38.017,51.893,51.791786193847656,0.4699,0.5232,-7.152941176470589
38.069,51.551,51.791786193847656,0.469,0.5232,-7.105882352941176
38.118,51.453,51.791786193847656,0.4677,0.5232,-7.105882352941176
38.168,51.355,51.791786193847656,0.4665,0.5232,-7.105882352941176
38.218,51.013,51.791786193847656,0.4658,0.5232,7.2
38.268,51.038,51.791786193847656,0.4642,0.5232,7.2
38.318,50.867,53.291786193847656,0.4634,0.5232,7.341176470588235
38.368,51.062,53.291786193847656,0.463,0.5232,7.341176470588235
38.418,51.624,53.291786193847656,0.4617,0.5232,7.341176470588235
38.468,51.795,53.291786193847656,0.4611,0.5232,7.905882352941177
38.518,52.088,53.291786193847656,0.46,0.5232,7.905882352941177
38.568,52.357,53.291786193847656,0.459,0.5232,7.623529411764705
38.618,52.283,53.291786193847656,0.4579,0.5232,7.529411764705882
38.668,52.674,53.291786193847656,0.4575,0.5232,7.3882352941176475
38.718,52.796,53.291786193847656,0.4571,0.5232,7.3882352941176475
38.768,53.065,53.291786193847656,0.456,0.5232,7.294117647058823
38.818,53.162,53.291786193847656,0.4556,0.5232,7.294117647058823
38.868,53.187,53.291786193847656,0.4554,0.5232,7.152941176470589
38.918,53.797,53.291786193847656,0.4536,0.5232,7.152941176470589
38.968,53.797,53.291786193847656,0.4531,0.5232,7.105882352941176
39.018,53.871,53.291786193847656,0.4529,0.5232,7.105882352941176
39.068,53.822,53.291786193847656,0.4521,0.5232,-7.247058823529412
39.118,53.797,53.291786193847656,0.4514,0.5232,-7.247058823529412
39.168,53.773,53.291786193847656,0.4512,0.5232,-7.247058823529412
39.218,53.846,53.291786193847656,0.4505,0.5232,-7.247058823529412
39.268,53.26,53.291786193847656,0.4498,0.5232,-7.247058823529412
39.318,52.894,51.791786193847656,0.4491,0.5232,-7.247058823529412
39.368,52.65,51.791786193847656,0.4487,0.5232,0.0
39.418,52.65,51.791786193847656,0.4487,0.5232,0.0
39.468,52.674,51.791786193847656,0.4484,0.5232,-7.3882352941176475
39.518,52.845,51.791786193847656,0.4484,0.5232,-7.3882352941176475
39.568,52.479,51.791786193847656,0.4478,0.5232,-7.3882352941176475
39.618,52.479,51.791786193847656,0.4472,0.5232,-7.3882352941176475
39.668,51.966,51.791786193847656,0.447,0.5232,-7.294117647058823
39.718,51.429,51.791786193847656,0.447,0.5232,-7.294117647058823
39.768,51.746,51.791786193847656,0.4469,0.5232,-7.105882352941176
39.818,51.331,51.791786193847656,0.4469,0.5232,-7.105882352941176
39.868,51.087,51.791786193847656,0.4469,0.5232,0.0
39.918,51.087,51.791786193847656,0.4469,0.5232,0.0
39.968,51.062,51.791786193847656,0.4469,0.5232,7.341176470588235
40.018,50.794,51.791786193847656,0.4469,0.5232,7.341176470588235
40.07,50.794,51.791786193847656,0.447,0.5232,7.341176470588235
40.119,51.233,51.791786193847656,0.4472,0.5232,7.341176470588235
40.169,51.844,51.791786193847656,0.4472,0.5232,7.435294117647059
40.219,51.844,51.791786193847656,0.4475,0.5232,7.435294117647059
40.269,52.161,51.791786193847656,0.4477,0.5232,0.0
40.319,52.186,53.291786193847656,0.448,0.5232,0.0
40.369,52.186,53.291786193847656,0.4485,0.5232,0.0
40.419,52.137,53.291786193847656,0.4485,0.5232,7.482352941176471
40.469,52.332,53.291786193847656,0.4496,0.5232,7.482352941176471
40.519,52.552,53.291786193847656,0.4497,0.5232,7.482352941176471
40.569,52.772,53.291786193847656,0.4505,0.5232,7.435294117647059
40.619,52.625,53.291786193847656,0.4509,0.5232,7.435294117647059
40.669,53.114,53.291786193847656,0.4517,0.5232,7.247058823529412
40.719,53.309,53.291786193847656,0.4523,0.5232,7.247058823529412
40.769,53.236,53.291786193847656,0.4528,0.5232,7.105882352941176
40.819,53.382,53.291786193847656,0.4538,0.5232,0.0
40.869,53.407,53.291786193847656,0.4548,0.5232,0.0
40.919,53.529,53.291786193847656,0.4556,0.5232,-7.105882352941176
40.969,53.529,53.291786193847656,0.4562,0.5232,-7.105882352941176
41.019,53.089,53.291786193847656,0.4569,0.5232,-7.152941176470589
41.069,52.576,53.291786193847656,0.4572,0.5232,-7.152941176470589
41.119,52.357,53.291786193847656,0.458,0.5232,-7.152941176470589
41.169,52.723,53.291786193847656,0.459,0.5232,7.341176470588235
41.219,52.381,53.291786193847656,0.4593,0.5232,7.341176470588235
41.269,52.821,53.291786193847656,0.4604,0.5232,7.294117647058823
41.319,53.284,54.791786193847656,0.4616,0.5232,7.3882352941176475
41.369,53.187,54.791786193847656,0.4618,0.5232,7.3882352941176475
41.419,53.504,54.791786193847656,0.4621,0.5232,7.623529411764705
41.469,53.748,54.791786193847656,0.4636,0.5232,7.623529411764705
41.519,53.993,54.791786193847656,0.4637,0.5232,7.529411764705882
41.569,54.286,54.791786193847656,0.4641,0.5232,7.435294117647059
41.619,53.968,54.791786193847656,0.4657,0.5232,7.435294117647059
41.669,54.261,54.791786193847656,0.4658,0.5232,7.247058823529412
41.719,54.75,54.791786193847656,0.4661,0.5232,7.247058823529412
41.769,54.75,54.791786193847656,0.4673,0.5232,7.247058823529412
41.819,54.969,54.791786193847656,0.4675,0.5232,0.0
41.869,54.945,54.791786193847656,0.4678,0.5232,0.0
41.919,55.14,54.791786193847656,0.4688,0.5232,-7.105882352941176
41.969,55.043,54.791786193847656,0.4693,0.5232,-7.105882352941176
42.019,54.847,54.791786193847656,0.4694,0.5232,-7.2
42.071,54.335,54.791786193847656,0.4708,0.5232,-7.152941176470589
42.12,54.481,54.791786193847656,0.4709,0.5232,-7.152941176470589
42.17,54.261,54.791786193847656,0.4709,0.5232,7.247058823529412
42.22,54.066,54.791786193847656,0.4719,0.5232,7.247058823529412
42.27,54.188,54.791786193847656,0.4722,0.5232,7.247058823529412
42.32,54.481,56.29178237915039,0.4734,0.5232,7.341176470588235
42.37,55.067,56.29178237915039,0.4744,0.5232,7.341176470588235
42.42,55.067,56.29178237915039,0.4753,0.5232,7.7176470588235295
42.47,55.336,56.29178237915039,0.476,0.5232,7.7176470588235295
42.52,55.36,56.29178237915039,0.4766,0.5232,7.529411764705882
42.57,55.336,56.29178237915039,0.4771,0.5232,7.435294117647059
42.62,55.873,56.29178237915039,0.4782,0.5232,7.435294117647059
42.67,56.337,56.29178237915039,0.4796,0.5232,7.435294117647059
42.72,56.41,56.29178237915039,0.4801,0.5232,7.435294117647059
42.77,56.508,56.29178237915039,0.4822,0.5232,0.0
42.82,56.532,56.29178237915039,0.4829,0.5232,-7.105882352941176
42.87,56.41,56.29178237915039,0.4832,0.5232,-7.105882352941176
42.92,56.63,56.29178237915039,0.4849,0.5232,-7.152941176470589
42.97,56.41,56.29178237915039,0.486,0.5232,-7.152941176470589
43.02,56.557,56.29178237915039,0.487,0.5232,-7.2
43.07,55.971,56.29178237915039,0.4894,0.5232,-7.105882352941176
43.12,55.409,56.29178237915039,0.4911,0.5232,-7.105882352941176
43.17,55.214,56.29178237915039,0.4922,0.5232,7.2
43.22,55.116,56.29178237915039,0.4934,0.5232,7.2
43.27,55.556,56.29178237915039,0.4955,0.5232,7.482352941176471
43.32,55.629,54.791786193847656,0.4968,0.5232,7.482352941176471
43.37,55.36,54.791786193847656,0.4985,0.5232,7.482352941176471
43.42,56.068,54.791786193847656,0.5007,0.5232,-7.3882352941176475
43.47,56.068,54.791786193847656,0.5028,0.5232,-7.3882352941176475
43.52,55.458,54.791786193847656,0.5044,0.5232,-7.529411764705882
43.57,55.849,54.791786193847656,0.5069,0.5232,-7.529411764705882
43.62,55.482,54.791786193847656,0.5085,0.5232,-7.294117647058823
43.67,55.336,54.791786193847656,0.5101,0.5232,-7.294117647058823
43.72,55.092,54.791786193847656,0.5125,0.5232,-7.341176470588235
43.77,54.53,54.791786193847656,0.5145,0.5232,-7.341176470588235
43.82,54.017,54.791786193847656,0.5172,0.5232,-7.152941176470589
43.87,54.335,54.791786193847656,0.5192,0.5232,-7.152941176470589
43.92,53.846,54.791786193847656,0.5212,0.5232,7.341176470588235
43.97,53.871,54.791786193847656,0.5232,0.5232,7.341176470588235
44.02,54.139,54.791786193847656,0.5254,0.5232,7.435294117647059
44.072,54.286,54.791786193847656,0.5275,0.5232,7.3882352941176475
44.121,54.53,54.791786193847656,0.5304,0.5232,7.3882352941176475
44.171,54.481,54.791786193847656,0.5326,0.5232,7.247058823529412
44.221,54.945,54.791786193847656,0.5354,0.5232,7.247058823529412
44.271,55.043,54.791786193847656,0.5371,0.5232,7.152941176470589
44.321,55.458,56.29178237915039,0.5394,0.5232,-7.105882352941176
44.371,55.36,56.29178237915039,0.5418,0.5232,-7.105882352941176
44.421,55.092,56.29178237915039,0.5444,0.5232,7.3882352941176475
44.471,54.823,56.29178237915039,0.5463,0.5232,7.3882352941176475
44.521,55.238,56.29178237915039,0.5494,0.5232,7.529411764705882
44.571,55.385,56.29178237915039,0.5521,0.5232,7.529411764705882
44.621,55.409,56.29178237915039,0.5542,0.5232,7.435294117647059
44.671,55.995,56.29178237915039,0.5559,0.5232,7.435294117647059
44.721,56.239,56.29178237915039,0.5586,0.5232,7.3882352941176475
44.771,56.337,56.29178237915039,0.5591,0.5232,7.3882352941176475
44.821,56.654,56.29178237915039,0.5622,0.5232,0.0
44.871,56.703,56.29178237915039,0.5647,0.5232,0.0
44.921,56.801,56.29178237915039,0.5666,0.5232,-7.2
44.971,56.679,56.29178237915039,0.569,0.5232,-7.2
45.021,56.435,56.29178237915039,0.5718,0.5232,-7.247058823529412
45.071,56.435,56.29178237915039,0.5729,0.5232,-7.247058823529412
45.121,56.679,56.29178237915039,0.575,0.5232,-7.105882352941176
45.171,55.556,56.29178237915039,0.5771,0.5232,-7.105882352941176
45.221,55.458,56.29178237915039,0.5791,0.5232,-7.2
45.271,55.311,56.29178237915039,0.5814,0.5232,7.341176470588235
45.321,54.945,57.791786193847656,0.5838,0.5232,7.341176470588235
45.371,55.482,57.791786193847656,0.586,0.5232,7.435294117647059
45.421,55.482,57.791786193847656,0.5875,0.5232,7.435294117647059
45.471,56.117,57.791786193847656,0.5888,0.5232,7.905882352941177
45.521,56.264,57.791786193847656,0.5912,0.5232,7.905882352941177
45.571,56.337,57.791786193847656,0.5934,0.5232,7.905882352941177
45.621,56.947,57.791786193847656,0.5949,0.5232,7.623529411764705
45.671,57.094,57.791786193847656,0.5975,0.5232,7.623529411764705
45.721,57.338,57.791786193847656,0.5998,0.5232,7.3882352941176475
45.771,57.411,57.791786193847656,0.6007,0.5232,7.341176470588235
45.821,57.851,57.791786193847656,0.6031,0.5232,7.341176470588235
45.871,58.315,57.791786193847656,0.6053,0.5232,7.2
45.921,58.388,57.791786193847656,0.607,0.5232,7.2
45.971,58.584,57.791786193847656,0.6094,0.5232,-7.247058823529412
46.021,58.999,57.791786193847656,0.6122,0.5232,-7.247058823529412
46.073,58.364,57.791786193847656,0.6134,0.5232,-7.341176470588235
46.122,58.608,57.791786193847656,0.6158,0.5232,-7.341176470588235
46.172,57.436,57.791786193847656,0.6189,0.5232,-7.294117647058823
46.222,58.046,57.791786193847656,0.6197,0.5232,-7.294117647058823
46.272,57.582,57.791786193847656,0.6224,0.5232,7.2
46.322,57.143,56.29178237915039,0.6256,0.5232,7.2
46.372,57.558,56.29178237915039,0.6278,0.5232,7.152941176470589
46.422,57.534,56.29178237915039,0.63,0.5232,7.152941176470589
46.472,58.071,56.29178237915039,0.6326,0.5232,-7.529411764705882
46.522,58.12,56.29178237915039,0.6344,0.5232,-7.529411764705882
46.572,58.144,56.29178237915039,0.6374,0.5232,-7.529411764705882
46.622,57.534,56.29178237915039,0.6396,0.5232,-7.764705882352941
46.672,57.436,56.29178237915039,0.6422,0.5232,-7.764705882352941
46.722,57.314,56.29178237915039,0.6451,0.5232,-7.529411764705882
46.772,56.679,56.29178237915039,0.6476,0.5232,-7.482352941176471
46.822,56.63,56.29178237915039,0.6502,0.5232,-7.482352941176471
46.872,56.288,56.29178237915039,0.6528,0.5232,-7.2
46.922,56.752,56.29178237915039,0.6551,0.5232,-7.2
46.972,55.702,56.29178237915039,0.6581,0.5232,0.0
47.022,55.849,56.29178237915039,0.661,0.5232,-7.247058823529412
47.072,55.556,56.29178237915039,0.6631,0.5232,-7.247058823529412
47.122,55.385,56.29178237915039,0.6658,0.5232,7.247058823529412
47.172,55.507,56.29178237915039,0.6697,0.5232,7.247058823529412
47.222,55.507,56.29178237915039,0.6725,0.5232,7.3882352941176475
47.272,55.8,56.29178237915039,0.6767,0.5232,7.341176470588235
47.322,56.02,54.791786193847656,0.6818,0.5232,7.341176470588235
47.372,56.41,54.791786193847656,0.6848,0.5232,7.247058823529412
47.422,56.19,54.791786193847656,0.6892,0.5232,7.247058823529412
47.472,56.899,54.791786193847656,0.6933,0.5232,-7.670588235294118
47.522,57.07,54.791786193847656,0.6961,0.5232,-7.576470588235294
47.572,56.972,54.791786193847656,0.6991,0.5232,-7.576470588235294
47.622,56.728,54.791786193847656,0.7019,0.5232,-7.905882352941177
47.672,56.093,54.791786193847656,0.7039,0.5232,-7.905882352941177
47.722,55.702,54.791786193847656,0.7056,0.5232,-7.764705882352941
47.772,55.678,54.791786193847656,0.7072,0.5232,-7.529411764705882
47.822,55.531,54.791786193847656,0.7088,0.5232,-7.529411764705882
47.872,55.189,54.791786193847656,0.7091,0.5232,-7.3882352941176475
47.922,54.896,54.791786193847656,0.7098,0.5232,-7.3882352941176475
47.972,54.066,54.791786193847656,0.7102,0.5232,-7.2
48.022,54.188,54.791786193847656,0.7103,0.5232,-7.105882352941176
48.074,54.115,54.791786193847656,0.7106,0.5232,-7.105882352941176
48.123,54.139,54.791786193847656,0.7106,0.5232,7.294117647058823
48.173,53.944,54.791786193847656,0.7109,0.5232,7.294117647058823
48.223,54.188,54.791786193847656,0.7109,0.5232,7.294117647058823
48.273,54.408,54.791786193847656,0.7109,0.5232,7.3882352941176475
48.323,54.335,53.291786193847656,0.7109,0.5232,7.3882352941176475
48.373,54.725,53.291786193847656,0.7106,0.5232,7.2
48.423,54.921,53.291786193847656,0.7106,0.5232,7.2
48.473,55.36,53.291786193847656,0.7106,0.5232,-7.576470588235294
48.523,54.847,53.291786193847656,0.7106,0.5232,-7.670588235294118
48.573,54.75,53.291786193847656,0.7095,0.5232,-7.670588235294118
48.623,55.043,53.291786193847656,0.7087,0.5232,-7.623529411764705
48.673,54.628,53.291786193847656,0.7068,0.5232,-7.623529411764705
48.723,54.628,53.291786193847656,0.704,0.5232,-7.7176470588235295
48.773,54.139,53.291786193847656,0.7026,0.5232,-7.576470588235294
48.823,54.09,53.291786193847656,0.7009,0.5232,-7.576470588235294
48.873,53.553,53.291786193847656,0.7001,0.5232,-7.3882352941176475
48.923,53.309,53.291786193847656,0.6991,0.5232,-7.3882352941176475
48.973,53.236,53.291786193847656,0.6975,0.5232,-7.152941176470589
49.023,53.065,53.291786193847656,0.6962,0.5232,0.0
49.073,53.065,53.291786193847656,0.6949,0.5232,0.0
49.123,53.089,53.291786193847656,0.693,0.5232,7.152941176470589
49.173,53.26,53.291786193847656,0.6915,0.5232,7.152941176470589
49.223,52.918,53.291786193847656,0.6898,0.5232,7.152941176470589
49.273,53.48,53.291786193847656,0.6882,0.5232,0.0
49.323,53.504,51.791786193847656,0.6862,0.5232,0.0
49.373,53.602,51.791786193847656,0.6843,0.5232,-7.152941176470589
49.423,53.626,51.791786193847656,0.6823,0.5232,-7.152941176470589
49.473,53.382,51.791786193847656,0.6799,0.5232,-7.7176470588235295
49.523,53.284,51.791786193847656,0.6784,0.5232,-7.764705882352941
49.573,52.967,51.791786193847656,0.6777,0.5232,-7.764705882352941
49.623,52.845,51.791786193847656,0.6759,0.5232,-7.623529411764705
49.673,52.601,51.791786193847656,0.6746,0.5232,-7.623529411764705
49.723,52.357,51.791786193847656,0.6733,0.5232,-7.435294117647059
49.773,52.186,51.791786193847656,0.6719,0.5232,-7.341176470588235
49.823,51.697,51.791786193847656,0.6716,0.5232,-7.341176470588235
49.873,51.429,51.791786193847656,0.6704,0.5232,-7.2
49.923,51.477,51.791786193847656,0.67,0.5232,-7.2
49.973,51.575,51.791786193847656,0.6691,0.5232,7.2
50.023,51.306,51.791786193847656,0.6689,0.5232,7.2
50.075,51.6,51.791786193847656,0.6684,0.5232,7.2
50.124,51.844,51.791786193847656,0.668,0.5232,7.247058823529412
50.174,52.625,51.791786193847656,0.6679,0.5232,7.247058823529412
50.224,52.308,51.791786193847656,0.6679,0.5232,0.0
50.274,52.405,51.791786193847656,0.6679,0.5232,0.0
50.324,52.479,50.29178237915039,0.6679,0.5232,-7.247058823529412
50.374,52.967,50.29178237915039,0.6679,0.5232,-7.247058823529412
50.424,52.405,50.29178237915039,0.6679,0.5232,-7.858823529411764
50.474,52.405,50.29178237915039,0.6679,0.5232,-7.858823529411764
50.524,51.77,50.29178237915039,0.668,0.5232,-7.858823529411764
50.574,51.868,50.29178237915039,0.6681,0.5232,-7.858823529411764
50.624,51.453,50.29178237915039,0.6684,0.5232,-7.623529411764705
50.674,51.062,50.29178237915039,0.6693,0.5232,-7.623529411764705
50.724,50.574,50.29178237915039,0.6693,0.5232,-7.482352941176471
50.774,50.891,50.29178237915039,0.6694,0.5232,-7.341176470588235
50.824,50.452,50.29178237915039,0.6704,0.5232,-7.341176470588235
50.874,50.501,50.29178237915039,0.6704,0.5232,-7.294117647058823
50.924,50.305,50.29178237915039,0.6706,0.5232,-7.294117647058823
50.974,49.988,50.29178237915039,0.6711,0.5232,-7.152941176470589
51.024,49.915,50.29178237915039,0.6712,0.5232,-7.152941176470589
51.074,49.719,50.29178237915039,0.6712,0.5232,7.152941176470589
51.124,49.597,50.29178237915039,0.6712,0.5232,7.152941176470589
51.174,49.817,50.29178237915039,0.6712,0.5232,7.294117647058823
51.224,50.232,50.29178237915039,0.6712,0.5232,7.294117647058823
51.274,50.085,50.29178237915039,0.6712,0.5232,7.247058823529412
51.324,50.549,49.2133674621582,0.6712,0.5232,7.247058823529412
51.374,50.891,49.2133674621582,0.6711,0.5232,7.152941176470589
51.424,51.038,49.2133674621582,0.6705,0.5232,7.152941176470589
51.474,51.453,49.2133674621582,0.6702,0.5232,-7.670588235294118
51.524,51.648,49.2133674621582,0.6702,0.5232,-7.670588235294118
51.574,51.331,49.2133674621582,0.669,0.5232,-7.905882352941177
51.624,50.891,49.2133674621582,0.6687,0.5232,-7.905882352941177
51.674,50.891,49.2133674621582,0.6681,0.5232,-7.858823529411764
51.724,50.403,49.2133674621582,0.6671,0.5232,-7.670588235294118
51.774,50.208,49.2133674621582,0.6665,0.5232,-7.670588235294118
51.824,49.963,49.2133674621582,0.6661,0.5232,-7.529411764705882
51.874,49.548,49.2133674621582,0.6647,0.5232,-7.529411764705882
51.924,49.67,49.2133674621582,0.6637,0.5232,-7.341176470588235
51.974,49.28,49.2133674621582,0.6632,0.5232,-7.2
52.024,49.182,49.2133674621582,0.6613,0.5232,-7.2
52.076,48.913,49.2133674621582,0.6604,0.5232,-7.105882352941176
52.125,48.547,49.2133674621582,0.6595,0.5232,-7.105882352941176
52.175,48.791,49.2133674621582,0.6589,0.5232,7.152941176470589
52.225,48.327,49.2133674621582,0.6578,0.5232,7.152941176470589
52.275,48.816,49.2133674621582,0.6569,0.5232,7.2
52.325,49.011,48.75167465209961,0.656,0.5232,7.2
52.375,49.28,48.75167465209961,0.6546,0.5232,7.2
52.425,49.426,48.75167465209961,0.6539,0.5232,7.2
52.475,49.792,48.75167465209961,0.653,0.5232,-7.247058823529412
52.525,50.256,48.75167465209961,0.6522,0.5232,-7.247058823529412
52.575,50.134,48.75167465209961,0.6513,0.5232,-7.435294117647059
52.625,49.939,48.75167465209961,0.6507,0.5232,-7.435294117647059
52.675,49.475,48.75167465209961,0.6502,0.5232,-7.576470588235294
52.725,49.353,48.75167465209961,0.6493,0.5232,-7.482352941176471
52.775,48.987,48.75167465209961,0.6483,0.5232,-7.482352941176471
52.825,48.791,48.75167465209961,0.6482,0.5232,-7.294117647058823
52.875,48.694,48.75167465209961,0.648,0.5232,-7.294117647058823
52.925,48.425,48.75167465209961,0.6473,0.5232,0.0
52.975,48.376,48.75167465209961,0.6471,0.5232,0.0
53.025,48.4,48.75167465209961,0.6466,0.5232,0.0
53.075,48.547,48.75167465209961,0.6456,0.5232,7.2
53.125,48.571,48.75167465209961,0.6455,0.5232,7.2
53.175,48.694,48.75167465209961,0.6454,0.5232,7.152941176470589
53.225,49.035,48.75167465209961,0.645,0.5232,7.105882352941176
53.275,48.938,48.75167465209961,0.6448,0.5232,7.105882352941176
53.325,49.499,50.01716613769531,0.6446,0.5232,-7.152941176470589
53.375,49.499,50.01716613769531,0.6444,0.5232,-7.152941176470589
53.425,49.377,50.01716613769531,0.6443,0.5232,7.247058823529412
53.475,49.206,50.01716613769531,0.6436,0.5232,7.247058823529412
53.525,49.719,50.01716613769531,0.6435,0.5232,7.247058823529412
53.575,50.061,50.01716613769531,0.6431,0.5232,7.341176470588235
53.625,49.621,50.01716613769531,0.6425,0.5232,7.341176470588235
53.675,50.281,50.01716613769531,0.6423,0.5232,0.0
53.725,50.427,50.01716613769531,0.6423,0.5232,7.2
53.775,50.549,50.01716613769531,0.6421,0.5232,7.2
53.825,50.696,50.01716613769531,0.6411,0.5232,-7.2
53.875,49.524,50.01716613769531,0.6404,0.5232,-7.2
53.925,50.525,50.01716613769531,0.6399,0.5232,-7.294117647058823
53.975,50.379,50.01716613769531,0.6398,0.5232,7.247058823529412
54.025,50.256,50.01716613769531,0.6388,0.5232,7.247058823529412
54.077,50.354,50.01716613769531,0.6382,0.5232,-7.2
54.126,50.134,50.01716613769531,0.6375,0.5232,-7.2
54.176,50.452,50.01716613769531,0.6365,0.5232,-7.2
54.226,50.159,50.01716613769531,0.6351,0.5232,-7.2
54.276,49.939,50.01716613769531,0.6345,0.5232,-7.2
54.326,49.744,49.400020599365234,0.634,0.5232,-7.2
54.376,49.402,49.400020599365234,0.6322,0.5232,7.105882352941176
54.426,49.524,49.400020599365234,0.6316,0.5232,7.105882352941176
54.476,49.719,49.400020599365234,0.631,0.5232,0.0
54.526,49.792,49.400020599365234,0.6287,0.5232,0.0
54.576,49.792,49.400020599365234,0.6281,0.5232,-7.2
54.626,49.67,49.400020599365234,0.6271,0.5232,-7.2
54.676,49.792,49.400020599365234,0.6259,0.5232,-7.2
54.726,49.451,49.400020599365234,0.6244,0.5232,-7.2
54.776,49.28,49.400020599365234,0.6234,0.5232,-7.2
54.826,49.06,49.400020599365234,0.6216,0.5232,-7.2
54.876,49.573,49.400020599365234,0.6199,0.5232,7.105882352941176
54.926,48.938,49.400020599365234,0.6198,0.5232,7.105882352941176
54.976,49.084,49.400020599365234,0.618,0.5232,-7.105882352941176
55.026,49.133,49.400020599365234,0.6169,0.5232,-7.105882352941176
55.076,49.035,49.400020599365234,0.6164,0.5232,7.2
55.126,48.767,49.400020599365234,0.6147,0.5232,7.2
55.176,49.402,49.400020599365234,0.6136,0.5232,7.2
55.226,48.913,49.400020599365234,0.6124,0.5232,7.294117647058823
55.276,49.499,49.400020599365234,0.6115,0.5232,7.294117647058823
55.326,49.744,49.92173385620117,0.6107,0.5232,7.247058823529412
55.376,50.452,49.92173385620117,0.6095,0.5232,7.247058823529412
55.426,49.963,49.92173385620117,0.6092,0.5232,7.105882352941176
55.476,50.379,49.92173385620117,0.6083,0.5232,7.105882352941176
55.526,50.696,49.92173385620117,0.608,0.5232,0.0
55.576,50.696,49.92173385620117,0.6064,0.5232,0.0
55.626,50.769,49.92173385620117,0.6061,0.5232,-7.341176470588235
55.676,51.184,49.92173385620117,0.6052,0.5232,-7.341176470588235
55.726,50.476,49.92173385620117,0.6048,0.5232,-7.341176470588235
55.776,50.403,49.92173385620117,0.6048,0.5232,-7.529411764705882
55.826,50.159,49.92173385620117,0.6037,0.5232,-7.529411764705882
55.876,49.988,49.92173385620117,0.6033,0.5232,-7.247058823529412
55.926,49.451,49.92173385620117,0.603,0.5232,-7.247058823529412
55.976,49.524,49.92173385620117,0.602,0.5232,-7.105882352941176
56.026,49.011,49.92173385620117,0.6016,0.5232,-7.105882352941176
56.078,49.06,49.92173385620117,0.6014,0.5232,7.2
56.127,49.426,49.92173385620117,0.6011,0.5232,7.2
56.177,49.182,49.92173385620117,0.6004,0.5232,7.3882352941176475
56.227,49.304,49.92173385620117,0.6004,0.5232,7.247058823529412
56.277,50.159,49.92173385620117,0.5996,0.5232,7.247058823529412
56.327,49.621,50.1199951171875,0.5988,0.5232,7.294117647058823
56.377,50.134,50.1199951171875,0.5988,0.5232,7.294117647058823
56.427,50.183,50.1199951171875,0.5978,0.5232,7.247058823529412
56.477,50.672,50.1199951171875,0.5975,0.5232,0.0
56.527,50.696,50.1199951171875,0.5972,0.5232,0.0
56.577,50.72,50.1199951171875,0.5968,0.5232,-7.247058823529412
56.627,50.72,50.1199951171875,0.5958,0.5232,-7.247058823529412
56.677,50.33,50.1199951171875,0.5957,0.5232,-7.294117647058823
56.727,50.256,50.1199951171875,0.5946,0.5232,-7.294117647058823
56.777,49.792,50.1199951171875,0.5936,0.5232,-7.152941176470589
56.827,49.695,50.1199951171875,0.5934,0.5232,-7.152941176470589
56.877,49.719,50.1199951171875,0.5921,0.5232,7.2
56.927,49.548,50.1199951171875,0.5916,0.5232,7.2
56.977,49.988,50.1199951171875,0.5905,0.5232,7.2
57.027,50.085,50.1199951171875,0.5899,0.5232,7.294117647058823
57.077,50.208,50.1199951171875,0.5885,0.5232,7.294117647058823
57.127,50.403,50.1199951171875,0.5876,0.5232,0.0
57.177,50.427,50.1199951171875,0.5874,0.5232,0.0
57.227,50.452,50.1199951171875,0.586,0.5232,-7.152941176470589
57.277,50.476,50.1199951171875,0.5852,0.5232,-7.152941176470589
57.327,50.159,51.33797073364258,0.5849,0.5232,-7.2
57.377,50.134,51.33797073364258,0.5834,0.5232,-7.2
57.427,49.89,51.33797073364258,0.582,0.5232,7.482352941176471
57.477,49.67,51.33797073364258,0.5812,0.5232,7.482352941176471
57.527,50.183,51.33797073364258,0.5801,0.5232,7.623529411764705
57.577,50.574,51.33797073364258,0.5793,0.5232,7.623529411764705
57.627,50.305,51.33797073364258,0.5783,0.5232,7.482352941176471
57.677,51.038,51.33797073364258,0.5778,0.5232,7.341176470588235
57.727,51.331,51.33797073364258,0.576,0.5232,7.341176470588235
57.777,51.331,51.33797073364258,0.5752,0.5232,7.152941176470589
57.827,51.624,51.33797073364258,0.574,0.5232,7.152941176470589
57.877,51.795,51.33797073364258,0.5731,0.5232,0.0
57.927,51.795,51.33797073364258,0.5723,0.5232,0.0
57.977,51.526,51.33797073364258,0.5716,0.5232,-7.247058823529412
58.027,51.722,51.33797073364258,0.5712,0.5232,-7.247058823529412
58.079,51.6,51.33797073364258,0.5696,0.5232,-7.152941176470589
58.128,51.6,51.33797073364258,0.5692,0.5232,-7.152941176470589
58.178,51.404,51.33797073364258,0.5685,0.5232,-7.152941176470589
58.228,50.696,51.33797073364258,0.5674,0.5232,-7.152941176470589
58.278,50.647,51.33797073364258,0.5671,0.5232,-7.105882352941176
58.328,50.549,49.94717788696289,0.5667,0.5232,-7.105882352941176
58.378,50.452,49.94717788696289,0.5659,0.5232,7.341176470588235
58.428,50.501,49.94717788696289,0.5652,0.5232,-7.294117647058823
58.478,50.33,49.94717788696289,0.5646,0.5232,-7.294117647058823
58.528,50.134,49.94717788696289,0.564,0.5232,-7.247058823529412
58.578,49.817,49.94717788696289,0.5631,0.5232,-7.247058823529412
58.628,49.792,49.94717788696289,0.563,0.5232,-7.105882352941176
58.678,49.402,49.94717788696289,0.5628,0.5232,7.105882352941176
58.728,49.646,49.94717788696289,0.5621,0.5232,7.105882352941176
58.778,49.744,49.94717788696289,0.5619,0.5232,7.247058823529412
58.828,49.939,49.94717788696289,0.5615,0.5232,7.247058823529412
58.878,50.305,49.94717788696289,0.561,0.5232,7.152941176470589
58.928,50.427,49.94717788696289,0.5608,0.5232,0.0
58.978,50.501,49.94717788696289,0.5605,0.5232,0.0
59.028,50.574,49.94717788696289,0.5602,0.5232,-7.247058823529412
59.078,50.33,49.94717788696289,0.5601,0.5232,-7.247058823529412
59.128,50.183,49.94717788696289,0.56,0.5232,-7.294117647058823
59.178,50.208,49.94717788696289,0.56,0.5232,-7.294117647058823
59.228,50.305,49.94717788696289,0.5596,0.5232,-7.152941176470589
59.278,49.231,49.94717788696289,0.5593,0.5232,-7.152941176470589
59.328,49.451,51.43821334838867,0.5593,0.5232,-7.2
59.378,49.255,51.43821334838867,0.5592,0.5232,-7.2
59.428,49.182,51.43821334838867,0.5592,0.5232,7.811764705882353
59.478,49.06,51.43821334838867,0.5588,0.5232,7.811764705882353
59.528,49.353,51.43821334838867,0.5586,0.5232,7.905882352941177
59.578,49.89,51.43821334838867,0.5585,0.5232,7.905882352941177
59.628,50.11,51.43821334838867,0.5584,0.5232,7.858823529411764
59.678,50.427,51.43821334838867,0.5584,0.5232,7.623529411764705
59.728,50.745,51.43821334838867,0.5581,0.5232,7.623529411764705
59.778,51.184,51.43821334838867,0.558,0.5232,7.435294117647059
59.828,51.38,51.43821334838867,0.558,0.5232,7.435294117647059
59.878,51.551,51.43821334838867,0.558,0.5232,7.152941176470589
59.928,51.502,51.43821334838867,0.5577,0.5232,0.0
59.978,51.502,51.43821334838867,0.557,0.5232,0.0
60.028,51.697,51.43821334838867,0.5567,0.5232,-7.105882352941176
60.08,51.697,51.43821334838867,0.5562,0.5232,-7.105882352941176
60.129,51.429,51.43821334838867,0.5562,0.5232,-7.152941176470589
60.179,49.915,51.43821334838867,0.5559,0.5232,-7.152941176470589
60.229,51.013,51.43821334838867,0.5555,0.5232,-7.152941176470589
60.279,50.794,51.43821334838867,0.5551,0.5232,7.623529411764705
60.329,50.696,49.938209533691406,0.5547,0.5232,7.623529411764705
60.379,50.916,49.938209533691406,0.5537,0.5232,7.294117647058823
60.429,51.209,49.938209533691406,0.5535,0.5232,7.294117647058823
60.479,51.624,49.938209533691406,0.553,0.5232,-7.435294117647059
60.529,52.088,49.938209533691406,0.5522,0.5232,-7.435294117647059
60.579,50.965,49.938209533691406,0.5521,0.5232,-7.670588235294118
60.629,51.136,49.938209533691406,0.5513,0.5232,-7.670588235294118
60.679,50.867,49.938209533691406,0.5507,0.5232,-7.435294117647059
60.729,50.72,49.938209533691406,0.5504,0.5232,-7.435294117647059
60.779,49.89,49.938209533691406,0.5496,0.5232,-7.3882352941176475
60.829,49.963,49.938209533691406,0.549,0.5232,-7.3882352941176475
60.879,49.866,49.938209533691406,0.5489,0.5232,0.0
60.929,49.866,49.938209533691406,0.5488,0.5232,0.0
60.979,49.866,49.938209533691406,0.548,0.5232,0.0
61.029,49.988,49.938209533691406,0.5472,0.5232,7.105882352941176
61.079,50.061,49.938209533691406,0.5472,0.5232,7.105882352941176
61.129,49.963,49.938209533691406,0.5464,0.5232,0.0
61.179,50.061,49.938209533691406,0.5457,0.5232,-7.105882352941176
61.229,50.061,49.938209533691406,0.5452,0.5232,-7.105882352941176
61.279,49.646,49.938209533691406,0.5449,0.5232,-7.105882352941176
61.329,49.719,50.06288146972656,0.5448,0.5232,-7.105882352941176
61.379,49.451,50.06288146972656,0.5446,0.5232,7.152941176470589
61.429,50.476,50.06288146972656,0.5444,0.5232,7.2
61.479,49.328,50.06288146972656,0.5444,0.5232,7.2
61.529,49.988,50.06288146972656,0.5444,0.5232,-7.2
61.579,50.012,50.06288146972656,0.5444,0.5232,-7.2
61.629,49.841,50.06288146972656,0.5444,0.5232,7.105882352941176
61.679,49.841,50.06288146972656,0.5444,0.5232,0.0
61.729,49.817,50.06288146972656,0.5444,0.5232,0.0
61.779,49.963,50.06288146972656,0.5444,0.5232,7.152941176470589
61.829,49.597,50.06288146972656,0.5445,0.5232,7.152941176470589
61.879,49.768,50.06288146972656,0.5446,0.5232,7.105882352941176
61.929,49.841,50.06288146972656,0.5451,0.5232,7.247058823529412
61.979,50.452,50.06288146972656,0.5453,0.5232,7.247058823529412
62.029,50.672,50.06288146972656,0.5453,0.5232,7.152941176470589
62.081,50.842,50.06288146972656,0.5454,0.5232,-7.294117647058823
62.13,51.282,50.06288146972656,0.5454,0.5232,-7.294117647058823
62.18,50.818,50.06288146972656,0.546,0.5232,-7.341176470588235
62.23,50.891,50.06288146972656,0.5462,0.5232,-7.341176470588235
62.28,50.525,50.06288146972656,0.547,0.5232,-7.341176470588235
62.33,49.792,49.599571228027344,0.5471,0.5232,-7.341176470588235
62.38,49.89,49.599571228027344,0.5476,0.5232,-7.247058823529412
62.43,49.499,49.599571228027344,0.5477,0.5232,-7.247058823529412
62.48,49.255,49.599571228027344,0.5478,0.5232,-7.152941176470589
62.53,49.231,49.599571228027344,0.5481,0.5232,-7.152941176470589
62.58,49.035,49.599571228027344,0.5481,0.5232,7.2
62.63,49.011,49.599571228027344,0.5483,0.5232,7.2
62.68,49.06,49.599571228027344,0.5484,0.5232,7.294117647058823
62.73,49.304,49.599571228027344,0.5488,0.5232,7.294117647058823
62.78,49.768,49.599571228027344,0.5488,0.5232,7.247058823529412
62.83,49.719,49.599571228027344,0.5488,0.5232,7.247058823529412
62.88,50.159,49.599571228027344,0.5488,0.5232,-7.105882352941176
62.93,50.232,49.599571228027344,0.5488,0.5232,-7.105882352941176
62.98,49.573,49.599571228027344,0.5488,0.5232,-7.247058823529412
63.03,49.89,49.599571228027344,0.5488,0.5232,-7.247058823529412
63.08,49.548,49.599571228027344,0.5487,0.5232,0.0
63.13,49.304,49.599571228027344,0.5486,0.5232,-7.152941176470589
63.18,49.475,49.599571228027344,0.5484,0.5232,-7.152941176470589
63.23,49.353,49.599571228027344,0.5484,0.5232,7.152941176470589
63.28,49.402,49.599571228027344,0.5476,0.5232,7.152941176470589
63.33,49.06,50.746856689453125,0.5475,0.5232,7.152941176470589
63.38,49.646,50.746856689453125,0.5474,0.5232,7.152941176470589
63.43,49.841,50.746856689453125,0.5473,0.5232,7.670588235294118
63.48,50.183,50.746856689453125,0.547,0.5232,7.670588235294118
63.53,50.061,50.746856689453125,0.5467,0.5232,7.3882352941176475
63.58,50.842,50.746856689453125,0.5461,0.5232,7.3882352941176475
63.63,51.233,50.746856689453125,0.5458,0.5232,7.294117647058823
63.68,51.087,50.746856689453125,0.5455,0.5232,-7.105882352941176
63.73,51.38,50.746856689453125,0.5453,0.5232,-7.105882352941176
63.78,51.111,50.746856689453125,0.545,0.5232,-7.2
63.83,50.769,50.746856689453125,0.5448,0.5232,-7.2
63.88,50.11,50.746856689453125,0.5444,0.5232,-7.2
63.93,50.085,50.746856689453125,0.5439,0.5232,-7.2
63.98,49.744,50.746856689453125,0.5437,0.5232,7.294117647058823
64.03,50.208,50.746856689453125,0.5434,0.5232,7.294117647058823
64.082,49.841,50.746856689453125,0.5432,0.5232,7.435294117647059
64.131,50.549,50.746856689453125,0.543,0.5232,7.435294117647059
64.181,50.427,50.746856689453125,0.5426,0.5232,7.3882352941176475
64.231,50.867,50.746856689453125,0.5426,0.5232,7.3882352941176475
64.281,51.062,50.746856689453125,0.5425,0.5232,7.2
64.331,51.551,49.24686050415039,0.5424,0.5232,7.2
64.381,51.526,49.24686050415039,0.5422,0.5232,-7.2
64.431,51.477,49.24686050415039,0.5421,0.5232,-7.2
64.481,51.453,49.24686050415039,0.5421,0.5232,-7.905882352941177
64.531,51.331,49.24686050415039,0.5421,0.5232,-7.905882352941177
64.581,51.184,49.24686050415039,0.5421,0.5232,-7.905882352941177
64.631,50.379,49.24686050415039,0.5421,0.5232,-7.858823529411764
64.681,50.354,49.24686050415039,0.5421,0.5232,-7.858823529411764
64.731,50.281,49.24686050415039,0.5422,0.5232,-7.482352941176471
64.781,49.744,49.24686050415039,0.5424,0.5232,-7.482352941176471
64.831,49.597,49.24686050415039,0.5426,0.5232,-7.435294117647059
64.881,49.475,49.24686050415039,0.5429,0.5232,-7.435294117647059
64.931,49.353,49.24686050415039,0.5429,0.5232,-7.2
64.981,49.06,49.24686050415039,0.5429,0.5232,-7.2
65.031,48.718,49.24686050415039,0.5429,0.5232,-7.105882352941176
65.081,48.425,49.24686050415039,0.5432,0.5232,-7.105882352941176
65.131,48.596,49.24686050415039,0.5435,0.5232,7.247058823529412
65.181,48.547,49.24686050415039,0.5435,0.5232,7.247058823529412
65.231,48.718,49.24686050415039,0.5436,0.5232,7.294117647058823
65.281,49.011,49.24686050415039,0.5441,0.5232,7.294117647058823
65.331,48.889,50.2337646484375,0.5445,0.5232,7.247058823529412
65.381,49.304,50.2337646484375,0.5447,0.5232,7.152941176470589
65.431,49.621,50.2337646484375,0.5449,0.5232,7.152941176470589
65.481,50.037,50.2337646484375,0.5452,0.5232,7.3882352941176475
65.531,50.183,50.2337646484375,0.5457,0.5232,7.3882352941176475
65.581,50.403,50.2337646484375,0.5458,0.5232,7.152941176470589
65.631,50.134,50.2337646484375,0.5465,0.5232,7.152941176470589
65.681,50.281,50.2337646484375,0.5466,0.5232,-7.105882352941176
65.731,50.452,50.2337646484375,0.5468,0.5232,-7.105882352941176
65.781,50.379,50.2337646484375,0.5468,0.5232,0.0
65.831,50.379,50.2337646484375,0.547,0.5232,0.0
65.881,50.305,50.2337646484375,0.5471,0.5232,-7.105882352941176
65.931,50.305,50.2337646484375,0.5473,0.5232,-7.105882352941176
65.981,50.061,50.2337646484375,0.5475,0.5232,-7.105882352941176
66.031,50.085,50.2337646484375,0.5479,0.5232,-7.105882352941176
66.083,49.841,50.2337646484375,0.5479,0.5232,-7.105882352941176
66.132,49.67,50.2337646484375,0.5479,0.5232,7.105882352941176
66.182,49.695,50.2337646484375,0.5479,0.5232,7.105882352941176
66.232,49.768,50.2337646484375,0.5479,0.5232,7.294117647058823
66.282,49.939,50.2337646484375,0.5479,0.5232,7.294117647058823
66.332,50.11,48.733760833740234,0.5479,0.5232,7.247058823529412
66.382,50.403,48.733760833740234,0.5479,0.5232,7.152941176470589
66.432,50.647,48.733760833740234,0.5478,0.5232,7.152941176470589
66.482,50.891,48.733760833740234,0.5478,0.5232,-7.670588235294118
66.532,50.916,48.733760833740234,0.5471,0.5232,-7.670588235294118
66.582,50.598,48.733760833740234,0.547,0.5232,-7.858823529411764
66.632,50.403,48.733760833740234,0.547,0.5232,-7.858823529411764
66.682,50.134,48.733760833740234,0.5469,0.5232,-7.858823529411764
66.732,49.792,48.733760833740234,0.5468,0.5232,-7.670588235294118
66.782,49.499,48.733760833740234,0.5468,0.5232,-7.670588235294118
66.832,49.28,48.733760833740234,0.546,0.5232,-7.435294117647059
66.882,48.987,48.733760833740234,0.5455,0.5232,-7.341176470588235
66.932,48.449,48.733760833740234,0.5452,0.5232,-7.341176470588235
66.982,48.718,48.733760833740234,0.5451,0.5232,-7.152941176470589
67.032,48.23,48.733760833740234,0.5449,0.5232,-7.152941176470589
67.082,48.327,48.733760833740234,0.5449,0.5232,0.0
67.132,48.498,48.733760833740234,0.5442,0.5232,7.247058823529412
67.182,48.059,48.733760833740234,0.544,0.5232,7.247058823529412
67.232,48.376,48.733760833740234,0.5439,0.5232,7.152941176470589
67.282,48.718,48.733760833740234,0.5438,0.5232,7.152941176470589
67.332,49.06,50.2337646484375,0.5437,0.5232,7.2
67.382,49.158,50.2337646484375,0.5436,0.5232,0.0
67.432,49.182,50.2337646484375,0.5436,0.5232,0.0
67.482,49.255,50.2337646484375,0.5436,0.5232,7.482352941176471
67.532,49.426,50.2337646484375,0.5436,0.5232,7.482352941176471
67.582,49.597,50.2337646484375,0.5436,0.5232,7.435294117647059
67.632,49.451,50.2337646484375,0.5436,0.5232,7.341176470588235
67.682,49.963,50.2337646484375,0.5437,0.5232,7.341176470588235
67.732,50.232,50.2337646484375,0.5438,0.5232,7.341176470588235
67.782,50.452,50.2337646484375,0.5438,0.5232,7.341176470588235
67.832,50.403,50.2337646484375,0.5438,0.5232,0.0
67.882,50.696,50.2337646484375,0.5438,0.5232,-7.152941176470589
67.932,50.794,50.2337646484375,0.5443,0.5232,-7.152941176470589
67.982,50.085,50.2337646484375,0.5445,0.5232,-7.247058823529412
68.032,50.208,50.2337646484375,0.5445,0.5232,-7.247058823529412
68.084,49.89,50.2337646484375,0.5448,0.5232,0.0
68.133,49.939,50.2337646484375,0.5454,0.5232,0.0
68.183,49.915,50.2337646484375,0.5455,0.5232,0.0
68.233,50.134,50.2337646484375,0.5458,0.5232,7.152941176470589
68.283,50.037,50.2337646484375,0.5459,0.5232,7.152941176470589
68.333,49.841,51.628273010253906,0.5459,0.5232,7.105882352941176
68.383,50.208,51.628273010253906,0.546,0.5232,7.152941176470589
68.433,50.598,51.628273010253906,0.546,0.5232,7.152941176470589
68.483,50.842,51.628273010253906,0.546,0.5232,7.576470588235294
68.533,50.769,51.628273010253906,0.546,0.5232,7.576470588235294
68.583,51.306,51.628273010253906,0.546,0.5232,7.341176470588235
68.633,51.331,51.628273010253906,0.546,0.5232,7.3882352941176475
68.683,51.819,51.628273010253906,0.546,0.5232,7.3882352941176475
68.733,51.722,51.628273010253906,0.546,0.5232,7.152941176470589
68.783,51.868,51.628273010253906,0.546,0.5232,7.152941176470589
68.833,51.917,51.628273010253906,0.546,0.5232,-7.105882352941176
68.883,52.357,51.628273010253906,0.546,0.5232,-7.152941176470589
68.933,52.137,51.628273010253906,0.5459,0.5232,-7.152941176470589
68.983,51.917,51.628273010253906,0.5455,0.5232,-7.341176470588235
69.033,52.283,51.628273010253906,0.545,0.5232,-7.341176470588235
69.083,51.868,51.628273010253906,0.5444,0.5232,-7.152941176470589
69.133,51.258,51.628273010253906,0.5443,0.5232,-7.152941176470589
69.183,51.184,51.628273010253906,0.5443,0.5232,-7.152941176470589
69.233,50.745,51.628273010253906,0.5441,0.5232,-7.152941176470589
69.283,50.232,51.628273010253906,0.5436,0.5232,7.247058823529412
69.333,50.427,50.12827682495117,0.5435,0.5232,7.247058823529412
69.383,50.745,50.12827682495117,0.5428,0.5232,7.576470588235294
69.433,50.501,50.12827682495117,0.5422,0.5232,7.576470588235294
69.483,51.258,50.12827682495117,0.5421,0.5232,-7.294117647058823
69.533,51.404,50.12827682495117,0.5419,0.5232,-7.294117647058823
69.583,50.94,50.12827682495117,0.5415,0.5232,-7.482352941176471
69.633,50.891,50.12827682495117,0.5415,0.5232,-7.529411764705882
69.683,50.672,50.12827682495117,0.5411,0.5232,-7.529411764705882
69.733,50.354,50.12827682495117,0.5409,0.5232,-7.341176470588235
69.783,49.963,50.12827682495117,0.5403,0.5232,-7.341176470588235
69.833,49.915,50.12827682495117,0.5402,0.5232,-7.152941176470589
69.883,49.841,50.12827682495117,0.5402,0.5232,-7.152941176470589
69.933,49.67,50.12827682495117,0.5402,0.5232,7.152941176470589
69.983,49.768,50.12827682495117,0.5402,0.5232,7.152941176470589
70.033,49.573,50.12827682495117,0.5402,0.5232,7.247058823529412
70.085,49.866,50.12827682495117,0.5402,0.5232,7.247058823529412
70.134,50.232,50.12827682495117,0.5402,0.5232,7.247058823529412
70.184,50.549,50.12827682495117,0.5402,0.5232,7.247058823529412
70.234,50.769,50.12827682495117,0.5402,0.5232,-7.105882352941176
70.284,50.989,50.12827682495117,0.5407,0.5232,-7.105882352941176
70.334,50.696,50.79053497314453,0.5415,0.5232,-7.294117647058823
70.384,50.623,50.79053497314453,0.5416,0.5232,-7.294117647058823
70.434,50.159,50.79053497314453,0.5418,0.5232,7.105882352941176
70.484,50.061,50.79053497314453,0.5427,0.5232,7.105882352941176
70.534,50.134,50.79053497314453,0.5429,0.5232,7.294117647058823
70.584,50.305,50.79053497314453,0.5431,0.5232,7.294117647058823
70.634,50.574,50.79053497314453,0.5444,0.5232,7.294117647058823
70.684,50.965,50.79053497314453,0.5448,0.5232,7.294117647058823
70.734,50.818,50.79053497314453,0.5451,0.5232,7.152941176470589
70.784,51.404,50.79053497314453,0.5463,0.5232,7.152941176470589
70.834,51.453,50.79053497314453,0.5465,0.5232,0.0
70.884,51.258,50.79053497314453,0.5471,0.5232,-7.294117647058823
70.934,51.77,50.79053497314453,0.5475,0.5232,-7.294117647058823
70.984,51.477,50.79053497314453,0.5482,0.5232,-7.247058823529412
71.034,51.087,50.79053497314453,0.5492,0.5232,-7.247058823529412
71.084,50.745,50.79053497314453,0.5496,0.5232,-7.294117647058823
71.134,50.379,50.79053497314453,0.5506,0.5232,-7.294117647058823
71.184,50.33,50.79053497314453,0.5507,0.5232,0.0
71.234,50.33,50.79053497314453,0.5507,0.5232,0.0
71.284,50.354,50.79053497314453,0.5513,0.5232,7.247058823529412
71.334,50.525,50.78770446777344,0.5519,0.5232,7.247058823529412
71.384,50.134,50.78770446777344,0.5528,0.5232,7.2
71.434,50.72,50.78770446777344,0.5528,0.5232,7.2
71.484,51.209,50.78770446777344,0.5531,0.5232,7.294117647058823
71.534,51.6,50.78770446777344,0.5533,0.5232,7.294117647058823
71.584,51.453,50.78770446777344,0.5533,0.5232,-7.2
71.634,51.282,50.78770446777344,0.5534,0.5232,-7.2
71.684,51.111,50.78770446777344,0.5534,0.5232,-7.294117647058823
71.734,51.038,50.78770446777344,0.5534,0.5232,-7.294117647058823
71.784,51.087,50.78770446777344,0.5534,0.5232,-7.2
71.834,50.989,50.78770446777344,0.5535,0.5232,-7.152941176470589
71.884,50.452,50.78770446777344,0.5535,0.5232,-7.152941176470589
71.934,50.085,50.78770446777344,0.5534,0.5232,-7.152941176470589
71.984,49.744,50.78770446777344,0.5534,0.5232,-7.152941176470589
72.034,49.89,50.78770446777344,0.5534,0.5232,7.341176470588235
72.086,49.719,50.78770446777344,0.5534,0.5232,7.435294117647059
72.135,49.817,50.78770446777344,0.5532,0.5232,7.435294117647059
72.185,50.037,50.78770446777344,0.5532,0.5232,7.482352941176471
72.235,50.916,50.78770446777344,0.5532,0.5232,7.482352941176471
72.285,50.72,50.78770446777344,0.5531,0.5232,7.341176470588235
72.335,51.233,50.47409439086914,0.5531,0.5232,-7.105882352941176
72.385,50.867,50.47409439086914,0.5531,0.5232,-7.105882352941176
72.435,50.965,50.47409439086914,0.5531,0.5232,-7.341176470588235
72.485,51.16,50.47409439086914,0.5532,0.5232,-7.341176470588235
72.535,50.501,50.47409439086914,0.5532,0.5232,-7.247058823529412
72.585,50.305,50.47409439086914,0.5532,0.5232,-7.294117647058823
72.635,50.134,50.47409439086914,0.5532,0.5232,-7.294117647058823
72.685,49.963,50.47409439086914,0.5533,0.5232,7.105882352941176
72.735,49.866,50.47409439086914,0.5536,0.5232,7.105882352941176
72.785,49.597,50.47409439086914,0.5536,0.5232,7.247058823529412
72.835,50.208,50.47409439086914,0.5537,0.5232,7.294117647058823
72.885,50.134,50.47409439086914,0.5538,0.5232,7.294117647058823
72.935,50.403,50.47409439086914,0.5541,0.5232,7.152941176470589
72.985,50.598,50.47409439086914,0.5546,0.5232,7.152941176470589
73.035,50.965,50.47409439086914,0.5548,0.5232,7.105882352941176
73.085,51.429,50.47409439086914,0.5551,0.5232,-7.105882352941176
73.135,51.331,50.47409439086914,0.5555,0.5232,-7.105882352941176
73.185,50.989,50.47409439086914,0.5562,0.5232,-7.435294117647059
73.235,51.258,50.47409439086914,0.5567,0.5232,-7.435294117647059
73.285,50.427,50.47409439086914,0.5576,0.5232,-7.247058823529412
73.335,50.72,51.0299072265625,0.5579,0.5232,-7.341176470588235
73.385,50.281,51.0299072265625,0.5587,0.5232,-7.341176470588235
73.435,50.11,51.0299072265625,0.5592,0.5232,7.152941176470589
73.485,49.866,51.0299072265625,0.5596,0.5232,7.152941176470589
73.535,50.061,51.0299072265625,0.5603,0.5232,7.3882352941176475
73.585,50.379,51.0299072265625,0.5613,0.5232,7.482352941176471
73.635,50.72,51.0299072265625,0.562,0.5232,7.482352941176471
73.685,50.965,51.0299072265625,0.5628,0.5232,7.294117647058823
73.735,51.013,51.0299072265625,0.5628,0.5232,7.294117647058823
73.785,51.477,51.0299072265625,0.5632,0.5232,7.105882352941176
73.835,51.477,51.0299072265625,0.5643,0.5232,0.0
73.885,51.502,51.0299072265625,0.5649,0.5232,0.0
73.935,51.575,51.0299072265625,0.565,0.5232,-7.247058823529412
73.985,51.526,51.0299072265625,0.5665,0.5232,-7.247058823529412
74.035,51.624,51.0299072265625,0.5665,0.5232,-7.247058823529412
74.087,51.013,51.0299072265625,0.5666,0.5232,-7.247058823529412
74.136,51.502,51.0299072265625,0.5674,0.5232,-7.247058823529412
74.186,50.647,51.0299072265625,0.568,0.5232,0.0
74.236,50.672,51.0299072265625,0.568,0.5232,0.0
74.286,50.696,51.0299072265625,0.5684,0.5232,7.2
74.336,50.745,50.58292770385742,0.5688,0.5232,7.2
74.386,50.696,50.58292770385742,0.5688,0.5232,7.2
74.436,51.184,50.58292770385742,0.569,0.5232,-7.105882352941176
74.486,50.769,50.58292770385742,0.569,0.5232,-7.105882352941176
74.536,50.891,50.58292770385742,0.5692,0.5232,-7.294117647058823
74.586,50.33,50.58292770385742,0.5693,0.5232,-7.105882352941176
74.636,50.232,50.58292770385742,0.5696,0.5232,-7.105882352941176
74.686,50.598,50.58292770385742,0.5698,0.5232,7.152941176470589
74.736,50.159,50.58292770385742,0.5698,0.5232,7.152941176470589
74.786,50.549,50.58292770385742,0.5698,0.5232,0.0
74.836,50.525,50.58292770385742,0.5699,0.5232,0.0
74.886,50.623,50.58292770385742,0.5699,0.5232,0.0
74.936,50.598,50.58292770385742,0.57,0.5232,0.0
74.986,50.549,50.58292770385742,0.57,0.5232,0.0
75.036,50.623,50.58292770385742,0.57,0.5232,0.0
75.086,50.623,50.58292770385742,0.57,0.5232,0.0
75.136,50.647,50.58292770385742,0.57,0.5232,0.0
75.186,50.623,50.58292770385742,0.5701,0.5232,0.0
75.236,50.598,50.58292770385742,0.5701,0.5232,0.0
75.286,50.574,50.58292770385742,0.5701,0.5232,0.0
75.336,50.525,50.11399841308594,0.5705,0.5232,0.0
75.386,50.549,50.11399841308594,0.5706,0.5232,0.0
75.436,50.72,50.11399841308594,0.5708,0.5232,-7.2
75.486,50.623,50.11399841308594,0.5709,0.5232,-7.2
75.536,50.256,50.11399841308594,0.571,0.5232,-7.294117647058823
75.586,50.208,50.11399841308594,0.571,0.5232,-7.294117647058823
75.636,50.183,50.11399841308594,0.5716,0.5232,-7.105882352941176
75.686,49.866,50.11399841308594,0.572,0.5232,-7.105882352941176
75.736,49.963,50.11399841308594,0.5723,0.5232,-7.105882352941176
75.786,49.719,50.11399841308594,0.5731,0.5232,-7.105882352941176
75.836,49.133,50.11399841308594,0.5737,0.5232,7.105882352941176
75.886,49.792,50.11399841308594,0.5739,0.5232,7.105882352941176
75.936,49.768,50.11399841308594,0.5741,0.5232,7.435294117647059
75.986,50.012,50.11399841308594,0.5748,0.5232,7.435294117647059
76.036,49.963,50.11399841308594,0.5753,0.5232,7.2
76.088,50.549,50.11399841308594,0.5761,0.5232,7.105882352941176
76.137,50.403,50.11399841308594,0.577,0.5232,7.105882352941176
76.187,50.867,50.11399841308594,0.5772,0.5232,-7.2
76.237,51.477,50.11399841308594,0.5777,0.5232,-7.2
76.287,51.013,50.11399841308594,0.5779,0.5232,-7.341176470588235
76.337,50.696,49.26220703125,0.5789,0.5232,-7.576470588235294
76.387,50.208,49.26220703125,0.5798,0.5232,-7.576470588235294
76.437,50.159,49.26220703125,0.5799,0.5232,-7.576470588235294
76.487,49.792,49.26220703125,0.5814,0.5232,-7.576470588235294
76.537,49.621,49.26220703125,0.5814,0.5232,-7.3882352941176475
76.587,49.084,49.26220703125,0.5819,0.5232,-7.247058823529412
76.637,49.109,49.26220703125,0.5829,0.5232,-7.247058823529412
76.687,49.084,49.26220703125,0.583,0.5232,7.105882352941176
76.737,48.767,49.26220703125,0.5834,0.5232,7.105882352941176
76.787,49.451,49.26220703125,0.5843,0.5232,7.105882352941176
76.837,49.377,49.26220703125,0.5845,0.5232,7.105882352941176
76.887,49.597,49.26220703125,0.5854,0.5232,-7.152941176470589
76.937,49.621,49.26220703125,0.5856,0.5232,-7.152941176470589
76.987,49.231,49.26220703125,0.5856,0.5232,-7.2
77.037,49.182,49.26220703125,0.5858,0.5232,-7.2
77.087,48.889,49.26220703125,0.586,0.5232,-7.2
77.137,48.938,49.26220703125,0.5866,0.5232,7.105882352941176
77.187,48.791,49.26220703125,0.5866,0.5232,7.105882352941176
77.237,49.206,49.26220703125,0.5867,0.5232,7.2
77.287,49.182,49.26220703125,0.5868,0.5232,7.247058823529412
77.337,49.792,50.76220703125,0.5869,0.5232,7.247058823529412
77.387,49.866,50.76220703125,0.5869,0.5232,7.105882352941176
77.437,50.232,50.76220703125,0.5869,0.5232,7.105882352941176
77.487,50.305,50.76220703125,0.5869,0.5232,7.3882352941176475
77.537,50.574,50.76220703125,0.5869,0.5232,7.247058823529412
77.587,50.452,50.76220703125,0.5867,0.5232,7.247058823529412
77.637,50.891,50.76220703125,0.5867,0.5232,7.152941176470589
77.687,51.087,50.76220703125,0.5867,0.5232,7.152941176470589
77.737,51.038,50.76220703125,0.5866,0.5232,-7.105882352941176
77.787,51.306,50.76220703125,0.5865,0.5232,-7.105882352941176
77.837,50.525,50.76220703125,0.5862,0.5232,-7.152941176470589
77.887,50.72,50.76220703125,0.586,0.5232,-7.152941176470589
77.937,50.476,50.76220703125,0.5859,0.5232,7.152941176470589
77.987,50.525,50.76220703125,0.5857,0.5232,7.152941176470589
78.037,50.354,50.76220703125,0.5854,0.5232,7.152941176470589
78.089,50.769,50.76220703125,0.5854,0.5232,7.152941176470589
78.138,50.965,50.76220703125,0.5852,0.5232,7.152941176470589
78.188,51.38,50.76220703125,0.5848,0.5232,0.0
78.238,51.38,50.76220703125,0.5846,0.5232,0.0
78.288,51.404,50.76220703125,0.5846,0.5232,-7.294117647058823
78.338,50.891,51.17673873901367,0.5844,0.5232,-7.294117647058823
78.388,50.696,51.17673873901367,0.5843,0.5232,-7.294117647058823
78.438,51.038,51.17673873901367,0.584,0.5232,-7.294117647058823
78.488,50.672,51.17673873901367,0.5835,0.5232,7.247058823529412
78.538,50.672,51.17673873901367,0.5833,0.5232,7.105882352941176
78.588,50.867,51.17673873901367,0.5833,0.5232,7.105882352941176
78.638,51.355,51.17673873901367,0.5832,0.5232,7.247058823529412
78.688,51.062,51.17673873901367,0.5832,0.5232,7.247058823529412
78.738,51.502,51.17673873901367,0.5832,0.5232,-7.105882352941176
78.788,51.575,51.17673873901367,0.5832,0.5232,7.105882352941176
78.838,51.502,51.17673873901367,0.5832,0.5232,7.105882352941176
78.888,51.77,51.17673873901367,0.5832,0.5232,-7.2
78.938,51.624,51.17673873901367,0.5832,0.5232,-7.2
78.988,51.111,51.17673873901367,0.5832,0.5232,-7.294117647058823
79.038,51.38,51.17673873901367,0.5833,0.5232,-7.247058823529412
79.088,50.501,51.17673873901367,0.5835,0.5232,-7.247058823529412
79.138,51.013,51.17673873901367,0.5835,0.5232,-7.152941176470589
79.188,50.696,51.17673873901367,0.5836,0.5232,-7.152941176470589
79.238,50.549,51.17673873901367,0.5836,0.5232,7.105882352941176
79.288,50.452,51.17673873901367,0.5839,0.5232,7.247058823529412
79.338,50.916,49.67673873901367,0.5839,0.5232,7.247058823529412
79.388,50.916,49.67673873901367,0.5841,0.5232,7.341176470588235
79.438,50.891,49.67673873901367,0.5842,0.5232,7.341176470588235
79.488,51.6,49.67673873901367,0.5842,0.5232,-7.529411764705882
79.538,51.746,49.67673873901367,0.5843,0.5232,-7.529411764705882
79.588,51.502,49.67673873901367,0.5846,0.5232,-7.529411764705882
79.638,51.013,49.67673873901367,0.5848,0.5232,-7.858823529411764
79.688,50.501,49.67673873901367,0.5852,0.5232,-7.858823529411764
79.738,50.72,49.67673873901367,0.5854,0.5232,-7.576470588235294
79.788,50.549,49.67673873901367,0.5855,0.5232,-7.3882352941176475
79.838,50.134,49.67673873901367,0.5858,0.5232,-7.3882352941176475
79.888,49.744,49.67673873901367,0.5859,0.5232,-7.3882352941176475
79.938,49.328,49.67673873901367,0.5861,0.5232,-7.3882352941176475
79.988,49.426,49.67673873901367,0.5862,0.5232,-7.105882352941176
80.038,49.353,49.67673873901367,0.5862,0.5232,7.2
80.09,49.451,49.67673873901367,0.5865,0.5232,7.2
80.139,49.988,49.67673873901367,0.5867,0.5232,7.2
80.189,50.061,49.67673873901367,0.5868,0.5232,7.2
80.239,50.037,49.67673873901367,0.5871,0.5232,-7.152941176470589
80.289,50.085,49.67673873901367,0.5873,0.5232,-7.152941176470589
80.339,49.939,50.72144317626953,0.5874,0.5232,-7.2
80.389,50.281,50.72144317626953,0.5876,0.5232,-7.2
80.439,49.548,50.72144317626953,0.5878,0.5232,7.341176470588235
80.489,49.426,50.72144317626953,0.5878,0.5232,7.341176470588235
80.539,49.304,50.72144317626953,0.5879,0.5232,7.482352941176471
80.589,50.208,50.72144317626953,0.5879,0.5232,7.482352941176471
80.639,50.72,50.72144317626953,0.588,0.5232,7.576470588235294
80.689,50.696,50.72144317626953,0.588,0.5232,7.576470588235294
80.739,50.696,50.72144317626953,0.588,0.5232,0.0
80.789,50.696,50.72144317626953,0.5882,0.5232,0.0
80.839,50.72,50.72144317626953,0.5885,0.5232,0.0
80.889,50.72,50.72144317626953,0.5885,0.5232,0.0
80.939,50.72,50.72144317626953,0.5885,0.5232,0.0
80.989,50.72,50.72144317626953,0.5886,0.5232,0.0
81.039,50.72,50.72144317626953,0.5886,0.5232,0.0
81.089,50.72,50.72144317626953,0.5885,0.5232,0.0
81.139,50.72,50.72144317626953,0.5885,0.5232,0.0
81.189,50.72,50.72144317626953,0.5885,0.5232,0.0
81.239,50.72,50.72144317626953,0.5885,0.5232,0.0
81.289,50.696,50.72144317626953,0.5883,0.5232,0.0
81.339,50.72,49.221439361572266,0.5883,0.5232,0.0
81.389,50.745,49.221439361572266,0.5883,0.5232,0.0
81.439,50.72,49.221439361572266,0.5881,0.5232,0.0
81.489,50.794,49.221439361572266,0.5881,0.5232,-7.623529411764705
81.539,50.891,49.221439361572266,0.5881,0.5232,-7.623529411764705
81.589,50.94,49.221439361572266,0.5879,0.5232,-7.623529411764705
81.639,50.476,49.221439361572266,0.5879,0.5232,-7.670588235294118
81.689,50.379,49.221439361572266,0.5876,0.5232,-7.670588235294118
81.739,49.597,49.221439361572266,0.5873,0.5232,-7.529411764705882
81.789,49.646,49.221439361572266,0.5873,0.5232,-7.482352941176471
81.839,49.304,49.221439361572266,0.5873,0.5232,-7.482352941176471
81.889,49.377,49.221439361572266,0.5868,0.5232,-7.2
81.939,49.133,49.221439361572266,0.5865,0.5232,-7.2
81.989,49.109,49.221439361572266,0.5862,0.5232,-7.105882352941176
82.039,48.645,49.221439361572266,0.5862,0.5232,7.105882352941176
82.091,48.742,49.221439361572266,0.5861,0.5232,7.105882352941176
82.14,48.425,49.221439361572266,0.5861,0.5232,7.294117647058823
82.19,49.06,49.221439361572266,0.5859,0.5232,7.294117647058823
82.24,49.695,49.221439361572266,0.5859,0.5232,7.341176470588235
82.29,49.573,49.221439361572266,0.5859,0.5232,7.341176470588235
82.34,50.037,50.72144317626953,0.5857,0.5232,-7.247058823529412
82.39,49.866,50.72144317626953,0.5857,0.5232,-7.247058823529412
82.44,49.841,50.72144317626953,0.5857,0.5232,7.294117647058823
82.49,49.939,50.72144317626953,0.5857,0.5232,7.3882352941176475
82.54,49.768,50.72144317626953,0.5857,0.5232,7.3882352941176475
82.59,50.305,50.72144317626953,0.5857,0.5232,7.341176470588235
82.64,50.281,50.72144317626953,0.5858,0.5232,7.341176470588235
82.69,50.672,50.72144317626953,0.5858,0.5232,7.2
82.74,50.647,50.72144317626953,0.5858,0.5232,7.247058823529412
82.79,51.16,50.72144317626953,0.5858,0.5232,7.247058823529412
82.84,50.305,50.72144317626953,0.5859,0.5232,7.105882352941176
82.89,51.429,50.72144317626953,0.5859,0.5232,7.105882352941176
82.94,51.136,50.72144317626953,0.586,0.5232,7.2
82.99,51.331,50.72144317626953,0.586,0.5232,7.2
83.04,51.844,50.72144317626953,0.5859,0.5232,-7.2
83.09,51.648,50.72144317626953,0.586,0.5232,-7.2
83.14,51.746,50.72144317626953,0.586,0.5232,-7.482352941176471
83.19,50.891,50.72144317626953,0.5859,0.5232,-7.482352941176471
83.24,51.013,50.72144317626953,0.5858,0.5232,-7.435294117647059
83.29,50.916,50.72144317626953,0.5858,0.5232,-7.105882352941176
83.34,50.696,49.221439361572266,0.5857,0.5232,-7.105882352941176
83.39,50.525,49.221439361572266,0.5857,0.5232,-7.152941176470589
83.44,50.379,49.221439361572266,0.5857,0.5232,-7.152941176470589
83.49,50.061,49.221439361572266,0.5852,0.5232,-7.529411764705882
83.54,49.939,49.221439361572266,0.585,0.5232,-7.529411764705882
83.59,49.792,49.221439361572266,0.5847,0.5232,-7.3882352941176475
83.64,49.744,49.221439361572266,0.5845,0.5232,-7.3882352941176475
83.69,49.255,49.221439361572266,0.5845,0.5232,-7.294117647058823
83.74,49.475,49.221439361572266,0.5842,0.5232,-7.247058823529412
83.79,49.231,49.221439361572266,0.5839,0.5232,-7.247058823529412
83.84,49.255,49.221439361572266,0.5832,0.5232,-7.152941176470589
83.89,49.06,49.221439361572266,0.5831,0.5232,-7.152941176470589
83.94,48.742,49.221439361572266,0.5829,0.5232,0.0
83.99,48.767,49.221439361572266,0.5822,0.5232,0.0
84.04,48.718,49.221439361572266,0.5817,0.5232,7.247058823529412
84.092,48.571,49.221439361572266,0.5813,0.5232,7.247058823529412
84.141,49.06,49.221439361572266,0.5811,0.5232,7.247058823529412
84.191,49.426,49.221439361572266,0.581,0.5232,7.247058823529412
84.241,49.695,49.221439361572266,0.5809,0.5232,7.105882352941176
84.291,49.573,49.221439361572266,0.5806,0.5232,7.105882352941176
84.341,50.061,50.72144317626953,0.5798,0.5232,-7.247058823529412
84.391,49.915,50.72144317626953,0.5796,0.5232,-7.247058823529412
84.441,49.915,50.72144317626953,0.5796,0.5232,7.294117647058823
84.491,49.841,50.72144317626953,0.5796,0.5232,7.341176470588235
84.541,49.963,50.72144317626953,0.5795,0.5232,7.341176470588235
84.591,49.915,50.72144317626953,0.5792,0.5232,7.3882352941176475
84.641,50.476,50.72144317626953,0.5792,0.5232,7.3882352941176475
84.691,50.672,50.72144317626953,0.5792,0.5232,7.341176470588235
84.741,50.891,50.72144317626953,0.5791,0.5232,7.152941176470589
84.791,50.794,50.72144317626953,0.5789,0.5232,7.152941176470589
84.841,51.282,50.72144317626953,0.5787,0.5232,-7.105882352941176
84.891,51.062,50.72144317626953,0.5787,0.5232,-7.105882352941176
84.941,51.502,50.72144317626953,0.5786,0.5232,-7.247058823529412
84.991,50.842,50.72144317626953,0.5786,0.5232,-7.2
85.041,50.501,50.72144317626953,0.5784,0.5232,-7.2
85.091,49.841,50.72144317626953,0.5783,0.5232,-7.105882352941176
85.141,50.11,50.72144317626953,0.5783,0.5232,-7.105882352941176
85.191,49.988,50.72144317626953,0.5782,0.5232,7.3882352941176475
85.241,49.719,50.72144317626953,0.5782,0.5232,7.294117647058823
85.291,49.939,50.72144317626953,0.5782,0.5232,7.294117647058823
85.341,50.379,49.221439361572266,0.5779,0.5232,7.435294117647059
85.391,50.916,49.221439361572266,0.5779,0.5232,7.435294117647059
85.441,51.111,49.221439361572266,0.5774,0.5232,-7.482352941176471
85.491,51.111,49.221439361572266,0.5774,0.5232,-7.7176470588235295
85.541,49.524,49.221439361572266,0.5771,0.5232,-7.7176470588235295
85.591,50.623,49.221439361572266,0.577,0.5232,-7.764705882352941
85.641,50.208,49.221439361572266,0.577,0.5232,-7.764705882352941
85.691,49.597,49.221439361572266,0.5768,0.5232,-7.576470588235294
85.741,49.426,49.221439361572266,0.5762,0.5232,-7.435294117647059
85.791,49.524,49.221439361572266,0.576,0.5232,-7.435294117647059
85.841,49.573,49.221439361572266,0.5757,0.5232,-7.152941176470589
85.891,49.182,49.221439361572266,0.5756,0.5232,-7.152941176470589
85.941,49.109,49.221439361572266,0.5752,0.5232,-7.2
85.991,48.864,49.221439361572266,0.575,0.5232,0.0
86.041,48.864,49.221439361572266,0.5749,0.5232,0.0
86.093,49.06,49.221439361572266,0.5746,0.5232,7.2
86.142,49.304,49.221439361572266,0.5733,0.5232,7.2
86.192,49.182,49.221439361572266,0.5731,0.5232,7.105882352941176
86.242,49.426,49.221439361572266,0.5729,0.5232,-7.105882352941176
86.292,49.451,49.221439361572266,0.5724,0.5232,-7.105882352941176
86.342,49.231,50.72144317626953,0.5723,0.5232,-7.152941176470589
86.392,49.084,50.72144317626953,0.572,0.5232,-7.152941176470589
86.442,48.791,50.72144317626953,0.5714,0.5232,7.623529411764705
86.492,48.962,50.72144317626953,0.571,0.5232,7.623529411764705
86.542,49.353,50.72144317626953,0.5709,0.5232,7.764705882352941
86.592,49.402,50.72144317626953,0.5707,0.5232,7.764705882352941
86.642,49.695,50.72144317626953,0.5706,0.5232,7.576470588235294
86.692,50.012,50.72144317626953,0.5699,0.5232,7.576470588235294
86.742,50.012,50.72144317626953,0.5695,0.5232,7.435294117647059
86.792,50.501,50.72144317626953,0.5695,0.5232,7.435294117647059
86.842,50.403,50.72144317626953,0.5692,0.5232,7.341176470588235
86.892,50.891,50.72144317626953,0.569,0.5232,7.341176470588235
86.942,50.696,50.72144317626953,0.5686,0.5232,7.2
86.992,51.16,50.72144317626953,0.5685,0.5232,-7.105882352941176
87.042,51.087,50.72144317626953,0.5684,0.5232,-7.105882352941176
87.092,50.574,50.72144317626953,0.5682,0.5232,-7.247058823529412
87.142,50.769,50.72144317626953,0.568,0.5232,-7.247058823529412
87.192,50.623,50.72144317626953,0.5677,0.5232,7.105882352941176
87.242,50.672,50.72144317626953,0.5675,0.5232,0.0
87.292,50.672,50.72144317626953,0.5674,0.5232,0.0
87.342,50.623,49.39023971557617,0.5673,0.5232,0.0
87.392,50.598,49.39023971557617,0.5671,0.5232,0.0
87.442,50.794,49.39023971557617,0.5671,0.5232,-7.529411764705882
87.492,50.549,49.39023971557617,0.567,0.5232,-7.529411764705882
87.542,49.988,49.39023971557617,0.5668,0.5232,-7.529411764705882
87.592,50.33,49.39023971557617,0.5661,0.5232,-7.482352941176471
87.642,49.915,49.39023971557617,0.5659,0.5232,-7.482352941176471
87.692,49.939,49.39023971557617,0.5656,0.5232,-7.435294117647059
87.742,49.67,49.39023971557617,0.5654,0.5232,-7.435294117647059
87.792,49.475,49.39023971557617,0.5653,0.5232,-7.247058823529412
87.842,49.28,49.39023971557617,0.5649,0.5232,-7.247058823529412
87.892,49.255,49.39023971557617,0.5647,0.5232,-7.105882352941176
87.942,48.987,49.39023971557617,0.5647,0.5232,-7.105882352941176
87.992,48.938,49.39023971557617,0.5638,0.5232,7.105882352941176
88.042,48.596,49.39023971557617,0.5634,0.5232,7.105882352941176
88.094,48.987,49.39023971557617,0.5632,0.5232,7.247058823529412
88.143,49.304,49.39023971557617,0.5629,0.5232,7.247058823529412
88.193,49.035,49.39023971557617,0.5626,0.5232,7.2
88.243,49.67,49.39023971557617,0.5622,0.5232,7.2
88.293,49.573,49.39023971557617,0.562,0.5232,7.2
88.343,50.012,49.461631774902344,0.5615,0.5232,7.2
88.393,50.354,49.461631774902344,0.5614,0.5232,-7.105882352941176
88.443,50.183,49.461631774902344,0.5613,0.5232,-7.247058823529412
88.493,49.988,49.461631774902344,0.5611,0.5232,-7.247058823529412
88.543,49.89,49.461631774902344,0.5609,0.5232,-7.341176470588235
88.593,50.037,49.461631774902344,0.5603,0.5232,-7.341176470588235
88.643,49.328,49.461631774902344,0.5598,0.5232,-7.2
88.693,49.231,49.461631774902344,0.5597,0.5232,-7.294117647058823
88.743,48.889,49.461631774902344,0.5594,0.5232,-7.294117647058823
88.793,48.694,49.461631774902344,0.5593,0.5232,7.152941176470589
88.843,48.498,49.461631774902344,0.5593,0.5232,7.152941176470589
88.893,48.62,49.461631774902344,0.5589,0.5232,7.341176470588235
88.943,49.158,49.461631774902344,0.5586,0.5232,7.341176470588235
88.993,49.426,49.461631774902344,0.5584,0.5232,7.3882352941176475
89.043,49.548,49.461631774902344,0.5581,0.5232,7.3882352941176475
89.093,49.939,49.461631774902344,0.5579,0.5232,0.0
89.143,49.939,49.461631774902344,0.5579,0.5232,0.0
89.193,50.11,49.461631774902344,0.5578,0.5232,-7.247058823529412
89.243,50.085,49.461631774902344,0.5578,0.5232,-7.247058823529412
89.293,49.695,49.461631774902344,0.5576,0.5232,-7.294117647058823
89.343,49.402,49.86165237426758,0.5573,0.5232,-7.294117647058823
89.393,49.353,49.86165237426758,0.5569,0.5232,-7.152941176470589
89.443,49.475,49.86165237426758,0.5565,0.5232,7.247058823529412
89.493,49.206,49.86165237426758,0.5564,0.5232,7.247058823529412
89.543,49.255,49.86165237426758,0.5564,0.5232,7.2
89.593,49.499,49.86165237426758,0.5561,0.5232,7.2
89.643,49.353,49.86165237426758,0.5561,0.5232,7.294117647058823
89.693,50.183,49.86165237426758,0.5553,0.5232,7.2
89.743,50.208,49.86165237426758,0.5552,0.5232,7.2
89.793,50.452,49.86165237426758,0.5547,0.5232,-7.2
89.843,50.525,49.86165237426758,0.5546,0.5232,-7.2
89.893,50.11,49.86165237426758,0.5544,0.5232,-7.294117647058823
89.943,49.915,49.86165237426758,0.5543,0.5232,-7.294117647058823
89.993,49.621,49.86165237426758,0.5542,0.5232,-7.294117647058823
90.043,49.573,49.86165237426758,0.5536,0.5232,0.0
90.095,49.524,49.86165237426758,0.5534,0.5232,0.0
90.144,49.597,49.86165237426758,0.553,0.5232,7.152941176470589
90.194,49.695,49.86165237426758,0.5529,0.5232,7.2
90.244,49.475,49.86165237426758,0.5524,0.5232,7.2
90.294,49.67,49.86165237426758,0.5523,0.5232,7.105882352941176
90.344,50.501,49.85248565673828,0.5518,0.5232,7.105882352941176
90.394,50.623,49.85248565673828,0.5507,0.5232,7.152941176470589
90.444,50.745,49.85248565673828,0.5504,0.5232,-7.294117647058823
90.494,50.769,49.85248565673828,0.5504,0.5232,-7.294117647058823
90.544,50.891,49.85248565673828,0.5498,0.5232,-7.3882352941176475
90.594,50.672,49.85248565673828,0.5494,0.5232,-7.3882352941176475
90.644,50.183,49.85248565673828,0.5492,0.5232,-7.435294117647059
90.694,50.012,49.85248565673828,0.5488,0.5232,-7.3882352941176475
90.744,49.206,49.85248565673828,0.5485,0.5232,-7.3882352941176475
90.794,49.426,49.85248565673828,0.5482,0.5232,-7.105882352941176
90.844,49.255,49.85248565673828,0.5472,0.5232,-7.105882352941176
90.894,49.084,49.85248565673828,0.5469,0.5232,7.2
90.944,49.109,49.85248565673828,0.5467,0.5232,7.294117647058823
90.994,49.109,49.85248565673828,0.5461,0.5232,7.294117647058823
91.044,49.353,49.85248565673828,0.546,0.5232,7.341176470588235
91.094,49.939,49.85248565673828,0.5459,0.5232,7.341176470588235
91.144,49.719,49.85248565673828,0.5451,0.5232,7.247058823529412
91.194,50.208,49.85248565673828,0.5444,0.5232,-7.105882352941176
91.244,50.061,49.85248565673828,0.5443,0.5232,-7.105882352941176
91.294,50.061,49.85248565673828,0.5442,0.5232,-7.2
91.344,49.67,49.98466110229492,0.5439,0.5232,-7.2
91.394,49.109,49.98466110229492,0.5437,0.5232,-7.152941176470589
91.444,49.377,49.98466110229492,0.5436,0.5232,7.2
91.494,49.915,49.98466110229492,0.5432,0.5232,7.2
91.544,49.744,49.98466110229492,0.5429,0.5232,7.294117647058823
91.594,49.67,49.98466110229492,0.5429,0.5232,7.294117647058823
91.644,49.524,49.98466110229492,0.5425,0.5232,7.152941176470589
91.694,49.988,49.98466110229492,0.5423,0.5232,7.2
91.744,50.085,49.98466110229492,0.5423,0.5232,7.2
91.794,50.647,49.98466110229492,0.5422,0.5232,0.0
91.844,50.647,49.98466110229492,0.5421,0.5232,0.0
91.894,50.72,49.98466110229492,0.5419,0.5232,-7.294117647058823
91.944,50.647,49.98466110229492,0.5419,0.5232,-7.294117647058823
91.994,50.476,49.98466110229492,0.5416,0.5232,-7.294117647058823
92.044,50.403,49.98466110229492,0.5416,0.5232,-7.294117647058823
92.096,49.817,49.98466110229492,0.5415,0.5232,-7.2
92.145,49.841,49.98466110229492,0.5413,0.5232,-7.2
92.195,49.621,49.98466110229492,0.5413,0.5232,7.105882352941176
92.245,49.768,49.98466110229492,0.5412,0.5232,7.105882352941176
92.295,49.792,49.98466110229492,0.5412,0.5232,7.2
92.345,49.597,48.52885437011719,0.5409,0.5232,7.2
92.395,50.281,48.52885437011719,0.5407,0.5232,7.152941176470589
92.445,50.452,48.52885437011719,0.5406,0.5232,-7.482352941176471
92.495,50.354,48.52885437011719,0.5403,0.5232,-7.482352941176471
92.545,50.208,48.52885437011719,0.5401,0.5232,-7.764705882352941
92.595,49.939,48.52885437011719,0.54,0.5232,-7.764705882352941
92.645,49.158,48.52885437011719,0.5398,0.5232,-7.670588235294118
92.695,49.475,48.52885437011719,0.5395,0.5232,-7.576470588235294
92.745,49.304,48.52885437011719,0.5393,0.5232,-7.576470588235294
92.795,48.694,48.52885437011719,0.5393,0.5232,-7.435294117647059
92.845,48.791,48.52885437011719,0.5393,0.5232,-7.435294117647059
92.895,48.767,48.52885437011719,0.5391,0.5232,-7.105882352941176
92.945,48.254,48.52885437011719,0.5385,0.5232,-7.105882352941176
92.995,48.376,48.52885437011719,0.5383,0.5232,-7.152941176470589
93.045,48.352,48.52885437011719,0.5379,0.5232,-7.152941176470589
93.095,48.327,48.52885437011719,0.5376,0.5232,7.105882352941176
93.145,48.205,48.52885437011719,0.5373,0.5232,7.105882352941176
93.195,48.107,48.52885437011719,0.5372,0.5232,7.152941176470589
93.245,48.156,48.52885437011719,0.5371,0.5232,7.152941176470589
93.295,48.84,48.52885437011719,0.5365,0.5232,7.2
93.345,48.913,49.92002868652344,0.5364,0.5232,7.2
93.395,48.864,49.92002868652344,0.5364,0.5232,-7.152941176470589
93.445,49.231,49.92002868652344,0.5364,0.5232,7.435294117647059
93.495,49.328,49.92002868652344,0.536,0.5232,7.435294117647059
93.545,49.499,49.92002868652344,0.5359,0.5232,7.341176470588235
93.595,49.548,49.92002868652344,0.5355,0.5232,7.341176470588235
93.645,49.817,49.92002868652344,0.5355,0.5232,7.2
93.695,50.061,49.92002868652344,0.5355,0.5232,7.2
93.745,50.061,49.92002868652344,0.535,0.5232,7.2
93.795,50.354,49.92002868652344,0.5347,0.5232,-7.105882352941176
93.845,50.256,49.92002868652344,0.5346,0.5232,-7.105882352941176
93.895,49.89,49.92002868652344,0.5344,0.5232,-7.2
93.945,49.89,49.92002868652344,0.5343,0.5232,-7.2
93.995,50.256,49.92002868652344,0.5342,0.5232,-7.2
94.045,49.451,49.92002868652344,0.534,0.5232,0.0
94.097,49.451,49.92002868652344,0.5337,0.5232,7.247058823529412
94.146,49.646,49.92002868652344,0.5337,0.5232,7.247058823529412
94.196,49.402,49.92002868652344,0.5337,0.5232,7.247058823529412
94.246,49.768,49.92002868652344,0.5336,0.5232,7.247058823529412
94.296,50.183,49.92002868652344,0.5334,0.5232,7.247058823529412
94.346,50.134,50.03656768798828,0.5334,0.5232,7.247058823529412
94.396,50.574,50.03656768798828,0.5326,0.5232,-7.152941176470589
94.446,50.549,50.03656768798828,0.5325,0.5232,-7.152941176470589
94.496,50.134,50.03656768798828,0.5325,0.5232,-7.247058823529412
94.546,50.159,50.03656768798828,0.5325,0.5232,-7.247058823529412
94.596,49.963,50.03656768798828,0.5322,0.5232,-7.105882352941176
94.646,49.695,50.03656768798828,0.5321,0.5232,-7.105882352941176
94.696,49.524,50.03656768798828,0.5317,0.5232,-7.105882352941176
94.746,49.377,50.03656768798828,0.5316,0.5232,7.2
94.796,49.451,50.03656768798828,0.5309,0.5232,7.2
94.846,49.133,50.03656768798828,0.5309,0.5232,7.294117647058823
94.896,50.134,50.03656768798828,0.5304,0.5232,7.294117647058823
94.946,49.744,50.03656768798828,0.5303,0.5232,7.3882352941176475
94.996,49.939,50.03656768798828,0.53,0.5232,7.3882352941176475
95.046,50.159,50.03656768798828,0.5293,0.5232,7.152941176470589
95.096,50.769,50.03656768798828,0.5291,0.5232,7.152941176470589
95.146,50.745,50.03656768798828,0.5288,0.5232,-7.105882352941176
95.196,50.94,50.03656768798828,0.5285,0.5232,-7.341176470588235
95.246,51.038,50.03656768798828,0.5285,0.5232,-7.341176470588235
95.296,50.501,50.03656768798828,0.5282,0.5232,-7.3882352941176475
95.346,50.476,48.53656768798828,0.5279,0.5232,-7.3882352941176475
95.396,49.841,48.53656768798828,0.5277,0.5232,-7.247058823529412
95.446,49.768,48.53656768798828,0.5275,0.5232,-7.247058823529412
95.496,49.597,48.53656768798828,0.5274,0.5232,-7.529411764705882
95.546,49.597,48.53656768798828,0.5265,0.5232,-7.529411764705882
95.596,49.182,48.53656768798828,0.5264,0.5232,-7.435294117647059
95.646,49.182,48.53656768798828,0.5261,0.5232,-7.435294117647059
95.696,48.449,48.53656768798828,0.5261,0.5232,-7.294117647058823
95.746,48.742,48.53656768798828,0.5261,0.5232,-7.294117647058823
95.796,47.375,48.53656768798828,0.5258,0.5232,7.105882352941176
95.846,48.352,48.53656768798828,0.5257,0.5232,7.105882352941176
95.896,48.62,48.53656768798828,0.5256,0.5232,7.482352941176471
95.946,48.816,48.53656768798828,0.5249,0.5232,7.105882352941176
95.996,49.158,48.53656768798828,0.5249,0.5232,7.105882352941176
96.046,49.475,48.53656768798828,0.5249,0.5232,-7.152941176470589
96.098,49.573,48.53656768798828,0.5249,0.5232,-7.435294117647059
96.147,49.06,48.53656768798828,0.5249,0.5232,-7.435294117647059
96.197,48.889,48.53656768798828,0.5249,0.5232,-7.435294117647059
96.247,48.376,48.53656768798828,0.5249,0.5232,-7.435294117647059
96.297,48.352,48.53656768798828,0.5249,0.5232,-7.2
96.347,48.4,49.56019592285156,0.5249,0.5232,-7.2
96.397,48.23,49.56019592285156,0.5249,0.5232,7.105882352941176
96.447,48.034,49.56019592285156,0.5249,0.5232,7.105882352941176
96.497,47.985,49.56019592285156,0.5249,0.5232,7.576470588235294
96.547,48.645,49.56019592285156,0.5251,0.5232,7.576470588235294
96.597,49.133,49.56019592285156,0.5251,0.5232,7.670588235294118
96.647,49.06,49.56019592285156,0.5251,0.5232,7.3882352941176475
96.697,49.67,49.56019592285156,0.5253,0.5232,7.3882352941176475
96.747,49.475,49.56019592285156,0.5255,0.5232,7.247058823529412
96.797,49.841,49.56019592285156,0.5255,0.5232,7.247058823529412
96.847,49.841,49.56019592285156,0.5255,0.5232,7.105882352941176
96.897,50.085,49.56019592285156,0.5259,0.5232,-7.152941176470589
96.947,50.037,49.56019592285156,0.5259,0.5232,-7.152941176470589
96.997,50.232,49.56019592285156,0.5259,0.5232,-7.247058823529412
97.047,49.621,49.56019592285156,0.5259,0.5232,-7.247058823529412
97.097,49.499,49.56019592285156,0.5259,0.5232,-7.294117647058823
97.147,49.182,49.56019592285156,0.5255,0.5232,0.0
97.197,49.231,49.56019592285156,0.5255,0.5232,0.0
97.247,49.255,49.56019592285156,0.5252,0.5232,7.2
97.297,49.597,49.56019592285156,0.5251,0.5232,7.2
97.347,49.353,49.29774475097656,0.5251,0.5232,7.2
97.397,49.597,49.29774475097656,0.5251,0.5232,0.0
97.447,49.597,49.29774475097656,0.5251,0.5232,0.0
97.497,49.792,49.29774475097656,0.5246,0.5232,-7.152941176470589
97.547,49.524,49.29774475097656,0.5246,0.5232,-7.152941176470589
97.597,49.353,49.29774475097656,0.5246,0.5232,-7.247058823529412
97.647,49.255,49.29774475097656,0.5242,0.5232,-7.247058823529412
97.697,49.06,49.29774475097656,0.5235,0.5232,0.0
97.747,49.084,49.29774475097656,0.5235,0.5232,0.0
97.797,48.181,49.29774475097656,0.5233,0.5232,7.152941176470589
97.847,48.938,49.29774475097656,0.5231,0.5232,7.152941176470589
97.897,49.475,49.29774475097656,0.5223,0.5232,7.482352941176471
97.947,49.451,49.29774475097656,0.5222,0.5232,7.482352941176471
97.997,49.817,49.29774475097656,0.5216,0.5232,-7.105882352941176
98.047,49.841,49.29774475097656,0.5213,0.5232,-7.105882352941176
98.099,49.426,49.29774475097656,0.5205,0.5232,-7.247058823529412
98.148,49.304,49.29774475097656,0.52,0.5232,-7.247058823529412
98.198,48.987,49.29774475097656,0.5199,0.5232,-7.247058823529412
98.248,49.011,49.29774475097656,0.5196,0.5232,0.0
98.298,48.938,49.29774475097656,0.5189,0.5232,0.0
98.348,49.133,50.7977409362793,0.5187,0.5232,7.152941176470589
98.398,48.596,50.7977409362793,0.5184,0.5232,7.2
98.448,48.987,50.7977409362793,0.5173,0.5232,7.2
98.498,49.402,50.7977409362793,0.5172,0.5232,7.905882352941177
98.548,49.206,50.7977409362793,0.517,0.5232,7.905882352941177
98.598,49.988,50.7977409362793,0.517,0.5232,7.576470588235294
98.648,50.037,50.7977409362793,0.517,0.5232,7.670588235294118
98.698,50.33,50.7977409362793,0.5169,0.5232,7.670588235294118
98.748,50.305,50.7977409362793,0.5169,0.5232,7.341176470588235
98.798,50.94,50.7977409362793,0.5164,0.5232,7.341176470588235
98.848,50.818,50.7977409362793,0.5163,0.5232,7.247058823529412
98.898,50.989,50.7977409362793,0.5162,0.5232,-7.105882352941176
98.948,51.258,50.7977409362793,0.5161,0.5232,-7.105882352941176
98.998,50.989,50.7977409362793,0.5161,0.5232,-7.152941176470589
99.048,51.429,50.7977409362793,0.516,0.5232,-7.152941176470589
99.098,50.672,50.7977409362793,0.516,0.5232,-7.152941176470589
99.148,50.403,50.7977409362793,0.516,0.5232,-7.294117647058823
99.198,49.841,50.7977409362793,0.516,0.5232,-7.294117647058823
99.248,50.037,50.7977409362793,0.516,0.5232,7.2
99.298,49.915,50.7977409362793,0.516,0.5232,7.2
99.348,49.988,49.7049560546875,0.516,0.5232,7.341176470588235
99.398,50.379,49.7049560546875,0.516,0.5232,7.3882352941176475
99.448,50.452,49.7049560546875,0.516,0.5232,7.3882352941176475
99.498,50.965,49.7049560546875,0.516,0.5232,-7.294117647058823
99.548,50.989,49.7049560546875,0.5162,0.5232,-7.294117647058823
99.598,50.842,49.7049560546875,0.5163,0.5232,-7.529411764705882
99.648,50.916,49.7049560546875,0.5165,0.5232,-7.529411764705882
99.698,50.232,49.7049560546875,0.5165,0.5232,-7.529411764705882
99.748,50.232,49.7049560546875,0.5166,0.5232,-7.529411764705882
99.798,49.841,49.7049560546875,0.5167,0.5232,-7.529411764705882
99.848,49.621,49.7049560546875,0.5167,0.5232,-7.247058823529412
99.898,49.035,49.7049560546875,0.5167,0.5232,-7.105882352941176
99.948,49.451,49.7049560546875,0.5168,0.5232,-7.105882352941176
99.998,49.231,49.7049560546875,0.5168,0.5232,7.294117647058823
100.048,48.816,49.7049560546875,0.5168,0.5232,7.294117647058823
100.1,49.304,49.7049560546875,0.5168,0.5232,7.247058823529412
100.149,49.426,49.7049560546875,0.5168,0.5232,7.247058823529412
100.199,49.792,49.7049560546875,0.517,0.5232,7.2
100.249,49.915,49.7049560546875,0.517,0.5232,7.2
100.299,49.939,49.7049560546875,0.517,0.5232,-7.105882352941176
100.349,50.232,50.41483688354492,0.517,0.5232,-7.152941176470589
100.399,49.841,50.41483688354492,0.5171,0.5232,-7.152941176470589
100.449,49.841,50.41483688354492,0.5172,0.5232,7.105882352941176
100.499,49.792,50.41483688354492,0.5173,0.5232,7.105882352941176
100.549,50.134,50.41483688354492,0.5173,0.5232,7.294117647058823
100.599,50.403,50.41483688354492,0.5174,0.5232,7.294117647058823
100.649,50.183,50.41483688354492,0.5174,0.5232,7.152941176470589
100.699,50.842,50.41483688354492,0.5174,0.5232,7.152941176470589
100.749,50.916,50.41483688354492,0.5174,0.5232,7.152941176470589
100.799,50.842,50.41483688354492,0.5175,0.5232,7.152941176470589
100.849,51.16,50.41483688354492,0.5176,0.5232,-7.247058823529412
100.899,51.282,50.41483688354492,0.5176,0.5232,-7.247058823529412
100.949,51.258,50.41483688354492,0.5176,0.5232,-7.341176470588235
100.999,50.183,50.41483688354492,0.5177,0.5232,-7.341176470588235
101.049,50.256,50.41483688354492,0.5177,0.5232,-7.3882352941176475
101.099,50.33,50.41483688354492,0.5179,0.5232,7.152941176470589
101.149,50.134,50.41483688354492,0.518,0.5232,7.152941176470589
101.199,49.963,50.41483688354492,0.518,0.5232,7.105882352941176
101.249,50.672,50.41483688354492,0.5184,0.5232,7.105882352941176
101.299,51.087,50.41483688354492,0.5184,0.5232,7.247058823529412
101.349,51.16,49.02093505859375,0.5185,0.5232,-7.152941176470589
101.399,51.355,49.02093505859375,0.5185,0.5232,-7.152941176470589
101.449,51.111,49.02093505859375,0.5186,0.5232,-7.858823529411764
101.499,50.818,49.02093505859375,0.5186,0.5232,-7.858823529411764
101.549,51.258,49.02093505859375,0.5186,0.5232,-7.858823529411764
101.599,50.061,49.02093505859375,0.5187,0.5232,-7.7176470588235295
101.649,49.402,49.02093505859375,0.5189,0.5232,-7.7176470588235295
101.699,49.792,49.02093505859375,0.519,0.5232,-7.435294117647059
101.749,49.548,49.02093505859375,0.5192,0.5232,-7.435294117647059
101.799,49.328,49.02093505859375,0.5193,0.5232,-7.341176470588235
101.849,49.06,49.02093505859375,0.5193,0.5232,-7.247058823529412
101.899,48.962,49.02093505859375,0.5194,0.5232,-7.247058823529412
101.949,48.742,49.02093505859375,0.5196,0.5232,0.0
101.999,48.718,49.02093505859375,0.5201,0.5232,0.0
102.049,48.84,49.02093505859375,0.5203,0.5232,7.152941176470589
102.101,48.742,49.02093505859375,0.5204,0.5232,7.152941176470589
102.15,49.328,49.02093505859375,0.5205,0.5232,7.152941176470589
102.2,49.011,49.02093505859375,0.5208,0.5232,7.152941176470589
102.25,49.524,49.02093505859375,0.521,0.5232,7.152941176470589
102.3,49.597,49.02093505859375,0.5218,0.5232,0.0
102.35,49.621,49.154457092285156,0.5219,0.5232,0.0
102.4,49.621,49.154457092285156,0.522,0.5232,-7.294117647058823
102.45,49.475,49.154457092285156,0.5222,0.5232,-7.294117647058823
102.5,48.889,49.154457092285156,0.5226,0.5232,-7.247058823529412
102.55,49.084,49.154457092285156,0.5226,0.5232,-7.247058823529412
102.6,49.011,49.154457092285156,0.5231,0.5232,7.152941176470589
102.65,48.962,49.154457092285156,0.5236,0.5232,7.152941176470589
102.7,48.962,49.154457092285156,0.5243,0.5232,7.105882352941176
102.75,49.084,49.154457092285156,0.5244,0.5232,7.105882352941176
102.8,49.792,49.154457092285156,0.5247,0.5232,7.152941176470589
102.85,49.499,49.154457092285156,0.5248,0.5232,7.105882352941176
102.9,49.939,49.154457092285156,0.5257,0.5232,7.105882352941176
102.95,50.256,49.154457092285156,0.5257,0.5232,-7.2
103.0,50.256,49.154457092285156,0.5261,0.5232,-7.2
103.05,50.134,49.154457092285156,0.5267,0.5232,-7.482352941176471
103.1,49.792,49.154457092285156,0.5272,0.5232,-7.482352941176471
103.15,49.353,49.154457092285156,0.5274,0.5232,-7.482352941176471
103.2,49.353,49.154457092285156,0.5279,0.5232,-7.294117647058823
103.25,49.109,49.154457092285156,0.528,0.5232,-7.294117647058823
103.3,48.913,49.154457092285156,0.5284,0.5232,-7.152941176470589
103.35,47.35,49.75552749633789,0.5289,0.5232,-7.152941176470589
103.4,48.645,49.75552749633789,0.529,0.5232,7.152941176470589
103.45,48.4,49.75552749633789,0.5293,0.5232,7.152941176470589
103.5,48.596,49.75552749633789,0.5293,0.5232,7.482352941176471
103.55,49.255,49.75552749633789,0.5293,0.5232,7.482352941176471
103.6,49.328,49.75552749633789,0.5294,0.5232,7.482352941176471
103.65,49.158,49.75552749633789,0.5296,0.5232,7.482352941176471
103.7,49.841,49.75552749633789,0.5298,0.5232,7.2
103.75,49.988,49.75552749633789,0.5298,0.5232,7.2
103.8,50.159,49.75552749633789,0.5299,0.5232,-7.105882352941176
103.85,50.598,49.75552749633789,0.53,0.5232,-7.152941176470589
103.9,50.085,49.75552749633789,0.53,0.5232,-7.152941176470589
103.95,49.573,49.75552749633789,0.53,0.5232,-7.3882352941176475
104.0,49.035,49.75552749633789,0.53,0.5232,-7.3882352941176475
104.05,49.304,49.75552749633789,0.53,0.5232,7.105882352941176
104.102,49.328,49.75552749633789,0.53,0.5232,7.105882352941176
104.151,49.548,49.75552749633789,0.53,0.5232,7.247058823529412
104.201,49.451,49.75552749633789,0.5299,0.5232,7.247058823529412
104.251,49.963,49.75552749633789,0.5299,0.5232,7.152941176470589
104.301,50.379,49.75552749633789,0.5298,0.5232,7.152941176470589
104.351,50.476,50.902748107910156,0.5297,0.5232,-7.152941176470589
104.401,50.452,50.902748107910156,0.5296,0.5232,-7.152941176470589
104.451,50.305,50.902748107910156,0.5296,0.5232,7.2
104.501,50.134,50.902748107910156,0.5296,0.5232,7.2
104.551,50.281,50.902748107910156,0.5294,0.5232,7.294117647058823
104.601,50.867,50.902748107910156,0.5294,0.5232,7.341176470588235
104.651,50.818,50.902748107910156,0.5294,0.5232,7.341176470588235
104.701,51.062,50.902748107910156,0.5294,0.5232,0.0
104.751,51.038,50.902748107910156,0.5294,0.5232,0.0
104.801,51.087,50.902748107910156,0.5294,0.5232,-7.105882352941176
104.851,51.013,50.902748107910156,0.5295,0.5232,-7.105882352941176
104.901,50.72,50.902748107910156,0.5295,0.5232,-7.105882352941176
104.951,50.72,50.902748107910156,0.5295,0.5232,-7.105882352941176
105.001,49.915,50.902748107910156,0.5296,0.5232,-7.105882352941176
105.051,50.012,50.902748107910156,0.5297,0.5232,7.105882352941176
105.101,50.403,50.902748107910156,0.53,0.5232,7.435294117647059
105.151,50.672,50.902748107910156,0.53,0.5232,7.435294117647059
105.201,51.16,50.902748107910156,0.53,0.5232,7.247058823529412
105.251,50.794,50.902748107910156,0.53,0.5232,7.247058823529412
105.301,51.233,50.902748107910156,0.5302,0.5232,-7.152941176470589
105.351,51.258,49.402748107910156,0.5302,0.5232,7.105882352941176
105.401,51.16,49.402748107910156,0.5303,0.5232,7.105882352941176
105.451,51.453,49.402748107910156,0.5304,0.5232,-7.764705882352941
105.501,51.331,49.402748107910156,0.5307,0.5232,-7.764705882352941
105.551,51.087,49.402748107910156,0.531,0.5232,-7.811764705882353
105.601,50.867,49.402748107910156,0.531,0.5232,-7.764705882352941
105.651,50.598,49.402748107910156,0.5312,0.5232,-7.764705882352941
105.701,50.33,49.402748107910156,0.5316,0.5232,-7.623529411764705
105.751,50.061,49.402748107910156,0.5318,0.5232,-7.623529411764705
105.801,49.475,49.402748107910156,0.5319,0.5232,-7.3882352941176475
105.851,49.597,49.402748107910156,0.5321,0.5232,-7.294117647058823
105.901,49.426,49.402748107910156,0.5323,0.5232,-7.294117647058823
105.951,49.255,49.402748107910156,0.5327,0.5232,-7.152941176470589
106.001,48.816,49.402748107910156,0.533,0.5232,-7.152941176470589
106.051,49.109,49.402748107910156,0.5332,0.5232,7.105882352941176
106.103,48.84,49.402748107910156,0.5333,0.5232,7.294117647058823
106.152,49.035,49.402748107910156,0.5335,0.5232,7.294117647058823
106.202,49.353,49.402748107910156,0.534,0.5232,7.294117647058823
106.252,49.915,49.402748107910156,0.5344,0.5232,7.294117647058823
106.302,49.89,49.402748107910156,0.5347,0.5232,0.0
106.352,50.061,50.104759216308594,0.5352,0.5232,-7.247058823529412
106.402,49.939,50.104759216308594,0.5354,0.5232,-7.247058823529412
106.452,49.817,50.104759216308594,0.5358,0.5232,0.0
106.502,49.719,50.104759216308594,0.5358,0.5232,0.0
106.552,49.817,50.104759216308594,0.5364,0.5232,7.152941176470589
106.602,50.012,50.104759216308594,0.5372,0.5232,7.2
106.652,49.744,50.104759216308594,0.5375,0.5232,7.2
106.702,50.11,50.104759216308594,0.5376,0.5232,7.105882352941176
106.752,50.696,50.104759216308594,0.5378,0.5232,7.105882352941176
106.802,50.379,50.104759216308594,0.5383,0.5232,0.0
106.852,50.598,50.104759216308594,0.5385,0.5232,-7.294117647058823
106.902,50.696,50.104759216308594,0.5385,0.5232,-7.294117647058823
106.952,50.208,50.104759216308594,0.5393,0.5232,-7.247058823529412
107.002,49.621,50.104759216308594,0.5394,0.5232,-7.247058823529412
107.052,49.817,50.104759216308594,0.5395,0.5232,-7.105882352941176
107.102,49.695,50.104759216308594,0.5402,0.5232,7.247058823529412
107.152,49.426,50.104759216308594,0.5404,0.5232,7.247058823529412
107.202,49.89,50.104759216308594,0.5404,0.5232,7.2
107.252,49.744,50.104759216308594,0.5407,0.5232,7.2
107.302,50.549,50.104759216308594,0.5413,0.5232,7.152941176470589
107.352,50.208,51.604759216308594,0.5413,0.5232,7.2
107.402,50.549,51.604759216308594,0.5413,0.5232,7.2
107.452,50.94,51.604759216308594,0.5416,0.5232,7.576470588235294
107.502,51.136,51.604759216308594,0.5417,0.5232,7.576470588235294
107.552,51.429,51.604759216308594,0.5417,0.5232,7.294117647058823
107.602,51.306,51.604759216308594,0.5418,0.5232,7.247058823529412
107.652,51.819,51.604759216308594,0.5418,0.5232,7.247058823529412
107.702,51.575,51.604759216308594,0.5418,0.5232,7.152941176470589
107.752,52.186,51.604759216308594,0.5419,0.5232,7.152941176470589
107.802,52.186,51.604759216308594,0.5421,0.5232,0.0
107.852,52.259,51.604759216308594,0.5421,0.5232,-7.294117647058823
107.902,52.088,51.604759216308594,0.5421,0.5232,-7.294117647058823
107.952,52.332,51.604759216308594,0.5422,0.5232,-7.294117647058823
108.002,51.893,51.604759216308594,0.5422,0.5232,-7.294117647058823
108.052,51.99,51.604759216308594,0.5422,0.5232,-7.341176470588235
108.104,51.429,51.604759216308594,0.5422,0.5232,-7.152941176470589
108.153,51.306,51.604759216308594,0.5422,0.5232,-7.152941176470589
108.203,50.842,51.604759216308594,0.5422,0.5232,7.105882352941176
108.253,50.989,51.604759216308594,0.5423,0.5232,7.105882352941176
108.303,51.306,51.604759216308594,0.5423,0.5232,7.341176470588235
108.353,51.429,50.935394287109375,0.5423,0.5232,7.341176470588235
108.403,51.795,50.935394287109375,0.5423,0.5232,7.152941176470589
108.453,51.746,50.935394287109375,0.5423,0.5232,7.152941176470589
108.503,52.21,50.935394287109375,0.5423,0.5232,-7.3882352941176475
108.553,51.746,50.935394287109375,0.5423,0.5232,-7.3882352941176475
108.603,52.137,50.935394287109375,0.5424,0.5232,-7.529411764705882
108.653,51.941,50.935394287109375,0.5425,0.5232,-7.529411764705882
108.703,51.233,50.935394287109375,0.5427,0.5232,-7.529411764705882
108.753,51.136,50.935394287109375,0.543,0.5232,-7.529411764705882
108.803,51.16,50.935394287109375,0.5432,0.5232,-7.152941176470589
108.853,50.916,50.935394287109375,0.5433,0.5232,-7.152941176470589
108.903,50.769,50.935394287109375,0.5435,0.5232,-7.152941176470589
108.953,50.647,50.935394287109375,0.5436,0.5232,-7.152941176470589
109.003,50.379,50.935394287109375,0.5439,0.5232,7.105882352941176
109.053,50.33,50.935394287109375,0.5444,0.5232,7.105882352941176
109.103,50.379,50.935394287109375,0.5445,0.5232,7.247058823529412
109.153,50.745,50.935394287109375,0.5453,0.5232,7.247058823529412
109.203,51.306,50.935394287109375,0.5457,0.5232,7.247058823529412
109.253,51.209,50.935394287109375,0.5467,0.5232,7.247058823529412
109.303,51.355,50.935394287109375,0.5473,0.5232,-7.2
109.353,51.673,51.40128707885742,0.5473,0.5232,-7.152941176470589
109.403,51.526,51.40128707885742,0.5483,0.5232,-7.152941176470589
109.453,51.306,51.40128707885742,0.549,0.5232,-7.152941176470589
109.503,50.965,51.40128707885742,0.5497,0.5232,-7.152941176470589
109.553,50.916,51.40128707885742,0.5509,0.5232,7.105882352941176
109.603,50.989,51.40128707885742,0.5514,0.5232,7.105882352941176
109.653,51.087,51.40128707885742,0.5518,0.5232,7.247058823529412
109.703,50.72,51.40128707885742,0.5531,0.5232,7.247058823529412
109.753,51.209,51.40128707885742,0.5539,0.5232,7.2
109.803,51.966,51.40128707885742,0.5542,0.5232,7.294117647058823
109.853,51.819,51.40128707885742,0.5552,0.5232,7.294117647058823
109.903,52.137,51.40128707885742,0.5564,0.5232,-7.294117647058823
109.953,51.795,51.40128707885742,0.5569,0.5232,-7.294117647058823
110.003,51.941,51.40128707885742,0.5575,0.5232,-7.341176470588235
110.053,51.819,51.40128707885742,0.5587,0.5232,-7.2
110.105,51.355,51.40128707885742,0.5589,0.5232,-7.2
110.154,51.502,51.40128707885742,0.5595,0.5232,-7.2
110.204,51.184,51.40128707885742,0.5611,0.5232,-7.2
110.254,51.087,51.40128707885742,0.5615,0.5232,-7.105882352941176
110.304,51.013,51.40128707885742,0.5624,0.5232,7.152941176470589
110.354,50.818,49.90128707885742,0.5633,0.5232,7.152941176470589
110.404,51.209,49.90128707885742,0.5636,0.5232,7.2
110.454,51.209,49.90128707885742,0.564,0.5232,7.2
110.504,51.502,49.90128707885742,0.5647,0.5232,-7.529411764705882
110.554,51.526,49.90128707885742,0.565,0.5232,-7.529411764705882
110.604,51.38,49.90128707885742,0.5657,0.5232,-7.529411764705882
110.654,51.404,49.90128707885742,0.5664,0.5232,-7.670588235294118
110.704,51.087,49.90128707885742,0.5669,0.5232,-7.670588235294118
110.754,50.672,49.90128707885742,0.567,0.5232,-7.623529411764705
110.804,50.012,49.90128707885742,0.5675,0.5232,-7.482352941176471
110.854,50.281,49.90128707885742,0.568,0.5232,-7.482352941176471
110.904,50.012,49.90128707885742,0.5686,0.5232,-7.105882352941176
110.954,49.67,49.90128707885742,0.5687,0.5232,-7.105882352941176
111.004,49.792,49.90128707885742,0.5696,0.5232,-7.105882352941176
111.054,49.768,49.90128707885742,0.5699,0.5232,7.152941176470589
111.104,49.89,49.90128707885742,0.57,0.5232,7.152941176470589
111.154,49.451,49.90128707885742,0.5704,0.5232,7.105882352941176
111.204,49.719,49.90128707885742,0.5707,0.5232,7.105882352941176
111.254,49.866,49.90128707885742,0.5714,0.5232,7.247058823529412
111.304,50.769,49.90128707885742,0.5717,0.5232,7.105882352941176
111.354,50.867,49.0730094909668,0.5726,0.5232,7.105882352941176
111.404,50.672,49.0730094909668,0.5728,0.5232,-7.3882352941176475
111.454,50.72,49.0730094909668,0.5729,0.5232,-7.3882352941176475
111.504,50.867,49.0730094909668,0.5736,0.5232,-7.670588235294118
111.554,50.818,49.0730094909668,0.5741,0.5232,-7.670588235294118
111.604,50.256,49.0730094909668,0.5745,0.5232,-7.670588235294118
111.654,50.11,49.0730094909668,0.5754,0.5232,-7.7176470588235295
111.704,49.866,49.0730094909668,0.5759,0.5232,-7.7176470588235295
111.754,49.621,49.0730094909668,0.5762,0.5232,-7.435294117647059
111.804,49.158,49.0730094909668,0.577,0.5232,-7.341176470588235
111.854,49.328,49.0730094909668,0.5775,0.5232,-7.341176470588235
111.904,49.182,49.0730094909668,0.5778,0.5232,-7.105882352941176
111.954,49.011,49.0730094909668,0.5787,0.5232,-7.105882352941176
112.004,48.913,49.0730094909668,0.5793,0.5232,-7.105882352941176
112.054,48.718,49.0730094909668,0.5804,0.5232,0.0
112.106,48.718,49.0730094909668,0.5813,0.5232,7.2
112.155,48.376,49.0730094909668,0.5817,0.5232,7.2
112.205,48.742,49.0730094909668,0.5827,0.5232,7.2
112.255,48.718,49.0730094909668,0.5831,0.5232,7.341176470588235
112.305,48.962,49.0730094909668,0.5836,0.5232,7.2
112.355,49.548,49.493412017822266,0.5852,0.5232,7.2
112.405,49.939,49.493412017822266,0.5856,0.5232,7.105882352941176
112.455,49.866,49.493412017822266,0.5862,0.5232,7.105882352941176
112.505,50.159,49.493412017822266,0.5878,0.5232,-7.247058823529412
112.555,50.549,49.493412017822266,0.588,0.5232,-7.2
112.605,50.11,49.493412017822266,0.5881,0.5232,-7.2
112.655,49.524,49.493412017822266,0.5892,0.5232,-7.435294117647059
112.705,49.133,49.493412017822266,0.5896,0.5232,-7.435294117647059
112.755,49.377,49.493412017822266,0.5902,0.5232,0.0
112.805,49.499,49.493412017822266,0.5914,0.5232,7.2
112.855,49.231,49.493412017822266,0.5916,0.5232,7.2
112.905,49.499,49.493412017822266,0.5916,0.5232,0.0
112.955,49.499,49.493412017822266,0.5928,0.5232,0.0
113.005,49.499,49.493412017822266,0.5929,0.5232,0.0
113.055,49.524,49.493412017822266,0.5929,0.5232,0.0
113.105,49.499,49.493412017822266,0.5938,0.5232,0.0
113.155,49.499,49.493412017822266,0.5943,0.5232,0.0
113.205,49.524,49.493412017822266,0.5944,0.5232,0.0
113.255,49.499,49.493412017822266,0.5945,0.5232,0.0
113.305,49.548,49.493412017822266,0.5945,0.5232,0.0
113.355,49.524,48.61580276489258,0.5945,0.5232,0.0
113.405,49.524,48.61580276489258,0.5945,0.5232,0.0
113.455,49.524,48.61580276489258,0.5945,0.5232,0.0
113.505,49.573,48.61580276489258,0.5945,0.5232,-7.3882352941176475
113.555,49.89,48.61580276489258,0.5945,0.5232,-7.3882352941176475
113.605,49.402,48.61580276489258,0.5945,0.5232,-7.3882352941176475
113.655,49.231,48.61580276489258,0.5945,0.5232,-7.529411764705882
113.705,49.035,48.61580276489258,0.5941,0.5232,-7.529411764705882
113.755,48.987,48.61580276489258,0.5941,0.5232,-7.294117647058823
113.805,48.523,48.61580276489258,0.594,0.5232,-7.2
113.855,48.327,48.61580276489258,0.594,0.5232,-7.2
113.905,48.4,48.61580276489258,0.594,0.5232,7.105882352941176
113.955,48.498,48.61580276489258,0.5938,0.5232,7.105882352941176
114.005,48.376,48.61580276489258,0.5937,0.5232,7.152941176470589
114.055,48.864,48.61580276489258,0.5934,0.5232,7.105882352941176
114.107,49.182,48.61580276489258,0.5933,0.5232,7.105882352941176
114.156,49.426,48.61580276489258,0.5931,0.5232,-7.152941176470589
114.206,49.158,48.61580276489258,0.5931,0.5232,-7.294117647058823
114.256,49.353,48.61580276489258,0.5931,0.5232,-7.294117647058823
114.306,49.011,48.61580276489258,0.5929,0.5232,-7.247058823529412
114.356,48.767,48.48021697998047,0.5928,0.5232,-7.247058823529412
114.406,48.254,48.48021697998047,0.5927,0.5232,-7.2
114.456,47.717,48.48021697998047,0.5927,0.5232,-7.2
114.506,48.376,48.48021697998047,0.5926,0.5232,7.152941176470589
114.556,48.278,48.48021697998047,0.5926,0.5232,7.152941176470589
114.606,48.327,48.48021697998047,0.5926,0.5232,7.105882352941176
114.656,48.425,48.48021697998047,0.5926,0.5232,7.105882352941176
114.706,49.035,48.48021697998047,0.5927,0.5232,7.105882352941176
114.756,49.182,48.48021697998047,0.5927,0.5232,0.0
114.806,49.231,48.48021697998047,0.5927,0.5232,0.0
114.856,49.426,48.48021697998047,0.5931,0.5232,-7.341176470588235
114.906,49.451,48.48021697998047,0.5931,0.5232,-7.341176470588235
114.956,49.451,48.48021697998047,0.5931,0.5232,-7.435294117647059
115.006,48.816,48.48021697998047,0.5934,0.5232,-7.435294117647059
115.056,48.278,48.48021697998047,0.5934,0.5232,-7.435294117647059
115.106,48.034,48.48021697998047,0.5934,0.5232,-7.435294117647059
115.156,48.303,48.48021697998047,0.5934,0.5232,7.152941176470589
115.206,48.132,48.48021697998047,0.5935,0.5232,7.152941176470589
115.256,48.034,48.48021697998047,0.5935,0.5232,7.105882352941176
115.306,48.62,48.48021697998047,0.5935,0.5232,7.2
115.356,48.864,49.9802131652832,0.5935,0.5232,7.2
115.406,48.816,49.9802131652832,0.5935,0.5232,-7.105882352941176
115.456,49.328,49.9802131652832,0.5934,0.5232,-7.105882352941176
115.506,49.206,49.9802131652832,0.5931,0.5232,7.482352941176471
115.556,48.791,49.9802131652832,0.5927,0.5232,7.482352941176471
115.606,49.109,49.9802131652832,0.5927,0.5232,7.341176470588235
115.656,49.109,49.9802131652832,0.5927,0.5232,7.341176470588235
115.706,49.719,49.9802131652832,0.5926,0.5232,7.3882352941176475
115.756,49.963,49.9802131652832,0.5926,0.5232,7.3882352941176475
115.806,50.354,49.9802131652832,0.5921,0.5232,7.3882352941176475
115.856,50.33,49.9802131652832,0.5916,0.5232,0.0
115.906,50.354,49.9802131652832,0.5912,0.5232,0.0
115.956,50.061,49.9802131652832,0.591,0.5232,-7.2
116.006,50.33,49.9802131652832,0.5907,0.5232,-7.2
116.056,50.623,49.9802131652832,0.5902,0.5232,-7.2
116.108,50.208,49.9802131652832,0.5896,0.5232,-7.2
116.157,49.841,49.9802131652832,0.5892,0.5232,-7.2
116.207,49.255,49.9802131652832,0.5884,0.5232,-7.152941176470589
116.257,49.451,49.9802131652832,0.5876,0.5232,7.105882352941176
116.307,49.792,49.9802131652832,0.5866,0.5232,7.105882352941176
116.357,49.109,48.48021697998047,0.5864,0.5232,7.247058823529412
116.407,49.89,48.48021697998047,0.5854,0.5232,7.247058823529412
116.457,50.11,48.48021697998047,0.5849,0.5232,-7.294117647058823
116.507,50.183,48.48021697998047,0.5843,0.5232,-7.576470588235294
116.557,50.012,48.48021697998047,0.583,0.5232,-7.576470588235294
116.607,49.67,48.48021697998047,0.5821,0.5232,-7.7176470588235295
116.657,49.475,48.48021697998047,0.5817,0.5232,-7.7176470588235295
116.707,49.231,48.48021697998047,0.581,0.5232,-7.529411764705882
116.757,49.06,48.48021697998047,0.5806,0.5232,-7.435294117647059
116.807,48.816,48.48021697998047,0.5792,0.5232,-7.435294117647059
116.857,48.4,48.48021697998047,0.5789,0.5232,-7.294117647058823
116.907,48.327,48.48021697998047,0.5782,0.5232,-7.294117647058823
116.957,48.449,48.48021697998047,0.5772,0.5232,7.105882352941176
117.007,48.352,48.48021697998047,0.5764,0.5232,7.105882352941176
117.057,48.4,48.48021697998047,0.5757,0.5232,7.105882352941176
117.107,48.523,48.48021697998047,0.5751,0.5232,7.105882352941176
117.157,49.158,48.48021697998047,0.5744,0.5232,7.105882352941176
117.207,49.28,48.48021697998047,0.5742,0.5232,0.0
117.257,49.451,48.48021697998047,0.5731,0.5232,-7.294117647058823
117.307,49.524,48.48021697998047,0.5729,0.5232,-7.294117647058823
117.357,49.475,49.92958068847656,0.5727,0.5232,-7.435294117647059
117.407,48.938,49.92958068847656,0.5717,0.5232,-7.435294117647059
117.457,48.694,49.92958068847656,0.5716,0.5232,7.247058823529412
117.507,48.962,49.92958068847656,0.5714,0.5232,7.435294117647059
117.557,48.962,49.92958068847656,0.5708,0.5232,7.435294117647059
117.607,48.913,49.92958068847656,0.5706,0.5232,7.435294117647059
117.657,49.28,49.92958068847656,0.5702,0.5232,7.435294117647059
117.707,49.353,49.92958068847656,0.5698,0.5232,7.435294117647059
117.757,49.744,49.92958068847656,0.5698,0.5232,7.294117647058823
117.807,50.012,49.92958068847656,0.5697,0.5232,7.294117647058823
117.857,50.232,49.92958068847656,0.5696,0.5232,7.105882352941176
117.907,50.159,49.92958068847656,0.5694,0.5232,7.105882352941176
117.957,50.623,49.92958068847656,0.5688,0.5232,-7.152941176470589
118.007,50.672,49.92958068847656,0.5688,0.5232,-7.152941176470589
118.057,50.354,49.92958068847656,0.5687,0.5232,-7.152941176470589
118.109,50.11,49.92958068847656,0.5686,0.5232,-7.341176470588235
118.158,49.89,49.92958068847656,0.568,0.5232,-7.341176470588235
118.208,49.963,49.92958068847656,0.5678,0.5232,-7.105882352941176
118.258,49.768,49.92958068847656,0.5675,0.5232,-7.105882352941176
118.308,49.402,49.92958068847656,0.5675,0.5232,0.0
118.358,49.426,50.17842483520508,0.5669,0.5232,0.0
118.408,49.158,50.17842483520508,0.5657,0.5232,7.247058823529412
118.458,49.158,50.17842483520508,0.5657,0.5232,7.247058823529412
118.508,49.524,50.17842483520508,0.5654,0.5232,7.435294117647059
118.558,49.548,50.17842483520508,0.5649,0.5232,7.435294117647059
118.608,50.305,50.17842483520508,0.5647,0.5232,7.294117647058823
118.658,50.037,50.17842483520508,0.5644,0.5232,7.294117647058823
118.708,50.623,50.17842483520508,0.563,0.5232,-7.105882352941176
118.758,50.452,50.17842483520508,0.5627,0.5232,7.105882352941176
118.808,50.794,50.17842483520508,0.5624,0.5232,7.105882352941176
118.858,50.598,50.17842483520508,0.5614,0.5232,-7.152941176470589
118.908,51.111,50.17842483520508,0.5603,0.5232,-7.152941176470589
118.958,50.574,50.17842483520508,0.5602,0.5232,-7.2
119.008,50.232,50.17842483520508,0.5592,0.5232,-7.3882352941176475
119.058,50.696,50.17842483520508,0.5584,0.5232,-7.3882352941176475
119.108,49.915,50.17842483520508,0.5576,0.5232,0.0
119.158,49.915,50.17842483520508,0.5559,0.5232,0.0
119.208,49.963,50.17842483520508,0.5553,0.5232,7.152941176470589
119.258,49.915,50.17842483520508,0.555,0.5232,7.152941176470589
119.308,50.159,50.17842483520508,0.554,0.5232,7.152941176470589
119.358,50.281,50.30088424682617,0.5537,0.5232,7.152941176470589
119.408,50.672,50.30088424682617,0.5524,0.5232,0.0
119.458,50.672,50.30088424682617,0.5514,0.5232,0.0
119.508,50.769,50.30088424682617,0.551,0.5232,-7.2
119.558,50.965,50.30088424682617,0.5498,0.5232,-7.2
119.608,50.525,50.30088424682617,0.5491,0.5232,-7.247058823529412
119.658,51.258,50.30088424682617,0.5487,0.5232,-7.247058823529412
119.708,49.939,50.30088424682617,0.5479,0.5232,-7.152941176470589
119.758,50.037,50.30088424682617,0.5473,0.5232,-7.435294117647059
119.808,49.841,50.30088424682617,0.5469,0.5232,-7.435294117647059
119.858,49.524,50.30088424682617,0.5455,0.5232,7.152941176470589
119.908,49.621,50.30088424682617,0.5451,0.5232,7.152941176470589
119.958,49.621,50.30088424682617,0.5449,0.5232,7.341176470588235
120.008,50.403,50.30088424682617,0.544,0.5232,7.294117647058823
120.058,50.061,50.30088424682617,0.5436,0.5232,7.294117647058823
120.11,50.427,50.30088424682617,0.5433,0.5232,-7.105882352941176
120.159,50.061,50.30088424682617,0.5427,0.5232,-7.105882352941176
120.209,50.208,50.30088424682617,0.5424,0.5232,-7.105882352941176
120.259,50.134,50.30088424682617,0.5422,0.5232,-7.105882352941176
120.309,49.988,50.30088424682617,0.5422,0.5232,7.105882352941176
120.359,50.452,51.80088806152344,0.542,0.5232,7.105882352941176
120.409,50.159,51.80088806152344,0.5419,0.5232,7.2
120.459,50.134,51.80088806152344,0.5417,0.5232,7.576470588235294
120.509,50.427,51.80088806152344,0.5417,0.5232,7.576470588235294
120.559,51.136,51.80088806152344,0.5415,0.5232,7.670588235294118
120.609,50.965,51.80088806152344,0.5415,0.5232,7.670588235294118
120.659,51.526,51.80088806152344,0.5415,0.5232,7.294117647058823
120.709,51.551,51.80088806152344,0.5415,0.5232,7.3882352941176475
120.759,51.38,51.80088806152344,0.5414,0.5232,7.3882352941176475
120.809,52.015,51.80088806152344,0.5414,0.5232,7.152941176470589
120.859,52.21,51.80088806152344,0.5414,0.5232,7.152941176470589
120.909,52.21,51.80088806152344,0.5413,0.5232,-7.152941176470589
120.959,52.625,51.80088806152344,0.5413,0.5232,-7.2
121.009,51.893,51.80088806152344,0.5413,0.5232,-7.2
121.059,51.868,51.80088806152344,0.5413,0.5232,-7.3882352941176475
121.109,52.015,51.80088806152344,0.5412,0.5232,-7.3882352941176475
121.159,51.502,51.80088806152344,0.5411,0.5232,-7.105882352941176
121.209,51.184,51.80088806152344,0.541,0.5232,-7.152941176470589
121.259,51.258,51.80088806152344,0.5408,0.5232,-7.152941176470589
121.309,50.916,51.80088806152344,0.5406,0.5232,7.294117647058823
121.359,51.16,51.12553405761719,0.5406,0.5232,7.294117647058823
121.409,50.965,51.12553405761719,0.5406,0.5232,7.3882352941176475
121.459,51.429,51.12553405761719,0.5401,0.5232,0.0
121.509,51.453,51.12553405761719,0.5401,0.5232,0.0
121.559,51.282,51.12553405761719,0.5401,0.5232,-7.152941176470589
121.609,51.502,51.12553405761719,0.5397,0.5232,-7.152941176470589
121.659,51.648,51.12553405761719,0.5392,0.5232,-7.105882352941176
121.709,51.16,51.12553405761719,0.5385,0.5232,-7.105882352941176
121.759,50.989,51.12553405761719,0.5382,0.5232,-7.247058823529412
121.809,50.867,51.12553405761719,0.5382,0.5232,-7.247058823529412
121.859,50.745,51.12553405761719,0.538,0.5232,7.105882352941176
121.909,50.745,51.12553405761719,0.5377,0.5232,7.105882352941176
121.959,50.525,51.12553405761719,0.5373,0.5232,7.2
122.009,50.965,51.12553405761719,0.5371,0.5232,7.2
122.059,51.087,51.12553405761719,0.5365,0.5232,7.294117647058823
122.111,51.477,51.12553405761719,0.536,0.5232,0.0
122.16,51.6,51.12553405761719,0.5359,0.5232,0.0
122.21,51.746,51.12553405761719,0.5357,0.5232,-7.2
122.26,51.551,51.12553405761719,0.5354,0.5232,-7.2
122.31,51.087,51.12553405761719,0.5354,0.5232,-7.294117647058823
122.36,51.282,49.62553405761719,0.5352,0.5232,-7.294117647058823
122.41,51.038,49.62553405761719,0.5348,0.5232,0.0
122.46,51.111,49.62553405761719,0.5347,0.5232,-7.670588235294118
122.51,50.965,49.62553405761719,0.5347,0.5232,-7.670588235294118
122.56,50.769,49.62553405761719,0.5347,0.5232,-7.623529411764705
122.61,50.403,49.62553405761719,0.5347,0.5232,-7.623529411764705
122.66,50.305,49.62553405761719,0.5347,0.5232,-7.482352941176471
122.71,49.695,49.62553405761719,0.5347,0.5232,-7.341176470588235
122.76,49.915,49.62553405761719,0.5348,0.5232,-7.341176470588235
122.81,49.744,49.62553405761719,0.5351,0.5232,-7.105882352941176
122.86,49.573,49.62553405761719,0.5352,0.5232,-7.105882352941176
122.91,49.426,49.62553405761719,0.5357,0.5232,-7.105882352941176
122.96,49.353,49.62553405761719,0.5357,0.5232,0.0
123.01,49.377,49.62553405761719,0.5364,0.5232,0.0
123.06,49.353,49.62553405761719,0.5365,0.5232,7.152941176470589
123.11,49.377,49.62553405761719,0.5367,0.5232,7.152941176470589
123.16,49.06,49.62553405761719,0.5379,0.5232,7.152941176470589
123.21,49.768,49.62553405761719,0.5379,0.5232,7.152941176470589
123.26,49.817,49.62553405761719,0.5388,0.5232,7.152941176470589
123.31,50.305,49.62553405761719,0.5398,0.5232,-7.105882352941176
123.36,50.11,49.991092681884766,0.5401,0.5232,-7.105882352941176
123.41,50.037,49.991092681884766,0.541,0.5232,-7.294117647058823
123.46,49.841,49.991092681884766,0.5411,0.5232,-7.105882352941176
123.51,49.377,49.991092681884766,0.5416,0.5232,-7.105882352941176
123.56,49.499,49.991092681884766,0.5422,0.5232,7.105882352941176
123.61,49.499,49.991092681884766,0.543,0.5232,7.105882352941176
123.66,49.304,49.991092681884766,0.5443,0.5232,7.247058823529412
123.71,49.89,49.991092681884766,0.5445,0.5232,7.247058823529412
123.76,50.012,49.991092681884766,0.5446,0.5232,7.247058823529412
123.81,50.061,49.991092681884766,0.5454,0.5232,7.105882352941176
123.86,50.794,49.991092681884766,0.5462,0.5232,7.105882352941176
123.91,50.72,49.991092681884766,0.5466,0.5232,-7.105882352941176
123.96,50.745,49.991092681884766,0.5469,0.5232,-7.341176470588235
124.01,50.598,49.991092681884766,0.5477,0.5232,-7.341176470588235
124.06,50.574,49.991092681884766,0.5481,0.5232,-7.341176470588235
124.112,50.012,49.991092681884766,0.5487,0.5232,-7.341176470588235
124.161,49.841,49.991092681884766,0.5487,0.5232,-7.294117647058823
124.211,49.621,49.991092681884766,0.5489,0.5232,0.0
124.261,49.573,49.991092681884766,0.5491,0.5232,0.0
124.311,49.719,49.991092681884766,0.5491,0.5232,7.2
124.361,49.719,51.25109100341797,0.5491,0.5232,7.2
124.411,50.012,51.25109100341797,0.5491,0.5232,7.152941176470589
124.461,50.208,51.25109100341797,0.5491,0.5232,7.152941176470589
124.511,50.476,51.25109100341797,0.5491,0.5232,7.529411764705882
124.561,51.136,51.25109100341797,0.5491,0.5232,7.529411764705882
124.611,50.818,51.25109100341797,0.5491,0.5232,7.341176470588235
124.661,50.965,51.25109100341797,0.5491,0.5232,7.341176470588235
124.711,51.355,51.25109100341797,0.5489,0.5232,7.2
124.761,51.526,51.25109100341797,0.5488,0.5232,7.2
124.811,51.575,51.25109100341797,0.5488,0.5232,-7.105882352941176
124.861,51.648,51.25109100341797,0.5487,0.5232,-7.105882352941176
124.911,51.526,51.25109100341797,0.5484,0.5232,-7.2
124.961,51.355,51.25109100341797,0.5482,0.5232,-7.2
125.011,50.965,51.25109100341797,0.5477,0.5232,-7.2
125.061,50.989,51.25109100341797,0.5475,0.5232,-7.105882352941176
125.111,50.549,51.25109100341797,0.5475,0.5232,-7.105882352941176
125.161,50.452,51.25109100341797,0.5474,0.5232,7.152941176470589
125.211,50.549,51.25109100341797,0.5474,0.5232,7.341176470588235
125.261,51.087,51.25109100341797,0.5473,0.5232,7.341176470588235
125.311,51.136,51.25109100341797,0.547,0.5232,7.341176470588235
125.361,51.16,50.073646545410156,0.5469,0.5232,7.341176470588235
125.411,51.624,50.073646545410156,0.5469,0.5232,7.105882352941176
125.461,51.795,50.073646545410156,0.5469,0.5232,-7.482352941176471
125.511,51.941,50.073646545410156,0.5469,0.5232,-7.482352941176471
125.561,51.6,50.073646545410156,0.5469,0.5232,-7.7176470588235295
125.611,51.038,50.073646545410156,0.5469,0.5232,-7.7176470588235295
125.661,51.331,50.073646545410156,0.5469,0.5232,-7.623529411764705
125.711,50.891,50.073646545410156,0.5469,0.5232,-7.435294117647059
125.761,50.549,50.073646545410156,0.547,0.5232,-7.435294117647059
125.811,50.037,50.073646545410156,0.5473,0.5232,-7.3882352941176475
125.861,50.305,50.073646545410156,0.5475,0.5232,-7.3882352941176475
125.911,49.915,50.073646545410156,0.548,0.5232,0.0
125.961,49.963,50.073646545410156,0.5481,0.5232,-7.152941176470589
126.011,49.841,50.073646545410156,0.5485,0.5232,-7.152941176470589
126.061,49.841,50.073646545410156,0.5488,0.5232,7.105882352941176
126.113,49.67,50.073646545410156,0.5496,0.5232,7.105882352941176
126.162,49.866,50.073646545410156,0.5498,0.5232,7.152941176470589
126.212,50.281,50.073646545410156,0.55,0.5232,7.2
126.262,50.476,50.073646545410156,0.5513,0.5232,7.2
126.312,50.672,50.073646545410156,0.5514,0.5232,-7.152941176470589
126.362,50.696,50.04092025756836,0.5523,0.5232,-7.152941176470589
126.412,50.452,50.04092025756836,0.5533,0.5232,-7.294117647058823
126.462,50.256,50.04092025756836,0.5534,0.5232,-7.294117647058823
126.512,49.817,50.04092025756836,0.5544,0.5232,-7.294117647058823
126.562,50.012,50.04092025756836,0.5551,0.5232,-7.152941176470589
126.612,49.841,50.04092025756836,0.5559,0.5232,-7.152941176470589
126.662,49.548,50.04092025756836,0.5568,0.5232,0.0
126.712,49.573,50.04092025756836,0.5576,0.5232,0.0
126.762,49.621,50.04092025756836,0.5579,0.5232,7.247058823529412
126.812,49.719,50.04092025756836,0.5582,0.5232,7.247058823529412
126.862,49.719,50.04092025756836,0.5588,0.5232,7.2
126.912,49.695,50.04092025756836,0.5599,0.5232,7.2
126.962,50.183,50.04092025756836,0.5603,0.5232,7.2
127.012,50.501,50.04092025756836,0.5604,0.5232,7.2
127.062,50.745,50.04092025756836,0.5617,0.5232,-7.105882352941176
127.112,50.696,50.04092025756836,0.5618,0.5232,-7.105882352941176
127.162,50.867,50.04092025756836,0.5619,0.5232,-7.341176470588235
127.212,50.012,50.04092025756836,0.5631,0.5232,-7.294117647058823
127.262,49.939,50.04092025756836,0.5633,0.5232,-7.294117647058823
127.312,49.915,50.04092025756836,0.5634,0.5232,0.0
127.362,49.89,50.521175384521484,0.5639,0.5232,0.0
127.412,49.817,50.521175384521484,0.5642,0.5232,7.105882352941176
127.462,49.817,50.521175384521484,0.5642,0.5232,7.294117647058823
127.512,50.305,50.521175384521484,0.5642,0.5232,7.294117647058823
127.562,50.061,50.521175384521484,0.5642,0.5232,7.341176470588235
127.612,50.574,50.521175384521484,0.5642,0.5232,7.341176470588235
127.662,50.818,50.521175384521484,0.5645,0.5232,7.247058823529412
127.712,51.038,50.521175384521484,0.5645,0.5232,0.0
127.762,51.062,50.521175384521484,0.5645,0.5232,0.0
127.812,51.087,50.521175384521484,0.5645,0.5232,-7.247058823529412
127.862,51.355,50.521175384521484,0.5645,0.5232,-7.247058823529412
127.912,51.184,50.521175384521484,0.5642,0.5232,-7.294117647058823
127.962,51.258,50.521175384521484,0.5642,0.5232,-7.294117647058823
128.012,50.696,50.521175384521484,0.5642,0.5232,-7.294117647058823
128.062,50.501,50.521175384521484,0.5641,0.5232,-7.294117647058823
128.114,50.012,50.521175384521484,0.5639,0.5232,-7.105882352941176
128.163,49.915,50.521175384521484,0.5639,0.5232,0.0
128.213,49.89,50.521175384521484,0.5638,0.5232,0.0
128.263,50.061,50.521175384521484,0.5637,0.5232,7.294117647058823
128.313,49.915,50.521175384521484,0.5637,0.5232,7.294117647058823
128.363,50.305,49.021175384521484,0.5637,0.5232,7.247058823529412
128.413,50.598,49.021175384521484,0.5637,0.5232,7.294117647058823
128.463,50.672,49.021175384521484,0.5637,0.5232,7.294117647058823
128.513,51.062,49.021175384521484,0.5638,0.5232,-7.670588235294118
128.563,50.989,49.021175384521484,0.5639,0.5232,-7.670588235294118
128.613,50.574,49.021175384521484,0.5639,0.5232,-7.811764705882353
128.663,50.476,49.021175384521484,0.5643,0.5232,-7.811764705882353
128.713,50.11,49.021175384521484,0.5643,0.5232,-7.811764705882353
128.763,49.524,49.021175384521484,0.5643,0.5232,-7.623529411764705
128.813,49.646,49.021175384521484,0.5647,0.5232,-7.623529411764705
128.863,49.402,49.021175384521484,0.5649,0.5232,-7.247058823529412
128.913,49.328,49.021175384521484,0.565,0.5232,-7.294117647058823
128.963,49.158,49.021175384521484,0.5653,0.5232,-7.294117647058823
129.013,49.084,49.021175384521484,0.5657,0.5232,-7.152941176470589
129.063,48.938,49.021175384521484,0.5658,0.5232,-7.152941176470589
129.113,48.84,49.021175384521484,0.5665,0.5232,-7.105882352941176
129.163,48.694,49.021175384521484,0.5674,0.5232,7.105882352941176
129.213,48.913,49.021175384521484,0.5676,0.5232,7.105882352941176
129.263,48.889,49.021175384521484,0.5678,0.5232,7.2
129.313,49.328,49.021175384521484,0.5684,0.5232,7.2
129.363,49.182,50.398136138916016,0.5688,0.5232,7.105882352941176
129.413,49.621,50.398136138916016,0.5692,0.5232,-7.152941176470589
129.463,49.621,50.398136138916016,0.5704,0.5232,-7.152941176470589
129.513,49.499,50.398136138916016,0.5712,0.5232,7.341176470588235
129.563,49.499,50.398136138916016,0.5718,0.5232,7.341176470588235
129.613,49.915,50.398136138916016,0.5719,0.5232,7.3882352941176475
129.663,49.915,50.398136138916016,0.5723,0.5232,7.3882352941176475
129.713,50.159,50.398136138916016,0.5726,0.5232,7.247058823529412
129.763,50.061,50.398136138916016,0.5733,0.5232,7.247058823529412
129.813,49.963,50.398136138916016,0.5741,0.5232,7.152941176470589
129.863,50.72,50.398136138916016,0.5744,0.5232,7.152941176470589
129.913,50.867,50.398136138916016,0.5748,0.5232,7.2
129.963,51.111,50.398136138916016,0.5751,0.5232,7.2
130.013,51.233,50.398136138916016,0.5753,0.5232,-7.247058823529412
130.063,51.062,50.398136138916016,0.5755,0.5232,-7.247058823529412
130.115,50.647,50.398136138916016,0.5762,0.5232,-7.3882352941176475
130.164,50.989,50.398136138916016,0.5763,0.5232,-7.294117647058823
130.214,50.379,50.398136138916016,0.5764,0.5232,-7.294117647058823
130.264,50.256,50.398136138916016,0.5764,0.5232,-7.294117647058823
130.314,49.963,50.398136138916016,0.5764,0.5232,-7.294117647058823
130.364,49.915,49.50156021118164,0.5764,0.5232,7.105882352941176
130.414,50.11,49.50156021118164,0.5764,0.5232,7.2
130.464,50.232,49.50156021118164,0.5764,0.5232,7.2
130.514,50.256,49.50156021118164,0.5764,0.5232,-7.294117647058823
130.564,50.867,49.50156021118164,0.5763,0.5232,-7.294117647058823
130.614,50.037,49.50156021118164,0.5761,0.5232,-7.341176470588235
130.664,49.768,49.50156021118164,0.5761,0.5232,-7.576470588235294
130.714,49.866,49.50156021118164,0.5754,0.5232,-7.576470588235294
130.764,49.67,49.50156021118164,0.5751,0.5232,-7.152941176470589
130.814,49.353,49.50156021118164,0.5749,0.5232,-7.152941176470589
130.864,49.426,49.50156021118164,0.5745,0.5232,-7.105882352941176
130.914,49.451,49.50156021118164,0.5745,0.5232,7.105882352941176
130.964,49.231,49.50156021118164,0.5743,0.5232,7.105882352941176
131.014,49.426,49.50156021118164,0.5734,0.5232,0.0
131.064,49.426,49.50156021118164,0.573,0.5232,0.0
131.114,49.377,49.50156021118164,0.5729,0.5232,7.105882352941176
131.164,49.524,49.50156021118164,0.5727,0.5232,7.105882352941176
131.214,49.744,49.50156021118164,0.5724,0.5232,7.105882352941176
131.264,49.866,49.50156021118164,0.5724,0.5232,0.0
131.314,49.89,49.50156021118164,0.5723,0.5232,0.0
131.364,49.939,50.170291900634766,0.572,0.5232,-7.2
131.414,49.548,50.170291900634766,0.572,0.5232,-7.2
131.464,50.305,50.170291900634766,0.5719,0.5232,-7.2
131.514,49.524,50.170291900634766,0.5719,0.5232,7.294117647058823
131.564,49.621,50.170291900634766,0.5719,0.5232,7.294117647058823
131.614,49.451,50.170291900634766,0.5719,0.5232,7.294117647058823
131.664,50.061,50.170291900634766,0.5719,0.5232,7.247058823529412
131.714,50.427,50.170291900634766,0.5719,0.5232,7.247058823529412
131.764,50.427,50.170291900634766,0.5719,0.5232,7.105882352941176
131.814,50.354,50.170291900634766,0.5719,0.5232,7.105882352941176
131.864,50.965,50.170291900634766,0.5722,0.5232,-7.152941176470589
131.914,50.256,50.170291900634766,0.5722,0.5232,-7.105882352941176
131.964,51.062,50.170291900634766,0.5724,0.5232,-7.105882352941176
132.014,50.281,50.170291900634766,0.573,0.5232,-7.105882352941176
132.064,50.672,50.170291900634766,0.5739,0.5232,-7.105882352941176
132.116,49.915,50.170291900634766,0.5739,0.5232,-7.105882352941176
132.165,50.085,50.170291900634766,0.574,0.5232,-7.105882352941176
132.215,49.841,50.170291900634766,0.5744,0.5232,7.152941176470589
132.265,49.744,50.170291900634766,0.5744,0.5232,7.152941176470589
132.315,50.159,50.170291900634766,0.5751,0.5232,7.2
132.365,49.963,50.25791549682617,0.5755,0.5232,7.2
132.415,50.403,50.25791549682617,0.5758,0.5232,0.0
132.465,50.501,50.25791549682617,0.576,0.5232,0.0
132.515,50.232,50.25791549682617,0.576,0.5232,-7.105882352941176
132.565,50.696,50.25791549682617,0.5764,0.5232,-7.105882352941176
132.615,50.33,50.25791549682617,0.5765,0.5232,0.0
132.665,50.305,50.25791549682617,0.5772,0.5232,-7.247058823529412
132.715,50.281,50.25791549682617,0.5773,0.5232,-7.247058823529412
132.765,50.159,50.25791549682617,0.5774,0.5232,0.0
132.815,50.085,50.25791549682617,0.5775,0.5232,0.0
132.865,50.159,50.25791549682617,0.5775,0.5232,7.105882352941176
132.915,50.33,50.25791549682617,0.5775,0.5232,7.105882352941176
132.965,50.159,50.25791549682617,0.5775,0.5232,7.105882352941176
133.015,50.574,50.25791549682617,0.5775,0.5232,-7.105882352941176
133.065,50.598,50.25791549682617,0.5775,0.5232,-7.105882352941176
133.115,50.281,50.25791549682617,0.5775,0.5232,-7.2
133.165,50.305,50.25791549682617,0.5775,0.5232,-7.2
133.215,49.939,50.25791549682617,0.5773,0.5232,0.0
133.265,49.939,50.25791549682617,0.5768,0.5232,0.0
133.315,49.939,50.25791549682617,0.5766,0.5232,7.2
133.365,49.915,49.80887222290039,0.5763,0.5232,7.2
133.415,50.379,49.80887222290039,0.5761,0.5232,7.2
133.465,50.549,49.80887222290039,0.576,0.5232,7.2
133.515,50.72,49.80887222290039,0.5758,0.5232,-7.294117647058823
133.565,50.696,49.80887222290039,0.5757,0.5232,-7.294117647058823
133.615,50.525,49.80887222290039,0.575,0.5232,-7.3882352941176475
133.665,50.012,49.80887222290039,0.5747,0.5232,-7.3882352941176475
133.715,49.841,49.80887222290039,0.5747,0.5232,-7.3882352941176475
133.765,49.939,49.80887222290039,0.5745,0.5232,-7.152941176470589
133.815,49.915,49.80887222290039,0.5743,0.5232,-7.152941176470589
133.865,49.695,49.80887222290039,0.5739,0.5232,-7.105882352941176
133.915,49.597,49.80887222290039,0.5738,0.5232,-7.105882352941176
133.965,49.451,49.80887222290039,0.5733,0.5232,7.105882352941176
134.015,49.573,49.80887222290039,0.5733,0.5232,7.105882352941176
134.065,49.621,49.80887222290039,0.573,0.5232,7.2
134.117,49.963,49.80887222290039,0.5729,0.5232,7.152941176470589
134.166,49.768,49.80887222290039,0.5729,0.5232,7.152941176470589
134.216,50.427,49.80887222290039,0.5729,0.5232,-7.105882352941176
134.266,50.403,49.80887222290039,0.5729,0.5232,-7.105882352941176
134.316,50.11,49.80887222290039,0.5729,0.5232,-7.294117647058823
134.366,50.281,49.81174850463867,0.573,0.5232,-7.294117647058823
134.416,49.597,49.81174850463867,0.573,0.5232,-7.294117647058823
134.466,49.695,49.81174850463867,0.5733,0.5232,-7.247058823529412
134.516,49.597,49.81174850463867,0.5733,0.5232,-7.247058823529412
134.566,49.377,49.81174850463867,0.5735,0.5232,7.105882352941176
134.616,49.328,49.81174850463867,0.5737,0.5232,7.105882352941176
134.666,49.524,49.81174850463867,0.5738,0.5232,7.2
134.716,49.915,49.81174850463867,0.5739,0.5232,7.2
134.766,49.89,49.81174850463867,0.574,0.5232,7.152941176470589
134.816,49.817,49.81174850463867,0.5742,0.5232,7.152941176470589
134.866,50.476,49.81174850463867,0.575,0.5232,-7.105882352941176
134.916,50.354,49.81174850463867,0.575,0.5232,-7.105882352941176
134.966,50.867,49.81174850463867,0.575,0.5232,-7.294117647058823
135.016,49.841,49.81174850463867,0.5754,0.5232,-7.294117647058823
135.066,50.159,49.81174850463867,0.5757,0.5232,-7.435294117647059
135.116,49.548,49.81174850463867,0.5758,0.5232,0.0
135.166,49.524,49.81174850463867,0.5759,0.5232,0.0
135.216,49.231,49.81174850463867,0.5766,0.5232,7.152941176470589
135.266,49.475,49.81174850463867,0.5768,0.5232,7.152941176470589
135.316,50.012,49.81174850463867,0.577,0.5232,7.294117647058823
135.366,49.866,51.13264465332031,0.577,0.5232,7.2
135.416,49.988,51.13264465332031,0.577,0.5232,7.2
135.466,50.379,51.13264465332031,0.577,0.5232,7.529411764705882
135.516,50.794,51.13264465332031,0.577,0.5232,7.529411764705882
135.566,51.013,51.13264465332031,0.577,0.5232,7.341176470588235
135.616,51.233,51.13264465332031,0.577,0.5232,7.2
135.666,51.551,51.13264465332031,0.577,0.5232,7.2
135.716,51.502,51.13264465332031,0.577,0.5232,-7.105882352941176
135.766,51.331,51.13264465332031,0.5769,0.5232,-7.105882352941176
135.816,51.111,51.13264465332031,0.5769,0.5232,-7.2
135.866,51.38,51.13264465332031,0.5768,0.5232,-7.152941176470589
135.916,50.94,51.13264465332031,0.5766,0.5232,-7.152941176470589
135.966,50.745,51.13264465332031,0.5762,0.5232,-7.152941176470589
136.016,50.794,51.13264465332031,0.5762,0.5232,-7.152941176470589
136.066,50.427,51.13264465332031,0.5761,0.5232,7.2
136.118,50.33,51.13264465332031,0.5755,0.5232,7.2
136.167,51.306,51.13264465332031,0.5751,0.5232,7.2
136.217,50.989,51.13264465332031,0.5748,0.5232,7.341176470588235
136.267,50.818,51.13264465332031,0.5745,0.5232,7.341176470588235
136.317,51.429,51.13264465332031,0.5743,0.5232,7.105882352941176
136.367,51.331,51.33102035522461,0.5736,0.5232,7.105882352941176
136.417,51.819,51.33102035522461,0.5733,0.5232,-7.152941176470589
136.467,52.063,51.33102035522461,0.5732,0.5232,-7.152941176470589
136.517,51.429,51.33102035522461,0.5727,0.5232,-7.247058823529412
136.567,51.282,51.33102035522461,0.5721,0.5232,-7.247058823529412
136.617,51.404,51.33102035522461,0.5716,0.5232,-7.105882352941176
136.667,51.111,51.33102035522461,0.5714,0.5232,-7.105882352941176
136.717,51.038,51.33102035522461,0.5712,0.5232,-7.105882352941176
136.767,50.842,51.33102035522461,0.5708,0.5232,-7.105882352941176
136.817,50.696,51.33102035522461,0.5707,0.5232,7.152941176470589
136.867,50.696,51.33102035522461,0.5703,0.5232,7.247058823529412
136.917,50.842,51.33102035522461,0.57,0.5232,7.247058823529412
136.967,50.696,51.33102035522461,0.57,0.5232,7.294117647058823
137.017,51.6,51.33102035522461,0.5698,0.5232,7.294117647058823
137.067,51.77,51.33102035522461,0.5698,0.5232,7.294117647058823
137.117,51.893,51.33102035522461,0.5698,0.5232,-7.152941176470589
137.167,51.99,51.33102035522461,0.5698,0.5232,-7.152941176470589
137.217,52.088,51.33102035522461,0.5698,0.5232,-7.247058823529412
137.267,52.015,51.33102035522461,0.5698,0.5232,-7.247058823529412
137.317,51.16,51.33102035522461,0.57,0.5232,-7.341176470588235
137.367,51.429,50.454376220703125,0.57,0.5232,-7.341176470588235
137.417,51.013,50.454376220703125,0.5706,0.5232,7.105882352941176
137.467,50.989,50.454376220703125,0.5708,0.5232,7.105882352941176
137.517,51.184,50.454376220703125,0.5711,0.5232,-7.247058823529412
137.567,50.745,50.454376220703125,0.5711,0.5232,-7.247058823529412
137.617,50.794,50.454376220703125,0.5712,0.5232,-7.341176470588235
137.667,50.965,50.454376220703125,0.5713,0.5232,-7.341176470588235
137.717,50.427,50.454376220703125,0.5718,0.5232,-7.2
137.767,48.938,50.454376220703125,0.5723,0.5232,-7.2
137.817,50.33,50.454376220703125,0.5729,0.5232,0.0
137.867,50.427,50.454376220703125,0.5732,0.5232,7.623529411764705
137.917,50.452,50.454376220703125,0.5738,0.5232,7.623529411764705
137.967,50.647,50.454376220703125,0.574,0.5232,0.0
138.017,50.672,50.454376220703125,0.5741,0.5232,0.0
138.067,50.842,50.454376220703125,0.5747,0.5232,-7.152941176470589
138.119,50.623,50.454376220703125,0.5751,0.5232,-7.152941176470589
138.168,50.305,50.454376220703125,0.5753,0.5232,-7.152941176470589
138.218,50.379,50.454376220703125,0.5759,0.5232,-7.105882352941176
138.268,50.354,50.454376220703125,0.5765,0.5232,-7.105882352941176
138.318,50.134,50.454376220703125,0.5765,0.5232,7.105882352941176
138.368,49.915,51.53345489501953,0.577,0.5232,7.105882352941176
138.418,49.768,51.53345489501953,0.5772,0.5232,7.105882352941176
138.468,50.452,51.53345489501953,0.5779,0.5232,7.670588235294118
138.518,50.769,51.53345489501953,0.5779,0.5232,7.670588235294118
138.568,51.38,51.53345489501953,0.5781,0.5232,7.482352941176471
138.618,51.404,51.53345489501953,0.5786,0.5232,7.341176470588235
138.668,51.648,51.53345489501953,0.5786,0.5232,7.341176470588235
138.718,51.404,51.53345489501953,0.579,0.5232,7.105882352941176
138.768,52.039,51.53345489501953,0.5791,0.5232,7.105882352941176
138.818,52.137,51.53345489501953,0.5792,0.5232,7.105882352941176
138.868,52.186,51.53345489501953,0.5792,0.5232,7.105882352941176
138.918,52.283,51.53345489501953,0.5794,0.5232,-7.294117647058823
138.968,52.527,51.53345489501953,0.5795,0.5232,-7.294117647058823
139.018,52.21,51.53345489501953,0.5796,0.5232,-7.341176470588235
139.068,51.844,51.53345489501953,0.5796,0.5232,-7.435294117647059
139.118,51.551,51.53345489501953,0.5796,0.5232,-7.435294117647059
139.168,51.819,51.53345489501953,0.5796,0.5232,-7.152941176470589
139.218,51.526,51.53345489501953,0.5796,0.5232,-7.152941176470589
139.268,51.38,51.53345489501953,0.5796,0.5232,-7.152941176470589
139.318,51.111,51.53345489501953,0.5796,0.5232,0.0
139.368,51.136,50.03345489501953,0.5795,0.5232,0.0
139.418,50.623,50.03345489501953,0.5795,0.5232,7.2
139.468,51.209,50.03345489501953,0.5795,0.5232,7.2
139.518,51.355,50.03345489501953,0.5795,0.5232,-7.294117647058823
139.568,51.331,50.03345489501953,0.5795,0.5232,-7.294117647058823
139.618,50.842,50.03345489501953,0.5795,0.5232,-7.576470588235294
139.668,51.136,50.03345489501953,0.5795,0.5232,-7.576470588235294
139.718,50.672,50.03345489501953,0.5795,0.5232,-7.341176470588235
139.768,50.818,50.03345489501953,0.5795,0.5232,-7.341176470588235
139.818,50.134,50.03345489501953,0.5795,0.5232,-7.294117647058823
139.868,50.427,50.03345489501953,0.5795,0.5232,-7.341176470588235
139.918,50.134,50.03345489501953,0.5795,0.5232,-7.341176470588235
139.968,49.792,50.03345489501953,0.5797,0.5232,-7.2
140.018,49.744,50.03345489501953,0.5797,0.5232,-7.2
140.068,49.915,50.03345489501953,0.5799,0.5232,7.152941176470589
140.12,49.695,50.03345489501953,0.5804,0.5232,7.152941176470589
140.169,50.281,50.03345489501953,0.5806,0.5232,7.105882352941176
140.219,49.744,50.03345489501953,0.5807,0.5232,7.105882352941176
140.269,50.427,50.03345489501953,0.5807,0.5232,-7.152941176470589
140.319,50.427,50.03345489501953,0.581,0.5232,7.152941176470589
140.369,50.574,51.53345489501953,0.5817,0.5232,7.152941176470589
140.419,50.769,51.53345489501953,0.582,0.5232,-7.2
140.469,51.331,51.53345489501953,0.5826,0.5232,-7.2
140.519,50.672,51.53345489501953,0.5833,0.5232,7.341176470588235
140.569,50.525,51.53345489501953,0.5836,0.5232,7.152941176470589
140.619,50.965,51.53345489501953,0.5843,0.5232,7.152941176470589
140.669,51.038,51.53345489501953,0.5851,0.5232,7.435294117647059
140.719,51.404,51.53345489501953,0.5859,0.5232,7.435294117647059
140.769,51.575,51.53345489501953,0.586,0.5232,7.247058823529412
140.819,51.868,51.53345489501953,0.5865,0.5232,7.247058823529412
140.869,51.844,51.53345489501953,0.5869,0.5232,0.0
140.919,51.917,51.53345489501953,0.5874,0.5232,0.0
140.969,51.99,51.53345489501953,0.5887,0.5232,-7.152941176470589
141.019,51.722,51.53345489501953,0.5888,0.5232,-7.152941176470589
141.069,51.624,51.53345489501953,0.59,0.5232,-7.247058823529412
141.119,51.502,51.53345489501953,0.5907,0.5232,-7.247058823529412
141.169,51.233,51.53345489501953,0.5909,0.5232,-7.105882352941176
141.219,51.184,51.53345489501953,0.5915,0.5232,-7.105882352941176
141.269,51.16,51.53345489501953,0.5917,0.5232,7.152941176470589
141.319,51.258,51.53345489501953,0.592,0.5232,7.2
141.369,51.209,50.685882568359375,0.593,0.5232,7.2
141.419,50.989,50.685882568359375,0.5931,0.5232,7.152941176470589
141.469,51.624,50.685882568359375,0.5932,0.5232,7.152941176470589
141.519,52.088,50.685882568359375,0.5934,0.5232,-7.152941176470589
141.569,52.234,50.685882568359375,0.5937,0.5232,-7.435294117647059
141.619,51.624,50.685882568359375,0.594,0.5232,-7.435294117647059
141.669,51.844,50.685882568359375,0.594,0.5232,-7.623529411764705
141.719,51.697,50.685882568359375,0.594,0.5232,-7.623529411764705
141.769,50.989,50.685882568359375,0.594,0.5232,-7.482352941176471
141.819,50.965,50.685882568359375,0.594,0.5232,-7.435294117647059
141.869,51.062,50.685882568359375,0.594,0.5232,-7.435294117647059
141.919,50.842,50.685882568359375,0.594,0.5232,-7.152941176470589
141.969,50.72,50.685882568359375,0.594,0.5232,-7.152941176470589
142.019,50.647,50.685882568359375,0.594,0.5232,-7.105882352941176
142.069,50.354,50.685882568359375,0.594,0.5232,0.0
142.121,50.354,50.685882568359375,0.594,0.5232,0.0
142.17,50.427,50.685882568359375,0.594,0.5232,7.2
142.22,50.403,50.685882568359375,0.594,0.5232,7.2
142.27,50.501,50.685882568359375,0.594,0.5232,7.152941176470589
142.32,50.354,50.685882568359375,0.594,0.5232,7.152941176470589
142.37,50.989,51.11193084716797,0.594,0.5232,7.152941176470589
142.42,51.502,51.11193084716797,0.5941,0.5232,7.2
142.47,51.624,51.11193084716797,0.5942,0.5232,7.2
142.52,51.844,51.11193084716797,0.5942,0.5232,-7.2
142.57,52.039,51.11193084716797,0.5943,0.5232,-7.247058823529412
142.62,51.575,51.11193084716797,0.5945,0.5232,-7.247058823529412
142.67,51.648,51.11193084716797,0.5948,0.5232,-7.3882352941176475
142.72,51.429,51.11193084716797,0.5948,0.5232,-7.3882352941176475
142.77,51.209,51.11193084716797,0.5951,0.5232,-7.247058823529412
142.82,50.623,51.11193084716797,0.5957,0.5232,-7.2
142.87,50.818,51.11193084716797,0.5962,0.5232,-7.2
142.92,50.672,51.11193084716797,0.5964,0.5232,7.247058823529412
142.97,50.403,51.11193084716797,0.5966,0.5232,7.247058823529412
143.02,51.013,51.11193084716797,0.5971,0.5232,7.247058823529412
143.07,51.038,51.11193084716797,0.5972,0.5232,7.341176470588235
143.12,50.94,51.11193084716797,0.5978,0.5232,7.341176470588235
143.17,51.306,51.11193084716797,0.5988,0.5232,7.105882352941176
143.22,51.795,51.11193084716797,0.5993,0.5232,7.105882352941176
143.27,52.137,51.11193084716797,0.6001,0.5232,-7.152941176470589
143.32,51.917,51.11193084716797,0.6008,0.5232,-7.294117647058823
143.37,52.259,49.61193084716797,0.6013,0.5232,-7.294117647058823
143.42,51.404,49.61193084716797,0.6018,0.5232,-7.341176470588235
143.47,51.697,49.61193084716797,0.602,0.5232,-7.341176470588235
143.52,50.647,49.61193084716797,0.603,0.5232,-7.7176470588235295
143.57,50.72,49.61193084716797,0.6037,0.5232,-7.858823529411764
143.62,50.842,49.61193084716797,0.6043,0.5232,-7.858823529411764
143.67,50.72,49.61193084716797,0.6049,0.5232,-7.482352941176471
143.72,50.379,49.61193084716797,0.6049,0.5232,-7.482352941176471
143.77,50.379,49.61193084716797,0.6055,0.5232,-7.482352941176471
143.82,49.89,49.61193084716797,0.6059,0.5232,-7.341176470588235
143.87,49.67,49.61193084716797,0.6061,0.5232,-7.341176470588235
143.92,49.768,49.61193084716797,0.6071,0.5232,-7.152941176470589
143.97,49.817,49.61193084716797,0.6071,0.5232,-7.152941176470589
144.02,49.573,49.61193084716797,0.608,0.5232,-7.105882352941176
144.07,49.621,49.61193084716797,0.6081,0.5232,-7.152941176470589
144.122,49.499,49.61193084716797,0.6083,0.5232,-7.152941176470589
144.171,49.304,49.61193084716797,0.6089,0.5232,0.0
144.221,49.328,49.61193084716797,0.6093,0.5232,0.0
144.271,48.962,49.61193084716797,0.6096,0.5232,7.152941176470589
144.321,49.206,49.61193084716797,0.6102,0.5232,7.152941176470589
144.371,49.524,50.74605941772461,0.6103,0.5232,7.152941176470589
144.421,49.719,50.74605941772461,0.6105,0.5232,7.2
144.471,49.841,50.74605941772461,0.6106,0.5232,7.2
144.521,50.305,50.74605941772461,0.6106,0.5232,7.435294117647059
144.571,50.549,50.74605941772461,0.6107,0.5232,7.3882352941176475
144.621,50.965,50.74605941772461,0.6109,0.5232,7.3882352941176475
144.671,51.111,50.74605941772461,0.6111,0.5232,7.152941176470589
144.721,50.965,50.74605941772461,0.6111,0.5232,7.152941176470589
144.771,51.233,50.74605941772461,0.6112,0.5232,-7.2
144.821,51.087,50.74605941772461,0.6113,0.5232,-7.152941176470589
144.871,51.38,50.74605941772461,0.6113,0.5232,-7.152941176470589
144.921,50.745,50.74605941772461,0.6113,0.5232,-7.2
144.971,50.867,50.74605941772461,0.6114,0.5232,-7.2
145.021,50.379,50.74605941772461,0.6116,0.5232,0.0
145.071,50.476,50.74605941772461,0.6116,0.5232,-7.105882352941176
145.121,50.281,50.74605941772461,0.6116,0.5232,-7.105882352941176
145.171,50.281,50.74605941772461,0.6116,0.5232,7.152941176470589
145.221,50.427,50.74605941772461,0.6116,0.5232,7.152941176470589
145.271,50.354,50.74605941772461,0.6116,0.5232,7.247058823529412
145.321,50.598,50.74605941772461,0.6116,0.5232,7.2
145.371,50.842,49.939247131347656,0.6116,0.5232,7.2
145.421,51.233,49.939247131347656,0.6116,0.5232,7.105882352941176
145.471,51.502,49.939247131347656,0.6116,0.5232,7.105882352941176
145.521,51.6,49.939247131347656,0.6116,0.5232,-7.529411764705882
145.571,50.574,49.939247131347656,0.6116,0.5232,-7.670588235294118
145.621,51.477,49.939247131347656,0.6116,0.5232,-7.670588235294118
145.671,51.062,49.939247131347656,0.6116,0.5232,-7.294117647058823
145.721,50.794,49.939247131347656,0.6116,0.5232,-7.294117647058823
145.771,50.794,49.939247131347656,0.6117,0.5232,-7.482352941176471
145.821,50.134,49.939247131347656,0.6119,0.5232,-7.482352941176471
145.871,50.403,49.939247131347656,0.6119,0.5232,-7.3882352941176475
145.921,49.89,49.939247131347656,0.6119,0.5232,-7.3882352941176475
145.971,50.085,49.939247131347656,0.6119,0.5232,-7.247058823529412
146.021,49.939,49.939247131347656,0.6119,0.5232,-7.247058823529412
146.071,49.841,49.939247131347656,0.6119,0.5232,-7.105882352941176
146.123,49.646,49.939247131347656,0.6121,0.5232,7.105882352941176
146.172,49.719,49.939247131347656,0.6121,0.5232,7.105882352941176
146.222,49.744,49.939247131347656,0.6121,0.5232,7.105882352941176
146.272,50.012,49.939247131347656,0.6121,0.5232,7.152941176470589
146.322,50.354,49.939247131347656,0.6122,0.5232,7.152941176470589
146.372,50.525,50.50127029418945,0.6122,0.5232,-7.105882352941176
146.422,50.574,50.50127029418945,0.6122,0.5232,-7.105882352941176
146.472,50.379,50.50127029418945,0.6122,0.5232,0.0
146.522,50.061,50.50127029418945,0.6123,0.5232,-7.105882352941176
146.572,50.281,50.50127029418945,0.6125,0.5232,-7.105882352941176
146.622,50.208,50.50127029418945,0.6126,0.5232,7.247058823529412
146.672,50.232,50.50127029418945,0.6126,0.5232,7.247058823529412
146.722,50.427,50.50127029418945,0.6126,0.5232,7.152941176470589
146.772,50.281,50.50127029418945,0.6127,0.5232,7.152941176470589
146.822,50.818,50.50127029418945,0.6131,0.5232,7.152941176470589
146.872,51.087,50.50127029418945,0.6131,0.5232,7.152941176470589
146.922,51.453,50.50127029418945,0.6131,0.5232,7.152941176470589
146.972,51.551,50.50127029418945,0.6132,0.5232,-7.294117647058823
147.022,51.453,50.50127029418945,0.6132,0.5232,-7.294117647058823
147.072,51.258,50.50127029418945,0.6132,0.5232,-7.435294117647059
147.122,50.818,50.50127029418945,0.6132,0.5232,-7.435294117647059
147.172,51.233,50.50127029418945,0.6132,0.5232,-7.341176470588235
147.222,50.476,50.50127029418945,0.6132,0.5232,-7.341176470588235
147.272,50.623,50.50127029418945,0.6132,0.5232,-7.341176470588235
147.322,50.354,50.50127029418945,0.6131,0.5232,0.0
147.372,50.403,50.53963088989258,0.6131,0.5232,0.0
147.422,50.354,50.53963088989258,0.6131,0.5232,7.105882352941176
147.472,50.354,50.53963088989258,0.613,0.5232,7.105882352941176
147.522,50.403,50.53963088989258,0.6128,0.5232,7.105882352941176
147.572,51.233,50.53963088989258,0.6128,0.5232,7.105882352941176
147.622,51.355,50.53963088989258,0.6127,0.5232,7.105882352941176
147.672,51.013,50.53963088989258,0.6125,0.5232,7.105882352941176
147.722,51.575,50.53963088989258,0.6122,0.5232,-7.3882352941176475
147.772,51.477,50.53963088989258,0.6121,0.5232,-7.247058823529412
147.822,51.282,50.53963088989258,0.6118,0.5232,-7.247058823529412
147.872,50.769,50.53963088989258,0.6118,0.5232,-7.3882352941176475
147.922,50.672,50.53963088989258,0.6114,0.5232,-7.3882352941176475
147.972,50.672,50.53963088989258,0.6113,0.5232,-7.152941176470589
148.022,50.672,50.53963088989258,0.6112,0.5232,-7.105882352941176
148.072,49.719,50.53963088989258,0.6111,0.5232,-7.105882352941176
148.124,50.501,50.53963088989258,0.6102,0.5232,-7.105882352941176
148.173,50.33,50.53963088989258,0.6101,0.5232,-7.105882352941176
148.223,50.232,50.53963088989258,0.61,0.5232,0.0
148.273,50.183,50.53963088989258,0.6099,0.5232,7.152941176470589
148.323,50.037,50.53963088989258,0.6098,0.5232,7.152941176470589
148.373,50.501,49.03963088989258,0.6096,0.5232,7.2
148.423,50.672,49.03963088989258,0.6094,0.5232,7.2
148.473,51.013,49.03963088989258,0.609,0.5232,-7.623529411764705
148.523,51.013,49.03963088989258,0.6089,0.5232,-7.670588235294118
148.573,50.94,49.03963088989258,0.6088,0.5232,-7.670588235294118
148.623,50.305,49.03963088989258,0.6088,0.5232,-7.811764705882353
148.673,50.256,49.03963088989258,0.6087,0.5232,-7.811764705882353
148.723,50.134,49.03963088989258,0.6086,0.5232,-7.529411764705882
148.773,49.939,49.03963088989258,0.6086,0.5232,-7.529411764705882
148.823,49.621,49.03963088989258,0.6086,0.5232,-7.529411764705882
148.873,49.548,49.03963088989258,0.6084,0.5232,-7.3882352941176475
148.923,48.938,49.03963088989258,0.6084,0.5232,-7.3882352941176475
148.973,49.133,49.03963088989258,0.6084,0.5232,-7.247058823529412
149.023,49.011,49.03963088989258,0.6084,0.5232,7.105882352941176
149.073,49.011,49.03963088989258,0.6084,0.5232,7.105882352941176
149.123,49.133,49.03963088989258,0.6084,0.5232,0.0
149.173,49.158,49.03963088989258,0.6084,0.5232,0.0
149.223,49.28,49.03963088989258,0.6085,0.5232,-7.105882352941176
149.273,49.231,49.03963088989258,0.6085,0.5232,-7.105882352941176
149.323,49.231,49.03963088989258,0.6086,0.5232,-7.105882352941176
149.373,49.011,48.429237365722656,0.6086,0.5232,-7.152941176470589
149.423,48.864,48.429237365722656,0.6086,0.5232,-7.152941176470589
149.473,48.791,48.429237365722656,0.6086,0.5232,-7.294117647058823
149.523,48.694,48.429237365722656,0.6086,0.5232,-7.2
149.573,48.596,48.429237365722656,0.6086,0.5232,-7.2
149.623,48.254,48.429237365722656,0.6086,0.5232,-7.152941176470589
149.673,48.4,48.429237365722656,0.6086,0.5232,-7.152941176470589
149.723,48.083,48.429237365722656,0.6086,0.5232,7.105882352941176
149.773,48.303,48.429237365722656,0.6086,0.5232,0.0
149.823,48.303,48.429237365722656,0.6085,0.5232,0.0
149.873,48.303,48.429237365722656,0.6085,0.5232,7.105882352941176
149.923,48.4,48.429237365722656,0.6083,0.5232,7.105882352941176
149.973,48.327,48.429237365722656,0.6082,0.5232,7.105882352941176
150.023,48.718,48.429237365722656,0.6082,0.5232,0.0
150.073,48.742,48.429237365722656,0.6078,0.5232,0.0
150.125,48.864,48.429237365722656,0.6076,0.5232,-7.152941176470589
150.174,48.84,48.429237365722656,0.6075,0.5232,-7.152941176470589
150.224,48.596,48.429237365722656,0.6075,0.5232,-7.2
150.274,48.62,48.429237365722656,0.6072,0.5232,-7.2
150.324,48.4,48.429237365722656,0.607,0.5232,-7.105882352941176
150.374,48.474,49.47740936279297,0.6061,0.5232,-7.105882352941176
150.424,48.278,49.47740936279297,0.606,0.5232,0.0
150.474,48.23,49.47740936279297,0.6056,0.5232,0.0
150.524,48.132,49.47740936279297,0.6054,0.5232,7.529411764705882
150.574,48.034,49.47740936279297,0.605,0.5232,7.529411764705882
150.624,48.205,49.47740936279297,0.604,0.5232,7.576470588235294
150.674,49.035,49.47740936279297,0.6037,0.5232,7.576470588235294
150.724,49.328,49.47740936279297,0.6032,0.5232,7.529411764705882
150.774,49.304,49.47740936279297,0.6018,0.5232,7.247058823529412
150.824,49.475,49.47740936279297,0.6017,0.5232,7.247058823529412
150.874,49.67,49.47740936279297,0.6014,0.5232,7.105882352941176
150.924,49.988,49.47740936279297,0.6002,0.5232,7.105882352941176
150.974,50.037,49.47740936279297,0.5996,0.5232,-7.152941176470589
151.024,49.817,49.47740936279297,0.5994,0.5232,-7.247058823529412
151.074,50.305,49.47740936279297,0.5979,0.5232,-7.247058823529412
151.124,49.451,49.47740936279297,0.5977,0.5232,-7.2
151.174,49.67,49.47740936279297,0.597,0.5232,-7.2
151.224,49.158,49.47740936279297,0.5964,0.5232,0.0
151.274,49.206,49.47740936279297,0.596,0.5232,-7.152941176470589
151.324,48.816,49.47740936279297,0.5945,0.5232,-7.152941176470589
151.374,49.011,49.32944107055664,0.5938,0.5232,7.152941176470589
151.424,49.06,49.32944107055664,0.5932,0.5232,7.152941176470589
151.474,49.353,49.32944107055664,0.5925,0.5232,7.2
151.524,49.817,49.32944107055664,0.5913,0.5232,7.2
151.574,49.695,49.32944107055664,0.591,0.5232,0.0
151.624,49.768,49.32944107055664,0.5903,0.5232,0.0
151.674,49.841,49.32944107055664,0.5896,0.5232,-7.2
151.724,49.353,49.32944107055664,0.5886,0.5232,-7.2
151.774,49.89,49.32944107055664,0.5877,0.5232,-7.247058823529412
151.824,48.889,49.32944107055664,0.5869,0.5232,-7.247058823529412
151.874,49.255,49.32944107055664,0.5864,0.5232,-7.247058823529412
151.924,49.109,49.32944107055664,0.5858,0.5232,-7.247058823529412
151.974,48.987,49.32944107055664,0.5852,0.5232,7.105882352941176
152.024,48.816,49.32944107055664,0.5851,0.5232,7.152941176470589
152.074,48.791,49.32944107055664,0.5828,0.5232,7.152941176470589
152.126,49.451,49.32944107055664,0.5828,0.5232,7.247058823529412
152.175,49.548,49.32944107055664,0.5825,0.5232,7.247058823529412
152.225,49.89,49.32944107055664,0.5806,0.5232,-7.105882352941176
152.275,50.012,49.32944107055664,0.5804,0.5232,-7.105882352941176
152.325,49.158,49.32944107055664,0.5802,0.5232,-7.247058823529412
152.375,49.768,48.981197357177734,0.5795,0.5232,-7.247058823529412
152.425,49.304,48.981197357177734,0.5786,0.5232,7.105882352941176
152.475,49.402,48.981197357177734,0.5786,0.5232,-7.341176470588235
152.525,49.426,48.981197357177734,0.5772,0.5232,-7.341176470588235
152.575,49.304,48.981197357177734,0.577,0.5232,-7.2
152.625,49.084,48.981197357177734,0.5764,0.5232,-7.2
152.675,48.962,48.981197357177734,0.5759,0.5232,-7.2
152.725,48.571,48.981197357177734,0.5753,0.5232,-7.105882352941176
152.775,48.864,48.981197357177734,0.5752,0.5232,-7.105882352941176
152.825,48.571,48.981197357177734,0.5743,0.5232,7.2
152.875,48.474,48.981197357177734,0.5733,0.5232,7.2
152.925,48.84,48.981197357177734,0.573,0.5232,7.2
152.975,49.084,48.981197357177734,0.5722,0.5232,7.247058823529412
153.025,49.67,48.981197357177734,0.5718,0.5232,7.247058823529412
153.075,49.548,48.981197357177734,0.5713,0.5232,-7.105882352941176
153.125,49.255,48.981197357177734,0.571,0.5232,-7.105882352941176
153.175,49.866,48.981197357177734,0.5701,0.5232,-7.294117647058823
153.225,48.694,48.981197357177734,0.569,0.5232,-7.152941176470589
153.275,49.158,48.981197357177734,0.5685,0.5232,-7.152941176470589
153.325,48.767,48.981197357177734,0.5683,0.5232,7.152941176470589
153.375,48.791,50.1758918762207,0.5673,0.5232,7.152941176470589
153.425,49.475,50.1758918762207,0.567,0.5232,7.152941176470589
153.475,49.304,50.1758918762207,0.5662,0.5232,7.576470588235294
153.525,49.06,50.1758918762207,0.5657,0.5232,7.576470588235294
153.575,49.646,50.1758918762207,0.5646,0.5232,7.3882352941176475
153.625,50.061,50.1758918762207,0.5642,0.5232,7.3882352941176475
153.675,50.256,50.1758918762207,0.563,0.5232,7.247058823529412
153.725,50.33,50.1758918762207,0.5626,0.5232,7.105882352941176
153.775,50.672,50.1758918762207,0.5624,0.5232,7.105882352941176
153.825,50.672,50.1758918762207,0.5615,0.5232,-7.105882352941176
153.875,50.867,50.1758918762207,0.5604,0.5232,-7.105882352941176
153.925,50.012,50.1758918762207,0.5596,0.5232,-7.247058823529412
153.975,50.598,50.1758918762207,0.5588,0.5232,-7.247058823529412
154.025,50.085,50.1758918762207,0.558,0.5232,7.105882352941176
154.075,50.11,50.1758918762207,0.5574,0.5232,7.105882352941176
154.127,50.305,50.1758918762207,0.5571,0.5232,7.105882352941176
154.176,50.232,50.1758918762207,0.5562,0.5232,7.105882352941176
154.226,50.842,50.1758918762207,0.5552,0.5232,-7.105882352941176
154.276,50.916,50.1758918762207,0.5538,0.5232,-7.105882352941176
154.326,50.452,50.1758918762207,0.5528,0.5232,-7.294117647058823
154.376,50.916,49.60983657836914,0.5517,0.5232,-7.294117647058823
154.426,50.134,49.60983657836914,0.5517,0.5232,-7.152941176470589
154.476,50.012,49.60983657836914,0.5504,0.5232,-7.529411764705882
154.526,49.67,49.60983657836914,0.5499,0.5232,-7.529411764705882
154.576,49.719,49.60983657836914,0.5489,0.5232,-7.2
154.626,49.499,49.60983657836914,0.5485,0.5232,-7.2
154.676,49.524,49.60983657836914,0.5467,0.5232,-7.105882352941176
154.726,49.353,49.60983657836914,0.5464,0.5232,7.105882352941176
154.776,49.353,49.60983657836914,0.5453,0.5232,7.105882352941176
154.826,49.28,49.60983657836914,0.545,0.5232,7.152941176470589
154.876,49.548,49.60983657836914,0.544,0.5232,7.152941176470589
154.926,50.012,49.60983657836914,0.5435,0.5232,7.2
154.976,50.134,49.60983657836914,0.5424,0.5232,0.0
155.026,50.159,49.60983657836914,0.5414,0.5232,0.0
155.076,49.963,49.60983657836914,0.541,0.5232,-7.247058823529412
155.126,49.744,49.60983657836914,0.5404,0.5232,-7.247058823529412
155.176,49.597,49.60983657836914,0.5395,0.5232,-7.2
155.226,49.451,49.60983657836914,0.5395,0.5232,-7.105882352941176
155.276,49.915,49.60983657836914,0.5387,0.5232,-7.105882352941176
155.326,49.939,49.60983657836914,0.5378,0.5232,7.105882352941176
155.376,49.451,50.84648132324219,0.5373,0.5232,7.105882352941176
155.426,49.304,50.84648132324219,0.5366,0.5232,-7.2
155.476,49.377,50.84648132324219,0.5363,0.5232,7.576470588235294
155.526,49.646,50.84648132324219,0.5359,0.5232,7.576470588235294
155.576,50.012,50.84648132324219,0.5359,0.5232,7.623529411764705
155.626,49.695,50.84648132324219,0.5351,0.5232,7.623529411764705
155.676,50.33,50.84648132324219,0.5347,0.5232,7.3882352941176475
155.726,50.842,50.84648132324219,0.5346,0.5232,7.482352941176471
155.776,50.72,50.84648132324219,0.5344,0.5232,7.482352941176471
155.826,51.038,50.84648132324219,0.5338,0.5232,0.0
155.876,51.062,50.84648132324219,0.5335,0.5232,0.0
155.926,51.087,50.84648132324219,0.5331,0.5232,-7.152941176470589
155.976,51.404,50.84648132324219,0.533,0.5232,-7.152941176470589
156.026,50.696,50.84648132324219,0.5329,0.5232,-7.152941176470589
156.076,50.965,50.84648132324219,0.5324,0.5232,-7.247058823529412
156.128,50.403,50.84648132324219,0.5319,0.5232,-7.247058823529412
156.177,50.354,50.84648132324219,0.5317,0.5232,-7.105882352941176
156.227,50.061,50.84648132324219,0.5315,0.5232,7.247058823529412
156.277,50.183,50.84648132324219,0.5313,0.5232,7.247058823529412
156.327,50.647,50.84648132324219,0.5312,0.5232,7.341176470588235
156.377,50.647,51.07365798950195,0.5309,0.5232,7.341176470588235
156.427,50.94,51.07365798950195,0.5307,0.5232,7.152941176470589
156.477,50.916,51.07365798950195,0.5298,0.5232,7.2
156.527,51.233,51.07365798950195,0.5293,0.5232,7.2
156.577,51.575,51.07365798950195,0.5291,0.5232,7.105882352941176
156.627,51.624,51.07365798950195,0.5287,0.5232,7.105882352941176
156.677,51.697,51.07365798950195,0.5287,0.5232,-7.247058823529412
156.727,51.477,51.07365798950195,0.5285,0.5232,-7.247058823529412
156.777,52.088,51.07365798950195,0.5276,0.5232,-7.247058823529412
156.827,51.16,51.07365798950195,0.5273,0.5232,-7.2
156.877,51.331,51.07365798950195,0.527,0.5232,-7.2
156.927,50.525,51.07365798950195,0.5263,0.5232,-7.105882352941176
156.977,50.842,51.07365798950195,0.5259,0.5232,-7.105882352941176
157.027,50.549,51.07365798950195,0.5259,0.5232,7.247058823529412
157.077,50.574,51.07365798950195,0.5255,0.5232,7.247058823529412
157.127,51.184,51.07365798950195,0.5245,0.5232,7.247058823529412
157.177,51.111,51.07365798950195,0.5237,0.5232,7.247058823529412
157.227,51.258,51.07365798950195,0.5236,0.5232,-7.105882352941176
157.277,51.282,51.07365798950195,0.5229,0.5232,-7.105882352941176
157.327,50.916,51.07365798950195,0.5225,0.5232,-7.105882352941176
157.377,51.551,49.973228454589844,0.5223,0.5232,-7.105882352941176
157.427,50.818,49.973228454589844,0.5222,0.5232,7.105882352941176
157.477,50.525,49.973228454589844,0.5219,0.5232,7.105882352941176
157.527,50.916,49.973228454589844,0.5211,0.5232,-7.3882352941176475
157.577,51.209,49.973228454589844,0.521,0.5232,-7.3882352941176475
157.627,50.305,49.973228454589844,0.5204,0.5232,-7.435294117647059
157.677,48.669,49.973228454589844,0.5204,0.5232,-7.435294117647059
157.727,50.379,49.973228454589844,0.5197,0.5232,-7.2
157.777,50.232,49.973228454589844,0.5197,0.5232,-7.2
157.827,50.037,49.973228454589844,0.5196,0.5232,-7.2
157.877,50.085,49.973228454589844,0.5196,0.5232,-7.2
157.927,49.817,49.973228454589844,0.5193,0.5232,-7.105882352941176
157.977,49.89,49.973228454589844,0.5193,0.5232,-7.105882352941176
158.027,49.548,49.973228454589844,0.5193,0.5232,7.105882352941176
158.077,49.328,49.973228454589844,0.5193,0.5232,7.105882352941176
158.129,49.597,49.973228454589844,0.5193,0.5232,7.2
158.178,49.719,49.973228454589844,0.5193,0.5232,7.294117647058823
158.228,50.647,49.973228454589844,0.5193,0.5232,7.294117647058823
158.278,50.403,49.973228454589844,0.5193,0.5232,7.152941176470589
158.328,50.794,49.973228454589844,0.5194,0.5232,7.152941176470589
158.378,50.818,51.36181640625,0.5195,0.5232,-7.2
158.428,50.501,51.36181640625,0.5196,0.5232,-7.2
158.478,50.745,51.36181640625,0.5207,0.5232,7.247058823529412
158.528,51.184,51.36181640625,0.5209,0.5232,7.247058823529412
158.578,50.867,51.36181640625,0.5211,0.5232,7.294117647058823
158.628,51.16,51.36181640625,0.5211,0.5232,7.294117647058823
158.678,51.477,51.36181640625,0.5213,0.5232,7.247058823529412
158.728,51.526,51.36181640625,0.5218,0.5232,7.152941176470589
158.778,51.38,51.36181640625,0.5225,0.5232,7.152941176470589
158.828,51.893,51.36181640625,0.5227,0.5232,-7.105882352941176
158.878,52.308,51.36181640625,0.5234,0.5232,-7.105882352941176
158.928,51.526,51.36181640625,0.5237,0.5232,-7.247058823529412
158.978,51.697,51.36181640625,0.5238,0.5232,-7.435294117647059
159.028,51.087,51.36181640625,0.5242,0.5232,-7.435294117647059
159.078,51.209,51.36181640625,0.5243,0.5232,-7.2
159.128,50.745,51.36181640625,0.5253,0.5232,-7.2
159.178,50.72,51.36181640625,0.5259,0.5232,7.105882352941176
159.228,50.794,51.36181640625,0.5259,0.5232,7.105882352941176
159.278,50.891,51.36181640625,0.5264,0.5232,7.294117647058823
159.328,51.477,51.36181640625,0.5264,0.5232,7.294117647058823
159.378,51.233,50.47772979736328,0.5265,0.5232,7.247058823529412
159.428,51.6,50.47772979736328,0.5267,0.5232,-7.105882352941176
159.478,52.063,50.47772979736328,0.5272,0.5232,-7.105882352941176
159.528,51.062,50.47772979736328,0.5274,0.5232,-7.482352941176471
159.578,51.453,50.47772979736328,0.5274,0.5232,-7.482352941176471
159.628,50.379,50.47772979736328,0.5275,0.5232,-7.294117647058823
159.678,50.989,50.47772979736328,0.5275,0.5232,-7.435294117647059
159.728,50.452,50.47772979736328,0.5275,0.5232,-7.435294117647059
159.778,50.598,50.47772979736328,0.5276,0.5232,-7.247058823529412
159.828,50.33,50.47772979736328,0.5277,0.5232,-7.247058823529412
159.878,50.33,50.47772979736328,0.5277,0.5232,-7.105882352941176
159.928,50.012,50.47772979736328,0.5277,0.5232,7.105882352941176
159.978,49.768,50.47772979736328,0.5277,0.5232,7.105882352941176
160.028,50.354,50.47772979736328,0.5277,0.5232,7.247058823529412
160.078,50.281,50.47772979736328,0.5277,0.5232,7.247058823529412
160.13,50.549,50.47772979736328,0.5278,0.5232,7.105882352941176
160.179,51.087,50.47772979736328,0.5278,0.5232,7.152941176470589
160.229,51.233,50.47772979736328,0.5278,0.5232,7.152941176470589
160.279,51.404,50.47772979736328,0.5279,0.5232,-7.294117647058823
160.329,51.6,50.47772979736328,0.5281,0.5232,-7.294117647058823
160.379,51.502,50.224029541015625,0.5285,0.5232,-7.3882352941176475
160.429,50.745,50.224029541015625,0.5286,0.5232,-7.482352941176471
160.479,51.111,50.224029541015625,0.5286,0.5232,-7.482352941176471
160.529,50.256,50.224029541015625,0.5288,0.5232,-7.247058823529412
160.579,49.377,50.224029541015625,0.5289,0.5232,-7.247058823529412
160.629,49.963,50.224029541015625,0.5295,0.5232,0.0
160.679,50.061,50.224029541015625,0.5295,0.5232,7.3882352941176475
160.729,50.061,50.224029541015625,0.5299,0.5232,7.3882352941176475
160.779,50.232,50.224029541015625,0.5307,0.5232,7.105882352941176
160.829,50.647,50.224029541015625,0.531,0.5232,7.105882352941176
160.879,50.867,50.224029541015625,0.531,0.5232,0.0
160.929,50.769,50.224029541015625,0.5321,0.5232,-7.2
160.979,51.331,50.224029541015625,0.5325,0.5232,-7.2
161.029,50.33,50.224029541015625,0.5332,0.5232,-7.247058823529412
161.079,50.598,50.224029541015625,0.5342,0.5232,-7.247058823529412
161.129,50.183,50.224029541015625,0.5348,0.5232,-7.105882352941176
161.179,50.159,50.224029541015625,0.5351,0.5232,-7.2
161.229,49.841,50.224029541015625,0.5356,0.5232,-7.2
161.279,49.719,50.224029541015625,0.5368,0.5232,7.105882352941176
161.329,49.402,50.224029541015625,0.5372,0.5232,7.105882352941176
161.379,50.037,49.87043762207031,0.5385,0.5232,7.247058823529412
161.429,50.476,49.87043762207031,0.5392,0.5232,7.3882352941176475
161.479,50.94,49.87043762207031,0.5395,0.5232,7.3882352941176475
161.529,50.769,49.87043762207031,0.5407,0.5232,-7.294117647058823
161.579,51.111,49.87043762207031,0.541,0.5232,-7.294117647058823
161.629,50.159,49.87043762207031,0.5416,0.5232,-7.3882352941176475
161.679,50.501,49.87043762207031,0.5424,0.5232,-7.529411764705882
161.729,49.939,49.87043762207031,0.543,0.5232,-7.529411764705882
161.779,50.037,49.87043762207031,0.5438,0.5232,-7.294117647058823
161.829,49.841,49.87043762207031,0.5447,0.5232,-7.294117647058823
161.879,49.744,49.87043762207031,0.5452,0.5232,-7.105882352941176
161.929,49.426,49.87043762207031,0.546,0.5232,0.0
161.979,49.426,49.87043762207031,0.5464,0.5232,0.0
162.029,49.573,49.87043762207031,0.5466,0.5232,7.247058823529412
162.079,49.402,49.87043762207031,0.547,0.5232,7.247058823529412
162.131,49.646,49.87043762207031,0.5485,0.5232,7.152941176470589
162.18,49.744,49.87043762207031,0.5488,0.5232,7.247058823529412
162.23,50.256,49.87043762207031,0.5494,0.5232,7.247058823529412
162.28,50.672,49.87043762207031,0.5495,0.5232,7.105882352941176
162.33,50.794,49.87043762207031,0.5497,0.5232,7.105882352941176
162.38,50.842,49.58018493652344,0.5501,0.5232,-7.341176470588235
162.43,50.427,49.58018493652344,0.5512,0.5232,-7.3882352941176475
162.48,50.842,49.58018493652344,0.5512,0.5232,-7.3882352941176475
162.53,50.11,49.58018493652344,0.5518,0.5232,-7.3882352941176475
162.58,50.159,49.58018493652344,0.552,0.5232,-7.3882352941176475
162.63,49.817,49.58018493652344,0.552,0.5232,-7.247058823529412
162.68,49.768,49.58018493652344,0.5523,0.5232,-7.294117647058823
162.73,49.304,49.58018493652344,0.5524,0.5232,-7.294117647058823
162.78,49.499,49.58018493652344,0.5526,0.5232,-7.152941176470589
162.83,49.353,49.58018493652344,0.5532,0.5232,-7.152941176470589
162.88,49.231,49.58018493652344,0.5533,0.5232,7.105882352941176
162.93,48.864,49.58018493652344,0.5534,0.5232,7.152941176470589
162.98,49.744,49.58018493652344,0.5536,0.5232,7.152941176470589
163.03,49.304,49.58018493652344,0.5537,0.5232,7.341176470588235
163.08,50.085,49.58018493652344,0.554,0.5232,7.341176470588235
163.13,50.085,49.58018493652344,0.554,0.5232,7.152941176470589
163.18,50.281,49.58018493652344,0.5543,0.5232,-7.247058823529412
163.23,50.33,49.58018493652344,0.5544,0.5232,-7.247058823529412
163.28,50.305,49.58018493652344,0.5548,0.5232,-7.341176470588235
163.33,49.597,49.58018493652344,0.5549,0.5232,-7.341176470588235
163.38,49.988,51.08018493652344,0.5551,0.5232,-7.341176470588235
163.43,49.426,51.08018493652344,0.5551,0.5232,0.0
163.48,49.451,51.08018493652344,0.5555,0.5232,0.0
163.53,49.426,51.08018493652344,0.5555,0.5232,7.670588235294118
163.58,49.109,51.08018493652344,0.5566,0.5232,7.670588235294118
163.63,49.719,51.08018493652344,0.5568,0.5232,7.670588235294118
163.68,50.061,51.08018493652344,0.5569,0.5232,7.811764705882353
163.73,50.476,51.08018493652344,0.5572,0.5232,7.811764705882353
163.78,50.598,51.08018493652344,0.5574,0.5232,7.435294117647059
163.83,51.062,51.08018493652344,0.5577,0.5232,7.435294117647059
163.88,50.818,51.08018493652344,0.5585,0.5232,7.247058823529412
163.93,51.233,51.08018493652344,0.5588,0.5232,0.0
163.98,51.306,51.08018493652344,0.5596,0.5232,0.0
164.03,51.355,51.08018493652344,0.5601,0.5232,-7.105882352941176
164.08,51.404,51.08018493652344,0.5602,0.5232,-7.105882352941176
164.132,51.013,51.08018493652344,0.5605,0.5232,-7.2
164.181,50.989,51.08018493652344,0.5609,0.5232,-7.2
164.231,50.867,51.08018493652344,0.5614,0.5232,-7.2
164.281,50.33,51.08018493652344,0.5622,0.5232,7.105882352941176
164.331,50.256,51.08018493652344,0.5625,0.5232,7.105882352941176
164.381,50.452,50.790470123291016,0.5627,0.5232,7.341176470588235
164.431,50.501,50.790470123291016,0.5633,0.5232,7.341176470588235
164.481,50.867,50.790470123291016,0.5635,0.5232,7.2
164.531,51.16,50.790470123291016,0.5635,0.5232,7.2
164.581,51.722,50.790470123291016,0.5639,0.5232,-7.105882352941176
164.631,51.306,50.790470123291016,0.5646,0.5232,-7.2
164.681,52.063,50.790470123291016,0.5649,0.5232,-7.2
164.731,51.575,50.790470123291016,0.5655,0.5232,-7.247058823529412
164.781,51.038,50.790470123291016,0.5655,0.5232,-7.247058823529412
164.831,51.209,50.790470123291016,0.5661,0.5232,-7.341176470588235
164.881,50.794,50.790470123291016,0.5662,0.5232,-7.341176470588235
164.931,50.672,50.790470123291016,0.5664,0.5232,-7.2
164.981,50.647,50.790470123291016,0.5669,0.5232,-7.2
165.031,50.379,50.790470123291016,0.5671,0.5232,7.105882352941176
165.081,50.281,50.790470123291016,0.5673,0.5232,7.105882352941176
165.131,50.232,50.790470123291016,0.5674,0.5232,7.2
165.181,51.013,50.790470123291016,0.5675,0.5232,7.2
165.231,50.965,50.790470123291016,0.5675,0.5232,7.247058823529412
165.281,51.331,50.790470123291016,0.5679,0.5232,7.247058823529412
165.331,51.575,50.790470123291016,0.568,0.5232,-7.105882352941176
165.381,51.697,50.86798858642578,0.5681,0.5232,-7.247058823529412
165.431,51.038,50.86798858642578,0.5686,0.5232,-7.247058823529412
165.481,51.233,50.86798858642578,0.5686,0.5232,-7.3882352941176475
165.531,50.72,50.86798858642578,0.5688,0.5232,-7.3882352941176475
165.581,50.916,50.86798858642578,0.5689,0.5232,-7.2
165.631,50.379,50.86798858642578,0.5691,0.5232,7.105882352941176
165.681,50.598,50.86798858642578,0.5692,0.5232,7.105882352941176
165.731,50.647,50.86798858642578,0.5693,0.5232,7.247058823529412
165.781,50.769,50.86798858642578,0.5698,0.5232,7.247058823529412
165.831,51.477,50.86798858642578,0.5702,0.5232,7.152941176470589
165.881,51.233,50.86798858642578,0.5704,0.5232,7.105882352941176
165.931,51.282,50.86798858642578,0.5704,0.5232,7.105882352941176
165.981,51.819,50.86798858642578,0.5706,0.5232,-7.2
166.031,51.673,50.86798858642578,0.5716,0.5232,-7.2
166.081,52.112,50.86798858642578,0.572,0.5232,-7.435294117647059
166.133,51.282,50.86798858642578,0.5725,0.5232,-7.341176470588235
166.182,51.6,50.86798858642578,0.5728,0.5232,-7.341176470588235
166.232,50.574,50.86798858642578,0.5731,0.5232,-7.2
166.282,50.989,50.86798858642578,0.5734,0.5232,-7.2
166.332,50.696,50.86798858642578,0.5741,0.5232,7.152941176470589
166.382,50.745,49.50252914428711,0.5741,0.5232,-7.105882352941176
166.432,50.305,49.50252914428711,0.5748,0.5232,-7.105882352941176
166.482,50.672,49.50252914428711,0.5754,0.5232,-7.529411764705882
166.532,50.379,49.50252914428711,0.5757,0.5232,-7.529411764705882
166.582,50.427,49.50252914428711,0.5764,0.5232,-7.482352941176471
166.632,49.792,49.50252914428711,0.5769,0.5232,-7.3882352941176475
166.682,49.963,49.50252914428711,0.5773,0.5232,-7.3882352941176475
166.732,49.792,49.50252914428711,0.5779,0.5232,-7.152941176470589
166.782,49.768,49.50252914428711,0.5788,0.5232,-7.152941176470589
166.832,49.597,49.50252914428711,0.5791,0.5232,-7.152941176470589
166.882,49.646,49.50252914428711,0.5797,0.5232,-7.152941176470589
166.932,49.109,49.50252914428711,0.5803,0.5232,-7.152941176470589
166.982,49.451,49.50252914428711,0.5807,0.5232,-7.105882352941176
167.032,48.791,49.50252914428711,0.5809,0.5232,-7.105882352941176
167.082,49.109,49.50252914428711,0.5819,0.5232,0.0
167.132,49.304,49.50252914428711,0.5819,0.5232,7.341176470588235
167.182,48.962,49.50252914428711,0.583,0.5232,7.341176470588235
167.232,49.792,49.50252914428711,0.5839,0.5232,7.152941176470589
167.282,49.621,49.50252914428711,0.5842,0.5232,7.152941176470589
167.332,49.89,49.50252914428711,0.5846,0.5232,-7.152941176470589
167.382,50.183,49.57169723510742,0.5847,0.5232,-7.105882352941176
167.432,49.255,49.57169723510742,0.5852,0.5232,-7.105882352941176
167.482,49.817,49.57169723510742,0.5859,0.5232,-7.294117647058823
167.532,49.206,49.57169723510742,0.5868,0.5232,-7.294117647058823
167.582,49.377,49.57169723510742,0.5871,0.5232,-7.152941176470589
167.632,49.206,49.57169723510742,0.5878,0.5232,7.2
167.682,49.133,49.57169723510742,0.5881,0.5232,7.2
167.732,49.182,49.57169723510742,0.5886,0.5232,7.2
167.782,49.377,49.57169723510742,0.5886,0.5232,7.2
167.832,49.792,49.57169723510742,0.5895,0.5232,7.2
167.882,50.085,49.57169723510742,0.5897,0.5232,7.152941176470589
167.932,50.085,49.57169723510742,0.59,0.5232,7.152941176470589
167.982,50.379,49.57169723510742,0.5905,0.5232,-7.247058823529412
168.032,50.208,49.57169723510742,0.591,0.5232,-7.247058823529412
168.082,50.574,49.57169723510742,0.5911,0.5232,-7.341176470588235
168.134,49.402,49.57169723510742,0.5912,0.5232,-7.294117647058823
168.183,49.841,49.57169723510742,0.5913,0.5232,-7.294117647058823
168.233,49.621,49.57169723510742,0.5915,0.5232,7.105882352941176
168.283,49.475,49.57169723510742,0.5916,0.5232,7.105882352941176
168.333,49.768,49.57169723510742,0.5919,0.5232,0.0
168.383,49.573,49.73830795288086,0.592,0.5232,7.105882352941176
168.433,49.573,49.73830795288086,0.5923,0.5232,7.105882352941176
168.483,49.646,49.73830795288086,0.5924,0.5232,7.105882352941176
168.533,50.232,49.73830795288086,0.5924,0.5232,7.105882352941176
168.583,50.403,49.73830795288086,0.5924,0.5232,7.105882352941176
168.633,50.672,49.73830795288086,0.5924,0.5232,-7.247058823529412
168.683,50.72,49.73830795288086,0.5924,0.5232,-7.247058823529412
168.733,49.939,49.73830795288086,0.5923,0.5232,-7.3882352941176475
168.783,50.818,49.73830795288086,0.5923,0.5232,-7.3882352941176475
168.833,49.695,49.73830795288086,0.5921,0.5232,-7.152941176470589
168.883,49.963,49.73830795288086,0.5921,0.5232,-7.482352941176471
168.933,49.621,49.73830795288086,0.5921,0.5232,-7.482352941176471
168.983,49.621,49.73830795288086,0.5921,0.5232,-7.152941176470589
169.033,49.353,49.73830795288086,0.5921,0.5232,-7.152941176470589
169.083,49.328,49.73830795288086,0.5921,0.5232,7.105882352941176
169.133,49.28,49.73830795288086,0.5921,0.5232,7.2
169.183,49.573,49.73830795288086,0.5921,0.5232,7.2
169.233,49.719,49.73830795288086,0.5921,0.5232,7.247058823529412
169.283,49.915,49.73830795288086,0.592,0.5232,7.247058823529412
169.333,50.232,49.73830795288086,0.592,0.5232,0.0
169.383,50.256,51.050506591796875,0.5921,0.5232,-7.105882352941176
169.433,49.963,51.050506591796875,0.5921,0.5232,-7.105882352941176
169.483,50.134,51.050506591796875,0.5921,0.5232,7.341176470588235
169.533,49.158,51.050506591796875,0.5923,0.5232,7.341176470588235
169.583,49.939,51.050506591796875,0.5923,0.5232,7.3882352941176475
169.633,50.549,51.050506591796875,0.5924,0.5232,7.764705882352941
169.683,50.867,51.050506591796875,0.5924,0.5232,7.764705882352941
169.733,51.404,51.050506591796875,0.5924,0.5232,7.247058823529412
169.783,51.136,51.050506591796875,0.5926,0.5232,7.247058823529412
169.833,51.404,51.050506591796875,0.5927,0.5232,-7.2
169.883,51.551,51.050506591796875,0.5928,0.5232,-7.105882352941176
169.933,50.94,51.050506591796875,0.5928,0.5232,-7.105882352941176
169.983,51.526,51.050506591796875,0.593,0.5232,-7.247058823529412
170.033,50.598,51.050506591796875,0.5931,0.5232,-7.247058823529412
170.083,50.818,51.050506591796875,0.5932,0.5232,-7.247058823529412
170.135,50.598,51.050506591796875,0.5933,0.5232,7.247058823529412
170.184,50.574,51.050506591796875,0.5933,0.5232,7.247058823529412
170.234,50.549,51.050506591796875,0.5933,0.5232,7.247058823529412
170.284,51.062,51.050506591796875,0.5934,0.5232,7.247058823529412
170.334,51.477,51.050506591796875,0.5934,0.5232,7.247058823529412
170.384,51.429,50.55571365356445,0.5936,0.5232,0.0
170.434,51.453,50.55571365356445,0.5936,0.5232,0.0
170.484,51.502,50.55571365356445,0.5936,0.5232,-7.3882352941176475
170.534,51.575,50.55571365356445,0.5936,0.5232,-7.3882352941176475
170.584,51.477,50.55571365356445,0.5936,0.5232,-7.435294117647059
170.634,51.111,50.55571365356445,0.5936,0.5232,-7.435294117647059
170.684,50.989,50.55571365356445,0.5936,0.5232,-7.3882352941176475
170.734,50.403,50.55571365356445,0.5936,0.5232,-7.3882352941176475
170.784,50.72,50.55571365356445,0.5936,0.5232,-7.2
170.834,50.379,50.55571365356445,0.5936,0.5232,-7.2
170.884,50.379,50.55571365356445,0.5934,0.5232,-7.105882352941176
170.934,50.281,50.55571365356445,0.5934,0.5232,-7.105882352941176
170.984,50.183,50.55571365356445,0.593,0.5232,7.105882352941176
171.034,50.305,50.55571365356445,0.5929,0.5232,7.105882352941176
171.084,50.134,50.55571365356445,0.5929,0.5232,7.2
171.134,50.452,50.55571365356445,0.5929,0.5232,7.2
171.184,50.842,50.55571365356445,0.5929,0.5232,7.2
171.234,50.989,50.55571365356445,0.5929,0.5232,7.2
171.284,51.209,50.55571365356445,0.5928,0.5232,-7.152941176470589
171.334,51.38,50.55571365356445,0.5924,0.5232,-7.152941176470589
171.384,51.258,50.63817596435547,0.5923,0.5232,-7.294117647058823
171.434,50.72,50.63817596435547,0.5923,0.5232,-7.294117647058823
171.484,50.965,50.63817596435547,0.5923,0.5232,-7.294117647058823
171.534,50.452,50.63817596435547,0.5923,0.5232,-7.294117647058823
171.584,50.354,50.63817596435547,0.5921,0.5232,-7.2
171.634,50.061,50.63817596435547,0.5921,0.5232,7.105882352941176
171.684,50.232,50.63817596435547,0.5921,0.5232,7.105882352941176
171.734,50.11,50.63817596435547,0.5921,0.5232,7.294117647058823
171.784,50.672,50.63817596435547,0.5921,0.5232,7.294117647058823
171.834,50.818,50.63817596435547,0.5923,0.5232,7.247058823529412
171.884,51.087,50.63817596435547,0.5923,0.5232,0.0
171.934,51.111,50.63817596435547,0.5923,0.5232,0.0
171.984,51.16,50.63817596435547,0.5923,0.5232,-7.247058823529412
172.034,50.965,50.63817596435547,0.5923,0.5232,-7.247058823529412
172.084,51.136,50.63817596435547,0.5924,0.5232,-7.247058823529412
172.136,50.794,50.63817596435547,0.5924,0.5232,-7.247058823529412
172.185,50.281,50.63817596435547,0.5924,0.5232,-7.247058823529412
172.235,50.256,50.63817596435547,0.5925,0.5232,-7.247058823529412
172.285,50.354,50.63817596435547,0.5926,0.5232,7.2
172.335,50.281,50.63817596435547,0.5928,0.5232,7.2
172.385,50.623,49.1381721496582,0.5928,0.5232,7.2
172.435,51.087,49.1381721496582,0.5929,0.5232,7.2
172.485,51.16,49.1381721496582,0.593,0.5232,7.2
172.535,50.379,49.1381721496582,0.5931,0.5232,-7.811764705882353
172.585,50.867,49.1381721496582,0.5931,0.5232,-7.811764705882353
172.635,50.818,49.1381721496582,0.5932,0.5232,-7.811764705882353
172.685,50.598,49.1381721496582,0.5933,0.5232,-7.7176470588235295
172.735,50.452,49.1381721496582,0.5933,0.5232,-7.7176470588235295
172.785,50.256,49.1381721496582,0.5935,0.5232,-7.623529411764705
172.835,50.012,49.1381721496582,0.5935,0.5232,-7.576470588235294
172.885,48.987,49.1381721496582,0.5935,0.5232,-7.576470588235294
172.935,49.402,49.1381721496582,0.5936,0.5232,-7.3882352941176475
172.985,49.499,49.1381721496582,0.5937,0.5232,-7.3882352941176475
173.035,49.377,49.1381721496582,0.5937,0.5232,-7.152941176470589
173.085,49.304,49.1381721496582,0.5937,0.5232,-7.2
173.135,49.255,49.1381721496582,0.5937,0.5232,-7.2
173.185,49.109,49.1381721496582,0.5937,0.5232,-7.105882352941176
173.235,49.035,49.1381721496582,0.5937,0.5232,-7.105882352941176
173.285,48.791,49.1381721496582,0.5937,0.5232,0.0
173.335,48.889,49.1381721496582,0.5936,0.5232,7.105882352941176
173.385,48.962,50.19484329223633,0.5936,0.5232,7.105882352941176
173.435,49.182,50.19484329223633,0.5936,0.5232,7.152941176470589
173.485,49.206,50.19484329223633,0.5934,0.5232,7.152941176470589
173.535,49.28,50.19484329223633,0.5934,0.5232,7.435294117647059
173.585,50.134,50.19484329223633,0.5934,0.5232,7.435294117647059
173.635,50.11,50.19484329223633,0.5934,0.5232,7.435294117647059
173.685,50.183,50.19484329223633,0.5934,0.5232,0.0
173.735,50.208,50.19484329223633,0.5934,0.5232,0.0
173.785,50.256,50.19484329223633,0.5933,0.5232,0.0
173.835,50.281,50.19484329223633,0.5932,0.5232,0.0
173.885,50.256,50.19484329223633,0.5929,0.5232,0.0
173.935,50.232,50.19484329223633,0.5928,0.5232,-7.105882352941176
173.985,50.183,50.19484329223633,0.5928,0.5232,-7.105882352941176
174.035,50.11,50.19484329223633,0.5928,0.5232,0.0
174.085,50.159,50.19484329223633,0.5927,0.5232,0.0
174.137,50.134,50.19484329223633,0.5925,0.5232,7.105882352941176
174.186,50.061,50.19484329223633,0.5923,0.5232,7.105882352941176
174.236,50.281,50.19484329223633,0.5923,0.5232,0.0
174.286,50.305,50.19484329223633,0.592,0.5232,0.0
174.336,50.354,50.19484329223633,0.5919,0.5232,-7.105882352941176
174.386,50.842,48.69484329223633,0.5919,0.5232,-7.105882352941176
174.436,50.208,48.69484329223633,0.5917,0.5232,-7.105882352941176
174.486,50.037,48.69484329223633,0.5916,0.5232,-7.105882352941176
174.536,49.988,48.69484329223633,0.5915,0.5232,-7.623529411764705
174.586,49.744,48.69484329223633,0.5908,0.5232,-7.576470588235294
174.636,49.035,48.69484329223633,0.5906,0.5232,-7.576470588235294
174.686,49.426,48.69484329223633,0.5902,0.5232,-7.435294117647059
174.736,49.158,48.69484329223633,0.5901,0.5232,-7.435294117647059
174.786,49.109,48.69484329223633,0.59,0.5232,-7.341176470588235
174.836,50.037,48.69484329223633,0.59,0.5232,-7.247058823529412
174.886,48.889,48.69484329223633,0.5895,0.5232,-7.247058823529412
174.936,48.254,48.69484329223633,0.589,0.5232,-7.576470588235294
174.986,48.498,48.69484329223633,0.5884,0.5232,-7.576470588235294
175.036,48.156,48.69484329223633,0.5883,0.5232,7.247058823529412
175.086,48.327,48.69484329223633,0.5877,0.5232,7.152941176470589
175.136,48.523,48.69484329223633,0.5876,0.5232,7.152941176470589
175.186,48.938,48.69484329223633,0.5875,0.5232,7.2
175.236,49.011,48.69484329223633,0.5873,0.5232,7.2
175.286,49.206,48.69484329223633,0.5867,0.5232,-7.152941176470589
175.336,49.328,48.69484329223633,0.5863,0.5232,-7.2
175.386,49.28,50.19484329223633,0.586,0.5232,-7.2
175.436,48.376,50.19484329223633,0.5858,0.5232,-7.294117647058823
175.486,49.011,50.19484329223633,0.5857,0.5232,-7.294117647058823
175.536,48.498,50.19484329223633,0.5856,0.5232,7.764705882352941
175.586,48.547,50.19484329223633,0.5854,0.5232,7.482352941176471
175.636,49.133,50.19484329223633,0.5851,0.5232,7.482352941176471
175.686,48.718,50.19484329223633,0.5843,0.5232,7.670588235294118
175.736,49.524,50.19484329223633,0.5841,0.5232,7.670588235294118
175.786,49.939,50.19484329223633,0.584,0.5232,7.623529411764705
175.836,49.915,50.19484329223633,0.584,0.5232,7.294117647058823
175.886,50.061,50.19484329223633,0.5835,0.5232,7.294117647058823
175.936,50.501,50.19484329223633,0.5829,0.5232,7.152941176470589
175.986,50.33,50.19484329223633,0.5828,0.5232,7.152941176470589
176.036,50.598,50.19484329223633,0.5828,0.5232,-7.152941176470589
176.086,50.672,50.19484329223633,0.5824,0.5232,-7.105882352941176
176.138,50.208,50.19484329223633,0.5819,0.5232,-7.105882352941176
176.187,50.623,50.19484329223633,0.5814,0.5232,-7.247058823529412
176.237,49.475,50.19484329223633,0.5812,0.5232,-7.247058823529412
176.287,49.915,50.19484329223633,0.5812,0.5232,-7.2
176.337,49.011,50.19484329223633,0.5804,0.5232,-7.2
176.387,49.499,49.976104736328125,0.58,0.5232,7.152941176470589
176.437,49.451,49.976104736328125,0.5797,0.5232,7.152941176470589
176.487,49.67,49.976104736328125,0.5791,0.5232,7.247058823529412
176.537,50.354,49.976104736328125,0.5789,0.5232,7.247058823529412
176.587,50.012,49.976104736328125,0.5779,0.5232,7.152941176470589
176.637,50.427,49.976104736328125,0.5779,0.5232,7.152941176470589
176.687,50.598,49.976104736328125,0.5774,0.5232,0.0
176.737,50.623,49.976104736328125,0.576,0.5232,0.0
176.787,50.672,49.976104736328125,0.5759,0.5232,-7.294117647058823
176.837,50.11,49.976104736328125,0.5753,0.5232,-7.294117647058823
176.887,50.11,49.976104736328125,0.5746,0.5232,-7.294117647058823
176.937,49.89,49.976104736328125,0.5744,0.5232,-7.105882352941176
176.987,50.281,49.976104736328125,0.5742,0.5232,-7.105882352941176
177.037,49.792,49.976104736328125,0.573,0.5232,7.105882352941176
177.087,49.817,49.976104736328125,0.5728,0.5232,-7.152941176470589
177.137,49.768,49.976104736328125,0.5722,0.5232,-7.152941176470589
177.187,49.402,49.976104736328125,0.57,0.5232,7.105882352941176
177.237,49.792,49.976104736328125,0.5699,0.5232,7.105882352941176
177.287,49.548,49.976104736328125,0.5698,0.5232,7.294117647058823
177.337,50.061,49.976104736328125,0.5686,0.5232,7.105882352941176
177.387,50.232,50.26023483276367,0.5683,0.5232,7.105882352941176
177.437,50.305,50.26023483276367,0.568,0.5232,-7.105882352941176
177.487,50.696,50.26023483276367,0.5677,0.5232,-7.105882352941176
177.537,50.379,50.26023483276367,0.566,0.5232,0.0
177.587,50.379,50.26023483276367,0.5657,0.5232,0.0
177.637,50.256,50.26023483276367,0.5652,0.5232,-7.105882352941176
177.687,50.623,50.26023483276367,0.5646,0.5232,-7.105882352941176
177.737,50.232,50.26023483276367,0.5646,0.5232,0.0
177.787,50.232,50.26023483276367,0.5639,0.5232,-7.2
177.837,50.012,50.26023483276367,0.5636,0.5232,-7.2
177.887,49.89,50.26023483276367,0.5624,0.5232,0.0
177.937,49.915,50.26023483276367,0.5623,0.5232,0.0
177.987,49.719,50.26023483276367,0.5617,0.5232,7.2
178.037,50.208,50.26023483276367,0.5614,0.5232,7.2
178.087,49.817,50.26023483276367,0.5613,0.5232,7.247058823529412
178.139,50.183,50.26023483276367,0.5606,0.5232,7.247058823529412
178.188,50.818,50.26023483276367,0.5598,0.5232,7.247058823529412
178.238,50.94,50.26023483276367,0.5597,0.5232,7.247058823529412
178.288,51.038,50.26023483276367,0.5591,0.5232,-7.247058823529412
178.338,50.696,50.26023483276367,0.559,0.5232,-7.247058823529412
178.388,51.282,51.68285369873047,0.5589,0.5232,-7.341176470588235
178.438,50.134,51.68285369873047,0.5588,0.5232,-7.341176470588235
178.488,50.452,51.68285369873047,0.5584,0.5232,7.2
178.538,50.232,51.68285369873047,0.5581,0.5232,7.623529411764705
178.588,50.403,51.68285369873047,0.5581,0.5232,7.623529411764705
178.638,51.087,51.68285369873047,0.5575,0.5232,7.623529411764705
178.688,50.818,51.68285369873047,0.5574,0.5232,7.623529411764705
178.738,51.429,51.68285369873047,0.5571,0.5232,7.294117647058823
178.788,51.648,51.68285369873047,0.5571,0.5232,7.3882352941176475
178.838,51.868,51.68285369873047,0.5567,0.5232,7.3882352941176475
178.888,51.941,51.68285369873047,0.5566,0.5232,0.0
178.938,52.015,51.68285369873047,0.5564,0.5232,0.0
178.988,52.234,51.68285369873047,0.5559,0.5232,-7.152941176470589
179.038,52.039,51.68285369873047,0.5558,0.5232,-7.152941176470589
179.088,52.283,51.68285369873047,0.5555,0.5232,-7.247058823529412
179.138,51.624,51.68285369873047,0.5554,0.5232,-7.247058823529412
179.188,51.746,51.68285369873047,0.5553,0.5232,-7.294117647058823
179.238,51.209,51.68285369873047,0.5551,0.5232,-7.294117647058823
179.288,51.404,51.68285369873047,0.555,0.5232,-7.105882352941176
179.338,51.087,51.68285369873047,0.5542,0.5232,-7.105882352941176
179.388,51.111,51.10575485229492,0.5542,0.5232,7.152941176470589
179.438,51.038,51.10575485229492,0.5539,0.5232,7.152941176470589
179.488,51.111,51.10575485229492,0.5535,0.5232,0.0
179.538,51.331,51.10575485229492,0.5534,0.5232,7.105882352941176
179.588,51.38,51.10575485229492,0.5533,0.5232,7.105882352941176
179.638,51.429,51.10575485229492,0.5529,0.5232,-7.152941176470589
179.688,51.575,51.10575485229492,0.5522,0.5232,-7.152941176470589
179.738,51.062,51.10575485229492,0.552,0.5232,-7.2
179.788,51.233,51.10575485229492,0.5517,0.5232,-7.247058823529412
179.838,51.087,51.10575485229492,0.5517,0.5232,-7.247058823529412
179.888,51.136,51.10575485229492,0.5511,0.5232,-7.105882352941176
179.938,49.499,51.10575485229492,0.5511,0.5232,-7.105882352941176
179.988,50.574,51.10575485229492,0.5509,0.5232,0.0
180.038,50.623,51.10575485229492,0.5506,0.5232,0.0
180.088,50.769,51.10575485229492,0.5504,0.5232,7.247058823529412
180.14,50.94,51.10575485229492,0.5501,0.5232,7.247058823529412
180.189,50.916,51.10575485229492,0.55,0.5232,7.2
180.239,50.891,51.10575485229492,0.55,0.5232,7.2
180.289,51.233,51.10575485229492,0.55,0.5232,7.152941176470589
180.339,51.624,51.10575485229492,0.55,0.5232,7.152941176470589
180.389,51.526,49.60575485229492,0.55,0.5232,-7.105882352941176
180.439,51.77,49.60575485229492,0.55,0.5232,-7.247058823529412
180.489,51.99,49.60575485229492,0.55,0.5232,-7.247058823529412
180.539,51.331,49.60575485229492,0.5501,0.5232,-7.858823529411764
180.589,51.306,49.60575485229492,0.5501,0.5232,-7.858823529411764
180.639,50.965,49.60575485229492,0.5501,0.5232,-7.7176470588235295
180.689,50.818,49.60575485229492,0.5505,0.5232,-7.7176470588235295
180.739,50.379,49.60575485229492,0.5506,0.5232,-7.576470588235294
180.789,50.403,49.60575485229492,0.5509,0.5232,-7.529411764705882
180.839,49.866,49.60575485229492,0.551,0.5232,-7.529411764705882
180.889,50.134,49.60575485229492,0.5511,0.5232,-7.341176470588235
180.939,49.841,49.60575485229492,0.5513,0.5232,-7.341176470588235
180.989,49.817,49.60575485229492,0.5517,0.5232,-7.247058823529412
181.039,49.353,49.60575485229492,0.5522,0.5232,-7.152941176470589
181.089,49.524,49.60575485229492,0.5525,0.5232,-7.152941176470589
181.139,49.353,49.60575485229492,0.5529,0.5232,7.152941176470589
181.189,49.451,49.60575485229492,0.553,0.5232,7.152941176470589
181.239,49.597,49.60575485229492,0.5535,0.5232,7.152941176470589
181.289,49.621,49.60575485229492,0.554,0.5232,7.105882352941176
181.339,50.354,49.60575485229492,0.5545,0.5232,7.105882352941176
181.389,50.281,50.389259338378906,0.5552,0.5232,0.0
181.439,50.305,50.389259338378906,0.5554,0.5232,0.0
181.489,50.159,50.389259338378906,0.5558,0.5232,7.105882352941176
181.539,50.452,50.389259338378906,0.5559,0.5232,7.105882352941176
181.589,50.574,50.389259338378906,0.5564,0.5232,7.105882352941176
181.639,50.769,50.389259338378906,0.5576,0.5232,-7.105882352941176
181.689,51.087,50.389259338378906,0.5577,0.5232,-7.105882352941176
181.739,50.159,50.389259338378906,0.5578,0.5232,-7.2
181.789,50.549,50.389259338378906,0.5584,0.5232,-7.341176470588235
181.839,50.134,50.389259338378906,0.5587,0.5232,-7.341176470588235
181.889,50.012,50.389259338378906,0.5589,0.5232,-7.105882352941176
181.939,49.768,50.389259338378906,0.5596,0.5232,-7.105882352941176
181.989,49.475,50.389259338378906,0.5598,0.5232,7.2
182.039,49.744,50.389259338378906,0.5603,0.5232,7.294117647058823
182.089,49.744,50.389259338378906,0.5604,0.5232,7.294117647058823
182.141,49.988,50.389259338378906,0.5608,0.5232,7.294117647058823
182.19,50.159,50.389259338378906,0.561,0.5232,7.294117647058823
182.24,50.647,50.389259338378906,0.561,0.5232,7.2
182.29,50.598,50.389259338378906,0.5614,0.5232,7.2
182.34,51.038,50.389259338378906,0.5615,0.5232,-7.152941176470589
182.39,51.087,50.335670471191406,0.5616,0.5232,-7.152941176470589
182.44,50.379,50.335670471191406,0.5616,0.5232,-7.294117647058823
182.49,50.916,50.335670471191406,0.5616,0.5232,-7.294117647058823
182.54,50.33,50.335670471191406,0.5617,0.5232,0.0
182.59,50.305,50.335670471191406,0.5618,0.5232,0.0
182.64,50.33,50.335670471191406,0.5618,0.5232,0.0
182.69,50.305,50.335670471191406,0.5618,0.5232,0.0
182.74,50.33,50.335670471191406,0.5619,0.5232,0.0
182.79,50.33,50.335670471191406,0.5619,0.5232,0.0
182.84,50.305,50.335670471191406,0.5619,0.5232,0.0
182.89,50.281,50.335670471191406,0.5618,0.5232,0.0
182.94,50.305,50.335670471191406,0.5617,0.5232,0.0
182.99,50.33,50.335670471191406,0.5616,0.5232,0.0
183.04,50.305,50.335670471191406,0.5616,0.5232,0.0
183.09,50.33,50.335670471191406,0.5615,0.5232,0.0
183.14,50.305,50.335670471191406,0.5615,0.5232,0.0
183.19,50.305,50.335670471191406,0.5615,0.5232,0.0
183.24,50.256,50.335670471191406,0.5615,0.5232,0.0
183.29,50.33,50.335670471191406,0.5615,0.5232,0.0
183.34,50.232,50.335670471191406,0.5615,0.5232,7.105882352941176
183.39,50.012,50.92576217651367,0.5615,0.5232,7.105882352941176
183.44,50.769,50.92576217651367,0.5616,0.5232,7.105882352941176
183.49,50.72,50.92576217651367,0.5616,0.5232,7.105882352941176
183.54,51.429,50.92576217651367,0.5616,0.5232,7.105882352941176
183.59,51.233,50.92576217651367,0.5618,0.5232,7.105882352941176
183.64,51.355,50.92576217651367,0.562,0.5232,-7.247058823529412
183.69,51.722,50.92576217651367,0.562,0.5232,-7.247058823529412
183.74,50.672,50.92576217651367,0.5621,0.5232,-7.2
183.79,51.355,50.92576217651367,0.5626,0.5232,-7.341176470588235
183.84,50.379,50.92576217651367,0.5628,0.5232,-7.341176470588235
183.89,50.598,50.92576217651367,0.5628,0.5232,-7.2
183.94,50.427,50.92576217651367,0.5635,0.5232,-7.2
183.99,50.305,50.92576217651367,0.5637,0.5232,7.2
184.04,50.623,50.92576217651367,0.564,0.5232,7.247058823529412
184.09,50.281,50.92576217651367,0.5644,0.5232,7.247058823529412
184.142,50.549,50.92576217651367,0.5646,0.5232,7.152941176470589
184.191,50.769,50.92576217651367,0.565,0.5232,7.152941176470589
184.241,51.331,50.92576217651367,0.5659,0.5232,7.2
184.291,51.526,50.92576217651367,0.5661,0.5232,7.2
184.341,51.6,50.92576217651367,0.5662,0.5232,-7.2
184.391,51.819,50.31843948364258,0.5668,0.5232,-7.2
184.441,51.136,50.31843948364258,0.5671,0.5232,-7.294117647058823
184.491,51.502,50.31843948364258,0.5673,0.5232,-7.623529411764705
184.541,50.989,50.31843948364258,0.568,0.5232,-7.623529411764705
184.591,50.842,50.31843948364258,0.5686,0.5232,-7.482352941176471
184.641,50.769,50.31843948364258,0.5694,0.5232,-7.482352941176471
184.691,50.403,50.31843948364258,0.5695,0.5232,-7.247058823529412
184.741,50.33,50.31843948364258,0.5697,0.5232,-7.247058823529412
184.791,50.232,50.31843948364258,0.5697,0.5232,-7.247058823529412
184.841,49.89,50.31843948364258,0.57,0.5232,0.0
184.891,49.915,50.31843948364258,0.5706,0.5232,0.0
184.941,49.915,50.31843948364258,0.5707,0.5232,7.2
184.991,49.988,50.31843948364258,0.5716,0.5232,7.2
185.041,49.695,50.31843948364258,0.5718,0.5232,7.2
185.091,50.452,50.31843948364258,0.572,0.5232,7.2
185.141,50.598,50.31843948364258,0.572,0.5232,7.294117647058823
185.191,50.842,50.31843948364258,0.5725,0.5232,7.294117647058823
185.241,51.16,50.31843948364258,0.5728,0.5232,-7.152941176470589
185.291,51.526,50.31843948364258,0.573,0.5232,-7.152941176470589
185.341,50.794,50.31843948364258,0.5734,0.5232,-7.3882352941176475
185.391,50.94,49.16726303100586,0.5735,0.5232,-7.3882352941176475
185.441,50.452,49.16726303100586,0.5736,0.5232,-7.247058823529412
185.491,50.305,49.16726303100586,0.5738,0.5232,-7.7176470588235295
185.541,50.208,49.16726303100586,0.5739,0.5232,-7.7176470588235295
185.591,50.012,49.16726303100586,0.5739,0.5232,-7.482352941176471
185.641,49.328,49.16726303100586,0.5742,0.5232,-7.482352941176471
185.691,49.573,49.16726303100586,0.5745,0.5232,-7.3882352941176475
185.741,49.084,49.16726303100586,0.5745,0.5232,-7.3882352941176475
185.791,49.28,49.16726303100586,0.5746,0.5232,-7.2
185.841,49.255,49.16726303100586,0.5746,0.5232,-7.2
185.891,49.133,49.16726303100586,0.5748,0.5232,-7.105882352941176
185.941,49.133,49.16726303100586,0.575,0.5232,-7.105882352941176
185.991,48.791,49.16726303100586,0.5753,0.5232,0.0
186.041,48.816,49.16726303100586,0.5754,0.5232,0.0
186.091,49.011,49.16726303100586,0.5755,0.5232,7.2
186.143,48.791,49.16726303100586,0.5759,0.5232,7.2
186.192,48.913,49.16726303100586,0.576,0.5232,7.105882352941176
186.242,48.987,49.16726303100586,0.5761,0.5232,7.2
186.292,49.646,49.16726303100586,0.5764,0.5232,7.2
186.342,49.597,49.16726303100586,0.5766,0.5232,7.105882352941176
186.392,50.232,50.40095901489258,0.5774,0.5232,7.105882352941176
186.442,50.256,50.40095901489258,0.5774,0.5232,-7.2
186.492,50.232,50.40095901489258,0.5778,0.5232,7.105882352941176
186.542,49.988,50.40095901489258,0.5779,0.5232,7.105882352941176
186.592,50.427,50.40095901489258,0.578,0.5232,7.105882352941176
186.642,50.208,50.40095901489258,0.5785,0.5232,7.105882352941176
186.692,50.623,50.40095901489258,0.5785,0.5232,0.0
186.742,50.574,50.40095901489258,0.5786,0.5232,7.152941176470589
186.792,50.965,50.40095901489258,0.5792,0.5232,7.152941176470589
186.842,50.989,50.40095901489258,0.5797,0.5232,-7.105882352941176
186.892,51.233,50.40095901489258,0.5799,0.5232,-7.105882352941176
186.942,50.598,50.40095901489258,0.5799,0.5232,-7.294117647058823
186.992,50.647,50.40095901489258,0.5803,0.5232,-7.3882352941176475
187.042,50.11,50.40095901489258,0.5804,0.5232,-7.3882352941176475
187.092,50.281,50.40095901489258,0.5807,0.5232,-7.152941176470589
187.142,50.012,50.40095901489258,0.5811,0.5232,-7.152941176470589
187.192,49.524,50.40095901489258,0.5813,0.5232,7.105882352941176
187.242,49.866,50.40095901489258,0.5813,0.5232,7.2
187.292,50.012,50.40095901489258,0.5815,0.5232,7.2
187.342,49.744,50.40095901489258,0.5815,0.5232,7.247058823529412
187.392,50.281,51.90095901489258,0.5816,0.5232,7.247058823529412
187.442,50.403,51.90095901489258,0.5816,0.5232,7.294117647058823
187.492,50.647,51.90095901489258,0.5816,0.5232,7.670588235294118
187.542,51.087,51.90095901489258,0.5816,0.5232,7.670588235294118
187.592,51.136,51.90095901489258,0.5816,0.5232,7.529411764705882
187.642,51.477,51.90095901489258,0.5817,0.5232,7.529411764705882
187.692,52.088,51.90095901489258,0.5817,0.5232,7.341176470588235
187.742,51.819,51.90095901489258,0.5817,0.5232,7.2
187.792,52.186,51.90095901489258,0.5817,0.5232,7.2
187.842,52.259,51.90095901489258,0.5816,0.5232,7.105882352941176
187.892,52.503,51.90095901489258,0.5816,0.5232,7.105882352941176
187.942,52.601,51.90095901489258,0.5816,0.5232,-7.2
187.992,52.601,51.90095901489258,0.5816,0.5232,-7.294117647058823
188.042,52.283,51.90095901489258,0.5815,0.5232,-7.294117647058823
188.092,52.723,51.90095901489258,0.5809,0.5232,-7.341176470588235
188.144,52.112,51.90095901489258,0.5807,0.5232,-7.3882352941176475
188.193,52.039,51.90095901489258,0.5804,0.5232,-7.3882352941176475
188.243,51.99,51.90095901489258,0.5804,0.5232,-7.152941176470589
188.293,51.722,51.90095901489258,0.5802,0.5232,-7.152941176470589
188.343,51.404,51.90095901489258,0.5802,0.5232,-7.105882352941176
188.393,51.624,50.40095901489258,0.5799,0.5232,-7.105882352941176
188.443,51.087,50.40095901489258,0.5797,0.5232,7.247058823529412
188.493,51.453,50.40095901489258,0.5797,0.5232,-7.529411764705882
188.543,51.404,50.40095901489258,0.5796,0.5232,-7.529411764705882
188.593,51.087,50.40095901489258,0.5796,0.5232,-7.435294117647059
188.643,50.965,50.40095901489258,0.5795,0.5232,-7.435294117647059
188.693,50.842,50.40095901489258,0.5795,0.5232,-7.294117647058823
188.743,50.598,50.40095901489258,0.5795,0.5232,-7.294117647058823
188.793,50.501,50.40095901489258,0.5795,0.5232,-7.247058823529412
188.843,50.33,50.40095901489258,0.5795,0.5232,-7.247058823529412
188.893,50.379,50.40095901489258,0.5796,0.5232,-7.105882352941176
188.943,50.085,50.40095901489258,0.5797,0.5232,7.105882352941176
188.993,50.159,50.40095901489258,0.5797,0.5232,7.105882352941176
189.043,50.012,50.40095901489258,0.5797,0.5232,7.2
189.093,50.159,50.40095901489258,0.5798,0.5232,7.2
189.143,50.672,50.40095901489258,0.5799,0.5232,7.2
189.193,50.794,50.40095901489258,0.5802,0.5232,7.2
189.243,51.331,50.40095901489258,0.581,0.5232,-7.152941176470589
189.293,51.575,50.40095901489258,0.5815,0.5232,-7.152941176470589
189.343,51.233,50.40095901489258,0.5815,0.5232,-7.3882352941176475
189.393,51.062,50.044429779052734,0.5825,0.5232,-7.3882352941176475
189.443,50.916,50.044429779052734,0.583,0.5232,-7.3882352941176475
189.493,50.647,50.044429779052734,0.5833,0.5232,-7.435294117647059
189.543,50.452,50.044429779052734,0.5834,0.5232,-7.435294117647059
189.593,50.33,50.044429779052734,0.5846,0.5232,-7.294117647058823
189.643,50.11,50.044429779052734,0.5852,0.5232,-7.294117647058823
189.693,49.939,50.044429779052734,0.5856,0.5232,-7.152941176470589
189.743,49.963,50.044429779052734,0.5866,0.5232,-7.105882352941176
189.793,49.28,50.044429779052734,0.5873,0.5232,-7.105882352941176
189.843,49.597,50.044429779052734,0.5874,0.5232,7.105882352941176
189.893,49.499,50.044429779052734,0.588,0.5232,7.105882352941176
189.943,49.499,50.044429779052734,0.589,0.5232,7.247058823529412
189.993,49.792,50.044429779052734,0.5891,0.5232,7.247058823529412
190.043,50.11,50.044429779052734,0.5902,0.5232,7.247058823529412
190.093,50.525,50.044429779052734,0.5905,0.5232,7.152941176470589
190.145,50.794,50.044429779052734,0.5906,0.5232,7.152941176470589
190.194,51.062,50.044429779052734,0.5914,0.5232,-7.247058823529412
190.244,50.696,50.044429779052734,0.5919,0.5232,-7.341176470588235
190.294,51.16,50.044429779052734,0.5925,0.5232,-7.341176470588235
190.344,50.208,50.044429779052734,0.5927,0.5232,-7.294117647058823
190.394,50.598,50.43011474609375,0.5931,0.5232,-7.294117647058823
190.444,49.695,50.43011474609375,0.5936,0.5232,-7.105882352941176
190.494,50.037,50.43011474609375,0.5937,0.5232,-7.105882352941176
190.544,49.89,50.43011474609375,0.5938,0.5232,7.341176470588235
190.594,49.719,50.43011474609375,0.5939,0.5232,7.341176470588235
190.644,50.647,50.43011474609375,0.5941,0.5232,7.247058823529412
190.694,50.623,50.43011474609375,0.5941,0.5232,7.341176470588235
190.744,51.062,50.43011474609375,0.5942,0.5232,7.341176470588235
190.794,50.989,50.43011474609375,0.5942,0.5232,-7.152941176470589
190.844,50.842,50.43011474609375,0.5942,0.5232,-7.152941176470589
190.894,51.331,50.43011474609375,0.5942,0.5232,-7.247058823529412
190.944,50.379,50.43011474609375,0.5942,0.5232,-7.2
190.994,50.672,50.43011474609375,0.5942,0.5232,-7.2
191.044,50.159,50.43011474609375,0.5941,0.5232,0.0
191.094,50.208,50.43011474609375,0.5941,0.5232,0.0
191.144,50.379,50.43011474609375,0.5939,0.5232,7.152941176470589
191.194,50.159,50.43011474609375,0.5939,0.5232,7.152941176470589
191.244,50.794,50.43011474609375,0.5938,0.5232,7.152941176470589
191.294,50.525,50.43011474609375,0.5935,0.5232,7.152941176470589
191.344,50.94,50.43011474609375,0.5931,0.5232,7.152941176470589
191.394,50.916,49.64656448364258,0.593,0.5232,-7.105882352941176
191.444,50.745,49.64656448364258,0.5929,0.5232,-7.105882352941176
191.494,51.184,49.64656448364258,0.5928,0.5232,-7.529411764705882
191.544,50.159,49.64656448364258,0.5928,0.5232,-7.529411764705882
191.594,50.818,49.64656448364258,0.5928,0.5232,-7.623529411764705
191.644,50.037,49.64656448364258,0.5928,0.5232,-7.623529411764705
191.694,50.281,49.64656448364258,0.5928,0.5232,-7.482352941176471
191.744,49.988,49.64656448364258,0.5928,0.5232,-7.482352941176471
191.794,49.915,49.64656448364258,0.5928,0.5232,-7.294117647058823
191.844,49.768,49.64656448364258,0.5928,0.5232,-7.294117647058823
191.894,49.621,49.64656448364258,0.5928,0.5232,-7.152941176470589
191.944,49.304,49.64656448364258,0.5928,0.5232,-7.105882352941176
191.994,49.451,49.64656448364258,0.5929,0.5232,-7.105882352941176
192.044,49.353,49.64656448364258,0.5929,0.5232,7.2
192.094,49.402,49.64656448364258,0.5931,0.5232,7.2
192.146,48.938,49.64656448364258,0.5933,0.5232,7.152941176470589
192.195,49.597,49.64656448364258,0.5935,0.5232,7.152941176470589
192.245,49.426,49.64656448364258,0.5936,0.5232,7.341176470588235
192.295,49.939,49.64656448364258,0.5941,0.5232,7.341176470588235
192.345,50.525,49.64656448364258,0.5946,0.5232,7.152941176470589
192.395,50.891,49.02817153930664,0.5947,0.5232,7.152941176470589
192.445,51.013,49.02817153930664,0.5949,0.5232,-7.3882352941176475
192.495,51.209,49.02817153930664,0.5955,0.5232,-7.3882352941176475
192.545,50.818,49.02817153930664,0.5959,0.5232,-7.811764705882353
192.595,50.891,49.02817153930664,0.5966,0.5232,-7.811764705882353
192.645,50.037,49.02817153930664,0.5967,0.5232,-7.7176470588235295
192.695,49.768,49.02817153930664,0.5969,0.5232,-7.764705882352941
192.745,49.792,49.02817153930664,0.5972,0.5232,-7.764705882352941
192.795,49.548,49.02817153930664,0.5976,0.5232,-7.341176470588235
192.845,49.451,49.02817153930664,0.5978,0.5232,-7.341176470588235
192.895,49.353,49.02817153930664,0.5983,0.5232,-7.247058823529412
192.945,49.084,49.02817153930664,0.5989,0.5232,-7.2
192.995,49.035,49.02817153930664,0.5991,0.5232,-7.2
193.045,48.84,49.02817153930664,0.5992,0.5232,0.0
193.095,48.889,49.02817153930664,0.5994,0.5232,0.0
193.145,49.06,49.02817153930664,0.5995,0.5232,7.152941176470589
193.195,48.938,49.02817153930664,0.5995,0.5232,7.105882352941176
193.245,49.182,49.02817153930664,0.5995,0.5232,7.105882352941176
193.295,49.133,49.02817153930664,0.5995,0.5232,7.105882352941176
193.345,49.304,49.02817153930664,0.5995,0.5232,7.105882352941176
193.395,49.89,49.49281311035156,0.5995,0.5232,-7.105882352941176
193.445,49.573,49.49281311035156,0.5995,0.5232,-7.152941176470589
193.495,49.988,49.49281311035156,0.5995,0.5232,-7.152941176470589
193.545,48.987,49.49281311035156,0.5995,0.5232,-7.105882352941176
193.595,49.451,49.49281311035156,0.5994,0.5232,-7.105882352941176
193.645,49.084,49.49281311035156,0.5992,0.5232,7.247058823529412
193.695,49.133,49.49281311035156,0.5991,0.5232,0.0
193.745,49.133,49.49281311035156,0.5991,0.5232,0.0
193.795,49.304,49.49281311035156,0.5991,0.5232,7.2
193.845,49.402,49.49281311035156,0.5983,0.5232,7.2
193.895,49.353,49.49281311035156,0.5977,0.5232,7.152941176470589
193.945,49.768,49.49281311035156,0.5976,0.5232,7.105882352941176
193.995,49.988,49.49281311035156,0.5972,0.5232,7.105882352941176
194.045,50.085,49.49281311035156,0.5971,0.5232,-7.152941176470589
194.095,50.403,49.49281311035156,0.5968,0.5232,-7.152941176470589
194.147,49.719,49.49281311035156,0.5961,0.5232,-7.294117647058823
194.196,49.988,49.49281311035156,0.5956,0.5232,-7.3882352941176475
194.246,49.231,49.49281311035156,0.5953,0.5232,-7.3882352941176475
194.296,49.573,49.49281311035156,0.5947,0.5232,-7.247058823529412
194.346,49.206,49.49281311035156,0.5946,0.5232,-7.247058823529412
194.396,49.206,49.61923599243164,0.5945,0.5232,-7.105882352941176
194.446,49.011,49.61923599243164,0.5944,0.5232,7.152941176470589
194.496,48.498,49.61923599243164,0.5938,0.5232,7.152941176470589
194.546,49.109,49.61923599243164,0.5928,0.5232,7.294117647058823
194.596,49.475,49.61923599243164,0.5927,0.5232,7.294117647058823
194.646,50.037,49.61923599243164,0.5923,0.5232,7.247058823529412
194.696,50.232,49.61923599243164,0.5917,0.5232,7.105882352941176
194.746,50.403,49.61923599243164,0.5917,0.5232,7.105882352941176
194.796,50.305,49.61923599243164,0.5913,0.5232,-7.294117647058823
194.846,50.623,49.61923599243164,0.5913,0.5232,-7.294117647058823
194.896,50.403,49.61923599243164,0.591,0.5232,-7.294117647058823
194.946,49.695,49.61923599243164,0.591,0.5232,-7.435294117647059
194.996,49.792,49.61923599243164,0.5907,0.5232,-7.435294117647059
195.046,49.524,49.61923599243164,0.5902,0.5232,-7.105882352941176
195.096,49.426,49.61923599243164,0.5902,0.5232,-7.105882352941176
195.146,49.182,49.61923599243164,0.5899,0.5232,7.105882352941176
195.196,49.353,49.61923599243164,0.5898,0.5232,7.152941176470589
195.246,49.377,49.61923599243164,0.5895,0.5232,7.152941176470589
195.296,49.915,49.61923599243164,0.5892,0.5232,7.152941176470589
195.346,49.426,49.61923599243164,0.5889,0.5232,7.152941176470589
195.396,50.11,49.78636932373047,0.5888,0.5232,-7.152941176470589
195.446,50.183,49.78636932373047,0.5886,0.5232,-7.152941176470589
195.496,50.183,49.78636932373047,0.5886,0.5232,-7.2
195.546,49.841,49.78636932373047,0.5883,0.5232,-7.2
195.596,49.548,49.78636932373047,0.5882,0.5232,-7.2
195.646,49.475,49.78636932373047,0.5878,0.5232,-7.2
195.696,49.231,49.78636932373047,0.5877,0.5232,7.152941176470589
195.746,49.377,49.78636932373047,0.5873,0.5232,7.152941176470589
195.796,49.597,49.78636932373047,0.5872,0.5232,7.247058823529412
195.846,49.67,49.78636932373047,0.5868,0.5232,7.247058823529412
195.896,50.232,49.78636932373047,0.5867,0.5232,7.152941176470589
195.946,49.792,49.78636932373047,0.5866,0.5232,7.105882352941176
195.996,50.452,49.78636932373047,0.5857,0.5232,7.105882352941176
196.046,50.574,49.78636932373047,0.5855,0.5232,0.0
196.096,50.598,49.78636932373047,0.5855,0.5232,0.0
196.148,50.379,49.78636932373047,0.585,0.5232,-7.341176470588235
196.197,50.672,49.78636932373047,0.5848,0.5232,-7.341176470588235
196.247,50.256,49.78636932373047,0.5844,0.5232,-7.341176470588235
196.297,50.452,49.78636932373047,0.5843,0.5232,-7.3882352941176475
196.347,50.305,49.78636932373047,0.5829,0.5232,-7.3882352941176475
196.397,49.915,50.296775817871094,0.5829,0.5232,-7.294117647058823
196.447,49.621,50.296775817871094,0.5822,0.5232,-7.247058823529412
196.497,49.524,50.296775817871094,0.5816,0.5232,-7.247058823529412
196.547,49.426,50.296775817871094,0.5815,0.5232,7.294117647058823
196.597,49.28,50.296775817871094,0.5813,0.5232,7.294117647058823
196.647,49.109,50.296775817871094,0.5803,0.5232,7.3882352941176475
196.697,50.183,50.296775817871094,0.5798,0.5232,7.3882352941176475
196.747,50.183,50.296775817871094,0.5793,0.5232,7.529411764705882
196.797,50.305,50.296775817871094,0.5785,0.5232,7.529411764705882
196.847,50.256,50.296775817871094,0.5778,0.5232,7.105882352941176
196.897,50.842,50.296775817871094,0.5777,0.5232,0.0
196.947,50.794,50.296775817871094,0.5772,0.5232,0.0
196.997,50.916,50.296775817871094,0.5765,0.5232,-7.247058823529412
197.047,50.867,50.296775817871094,0.5759,0.5232,-7.247058823529412
197.097,50.769,50.296775817871094,0.5754,0.5232,-7.294117647058823
197.147,50.452,50.296775817871094,0.5742,0.5232,-7.294117647058823
197.197,50.403,50.296775817871094,0.5741,0.5232,-7.294117647058823
197.247,50.085,50.296775817871094,0.5739,0.5232,-7.105882352941176
197.297,49.915,50.296775817871094,0.5732,0.5232,-7.105882352941176
197.347,49.866,50.296775817871094,0.5725,0.5232,7.152941176470589
197.397,49.963,51.796783447265625,0.5724,0.5232,7.2
197.447,49.768,51.796783447265625,0.5719,0.5232,7.2
197.497,50.232,51.796783447265625,0.5714,0.5232,7.764705882352941
197.547,50.403,51.796783447265625,0.571,0.5232,7.764705882352941
197.597,50.842,51.796783447265625,0.57,0.5232,7.670588235294118
197.647,50.94,51.796783447265625,0.57,0.5232,7.670588235294118
197.697,51.209,51.796783447265625,0.5699,0.5232,7.435294117647059
197.747,51.477,51.796783447265625,0.5694,0.5232,7.435294117647059
197.797,51.697,51.796783447265625,0.5688,0.5232,7.294117647058823
197.847,51.966,51.796783447265625,0.5687,0.5232,7.294117647058823
197.897,51.941,51.796783447265625,0.5683,0.5232,7.105882352941176
197.947,52.259,51.796783447265625,0.5682,0.5232,7.105882352941176
197.997,52.308,51.796783447265625,0.568,0.5232,-7.105882352941176
198.047,52.454,51.796783447265625,0.5677,0.5232,-7.105882352941176
198.097,52.869,51.796783447265625,0.5676,0.5232,-7.247058823529412
198.149,52.112,51.796783447265625,0.5667,0.5232,-7.294117647058823
198.198,51.893,51.796783447265625,0.5667,0.5232,-7.294117647058823
198.248,51.624,51.796783447265625,0.5664,0.5232,-7.2
198.298,51.795,51.796783447265625,0.5661,0.5232,-7.2
198.348,51.624,51.796783447265625,0.5658,0.5232,7.105882352941176
198.398,51.502,50.91817855834961,0.5654,0.5232,0.0
198.448,51.502,50.91817855834961,0.5649,0.5232,0.0
198.498,51.16,50.91817855834961,0.5649,0.5232,-7.294117647058823
198.548,51.282,50.91817855834961,0.5649,0.5232,-7.294117647058823
198.598,51.429,50.91817855834961,0.5644,0.5232,-7.152941176470589
198.648,51.331,50.91817855834961,0.5642,0.5232,-7.2
198.698,51.258,50.91817855834961,0.564,0.5232,-7.2
198.748,50.989,50.91817855834961,0.5638,0.5232,-7.2
198.798,50.965,50.91817855834961,0.5638,0.5232,-7.2
198.848,50.794,50.91817855834961,0.5637,0.5232,-7.105882352941176
198.898,50.525,50.91817855834961,0.5633,0.5232,0.0
198.948,50.476,50.91817855834961,0.5628,0.5232,0.0
198.998,50.647,50.91817855834961,0.5626,0.5232,7.2
199.048,50.305,50.91817855834961,0.5626,0.5232,7.2
199.098,50.891,50.91817855834961,0.5624,0.5232,7.152941176470589
199.148,51.111,50.91817855834961,0.562,0.5232,7.294117647058823
199.198,51.697,50.91817855834961,0.562,0.5232,7.294117647058823
199.248,51.6,50.91817855834961,0.562,0.5232,-7.152941176470589
199.298,51.941,50.91817855834961,0.5619,0.5232,-7.152941176470589
199.348,51.844,50.91817855834961,0.5619,0.5232,-7.294117647058823
199.398,51.429,51.27479553222656,0.5619,0.5232,-7.435294117647059
199.448,50.794,51.27479553222656,0.5619,0.5232,-7.435294117647059
199.498,51.038,51.27479553222656,0.5619,0.5232,-7.105882352941176
199.548,50.818,51.27479553222656,0.5619,0.5232,-7.105882352941176
199.598,50.72,51.27479553222656,0.5623,0.5232,7.152941176470589
199.648,50.598,51.27479553222656,0.5623,0.5232,7.247058823529412
199.698,51.233,51.27479553222656,0.5623,0.5232,7.247058823529412
199.748,51.038,51.27479553222656,0.5627,0.5232,7.294117647058823
199.798,52.063,51.27479553222656,0.5627,0.5232,7.294117647058823
199.848,51.77,51.27479553222656,0.5629,0.5232,7.152941176470589
199.898,51.868,51.27479553222656,0.5631,0.5232,-7.341176470588235
199.948,51.6,51.27479553222656,0.5632,0.5232,-7.341176470588235
199.998,51.99,51.27479553222656,0.5634,0.5232,-7.294117647058823
200.048,51.38,51.27479553222656,0.5635,0.5232,-7.294117647058823
200.098,51.453,51.27479553222656,0.5637,0.5232,-7.341176470588235
200.15,51.136,51.27479553222656,0.5641,0.5232,-7.105882352941176
200.199,51.062,51.27479553222656,0.5645,0.5232,-7.105882352941176
200.249,51.038,51.27479553222656,0.5647,0.5232,7.105882352941176
200.299,50.623,51.27479553222656,0.5647,0.5232,7.105882352941176
200.349,51.136,51.27479553222656,0.5648,0.5232,7.152941176470589
200.399,51.526,49.7747917175293,0.5652,0.5232,7.294117647058823
200.449,51.6,49.7747917175293,0.5653,0.5232,7.294117647058823
200.499,51.893,49.7747917175293,0.5654,0.5232,-7.7176470588235295
200.549,52.112,49.7747917175293,0.5664,0.5232,-7.7176470588235295
200.599,51.844,49.7747917175293,0.5666,0.5232,-7.858823529411764
200.649,51.184,49.7747917175293,0.5667,0.5232,-7.952941176470588
200.699,51.209,49.7747917175293,0.5668,0.5232,-7.952941176470588
200.749,50.598,49.7747917175293,0.5669,0.5232,-7.576470588235294
200.799,50.867,49.7747917175293,0.5671,0.5232,-7.576470588235294
200.849,50.452,49.7747917175293,0.5675,0.5232,-7.3882352941176475
200.899,50.427,49.7747917175293,0.5682,0.5232,-7.482352941176471
200.949,50.256,49.7747917175293,0.5683,0.5232,-7.482352941176471
200.999,50.11,49.7747917175293,0.5684,0.5232,-7.294117647058823
201.049,49.939,49.7747917175293,0.5686,0.5232,-7.294117647058823
201.099,49.817,49.7747917175293,0.5689,0.5232,-7.2
201.149,49.695,49.7747917175293,0.5689,0.5232,-7.2
201.199,49.475,49.7747917175293,0.569,0.5232,0.0
201.249,49.524,49.7747917175293,0.57,0.5232,0.0
201.299,49.621,49.7747917175293,0.57,0.5232,7.152941176470589
201.349,49.353,49.7747917175293,0.5704,0.5232,7.152941176470589
201.399,49.646,50.351219177246094,0.5708,0.5232,7.105882352941176
201.449,49.963,50.351219177246094,0.571,0.5232,7.105882352941176
201.499,50.012,50.351219177246094,0.5712,0.5232,7.341176470588235
201.549,50.574,50.351219177246094,0.5712,0.5232,7.341176470588235
201.599,50.672,50.351219177246094,0.572,0.5232,7.2
201.649,50.965,50.351219177246094,0.5721,0.5232,-7.152941176470589
201.699,51.013,50.351219177246094,0.5728,0.5232,-7.152941176470589
201.749,50.574,50.351219177246094,0.5731,0.5232,-7.294117647058823
201.799,51.038,50.351219177246094,0.5732,0.5232,-7.294117647058823
201.849,49.866,50.351219177246094,0.5732,0.5232,-7.152941176470589
201.899,50.305,50.351219177246094,0.5737,0.5232,-7.294117647058823
201.949,49.939,50.351219177246094,0.5744,0.5232,-7.294117647058823
201.999,49.841,50.351219177246094,0.5744,0.5232,0.0
202.049,49.866,50.351219177246094,0.5755,0.5232,0.0
202.099,49.915,50.351219177246094,0.5759,0.5232,7.247058823529412
202.151,50.696,50.351219177246094,0.5761,0.5232,7.247058823529412
202.2,50.33,50.351219177246094,0.5763,0.5232,7.247058823529412
202.25,50.354,50.351219177246094,0.577,0.5232,-7.2
202.3,50.794,50.351219177246094,0.5773,0.5232,-7.2
202.35,50.208,50.351219177246094,0.5776,0.5232,0.0
202.4,50.232,50.0560417175293,0.5786,0.5232,0.0
202.45,50.183,50.0560417175293,0.5788,0.5232,7.105882352941176
202.5,50.379,50.0560417175293,0.5788,0.5232,7.105882352941176
202.55,50.452,50.0560417175293,0.5791,0.5232,-7.105882352941176
202.6,50.598,50.0560417175293,0.5793,0.5232,-7.2
202.65,50.672,50.0560417175293,0.5798,0.5232,-7.2
202.7,50.305,50.0560417175293,0.5802,0.5232,-7.247058823529412
202.75,49.988,50.0560417175293,0.5806,0.5232,-7.247058823529412
202.8,49.89,50.0560417175293,0.5808,0.5232,-7.152941176470589
202.85,49.67,50.0560417175293,0.5809,0.5232,7.105882352941176
202.9,49.744,50.0560417175293,0.5811,0.5232,7.105882352941176
202.95,49.792,50.0560417175293,0.5812,0.5232,7.2
203.0,50.281,50.0560417175293,0.5812,0.5232,7.2
203.05,50.354,50.0560417175293,0.5817,0.5232,7.152941176470589
203.1,50.965,50.0560417175293,0.5819,0.5232,7.152941176470589
203.15,51.013,50.0560417175293,0.5821,0.5232,-7.152941176470589
203.2,51.355,50.0560417175293,0.5824,0.5232,-7.152941176470589
203.25,50.305,50.0560417175293,0.5827,0.5232,-7.435294117647059
203.3,50.818,50.0560417175293,0.5828,0.5232,-7.435294117647059
203.35,50.33,50.0560417175293,0.5829,0.5232,-7.152941176470589
203.4,50.256,49.18632888793945,0.5831,0.5232,-7.341176470588235
203.45,50.085,49.18632888793945,0.5832,0.5232,-7.341176470588235
203.5,49.939,49.18632888793945,0.5833,0.5232,-7.482352941176471
203.55,49.695,49.18632888793945,0.5833,0.5232,-7.482352941176471
203.6,49.597,49.18632888793945,0.5834,0.5232,-7.341176470588235
203.65,49.475,49.18632888793945,0.5834,0.5232,-7.247058823529412
203.7,49.377,49.18632888793945,0.5836,0.5232,-7.247058823529412
203.75,49.255,49.18632888793945,0.5838,0.5232,-7.152941176470589
203.8,49.28,49.18632888793945,0.5839,0.5232,-7.152941176470589
203.85,49.109,49.18632888793945,0.5839,0.5232,-7.105882352941176
203.9,49.06,49.18632888793945,0.5842,0.5232,-7.105882352941176
203.95,48.816,49.18632888793945,0.5843,0.5232,7.105882352941176
204.0,49.206,49.18632888793945,0.5844,0.5232,7.105882352941176
204.05,49.377,49.18632888793945,0.5845,0.5232,7.2
204.1,49.28,49.18632888793945,0.5846,0.5232,0.0
204.152,49.402,49.18632888793945,0.5849,0.5232,-7.105882352941176
204.201,49.499,49.18632888793945,0.5854,0.5232,-7.105882352941176
204.251,48.938,49.18632888793945,0.5856,0.5232,-7.105882352941176
204.301,49.084,49.18632888793945,0.5857,0.5232,-7.2
204.351,48.938,49.18632888793945,0.5858,0.5232,7.152941176470589
204.401,48.913,50.68632888793945,0.5858,0.5232,7.152941176470589
204.451,49.035,50.68632888793945,0.5859,0.5232,7.152941176470589
204.501,49.158,50.68632888793945,0.5865,0.5232,7.152941176470589
204.551,49.719,50.68632888793945,0.5868,0.5232,7.670588235294118
204.601,49.89,50.68632888793945,0.5869,0.5232,7.623529411764705
204.651,49.963,50.68632888793945,0.5871,0.5232,7.623529411764705
204.701,50.354,50.68632888793945,0.5871,0.5232,7.341176470588235
204.751,50.769,50.68632888793945,0.5873,0.5232,7.341176470588235
204.801,50.818,50.68632888793945,0.5874,0.5232,7.2
204.851,50.989,50.68632888793945,0.5876,0.5232,-7.105882352941176
204.901,51.306,50.68632888793945,0.5885,0.5232,-7.105882352941176
204.951,50.305,50.68632888793945,0.5886,0.5232,-7.152941176470589
205.001,50.501,50.68632888793945,0.5888,0.5232,-7.152941176470589
205.051,50.379,50.68632888793945,0.5888,0.5232,7.2
205.101,50.379,50.68632888793945,0.5888,0.5232,7.105882352941176
205.151,50.672,50.68632888793945,0.5888,0.5232,7.105882352941176
205.201,50.598,50.68632888793945,0.5888,0.5232,7.152941176470589
205.251,51.087,50.68632888793945,0.5888,0.5232,7.152941176470589
205.301,50.916,50.68632888793945,0.5888,0.5232,7.105882352941176
205.351,51.502,50.68632888793945,0.5888,0.5232,-7.2
205.401,51.502,49.97726821899414,0.5888,0.5232,-7.2
205.451,51.453,49.97726821899414,0.5887,0.5232,-7.3882352941176475
205.501,51.062,49.97726821899414,0.5886,0.5232,-7.3882352941176475
205.551,51.038,49.97726821899414,0.5886,0.5232,-7.623529411764705
205.601,51.746,49.97726821899414,0.5884,0.5232,-7.482352941176471
205.651,50.623,49.97726821899414,0.5882,0.5232,-7.482352941176471
205.701,50.549,49.97726821899414,0.5882,0.5232,-7.7176470588235295
205.751,50.281,49.97726821899414,0.5876,0.5232,-7.7176470588235295
205.801,50.037,49.97726821899414,0.5875,0.5232,-7.294117647058823
205.851,49.89,49.97726821899414,0.5871,0.5232,-7.152941176470589
205.901,49.866,49.97726821899414,0.5866,0.5232,-7.152941176470589
205.951,49.67,49.97726821899414,0.5864,0.5232,7.105882352941176
206.001,49.67,49.97726821899414,0.5863,0.5232,7.105882352941176
206.051,49.915,49.97726821899414,0.5858,0.5232,7.152941176470589
206.101,50.012,49.97726821899414,0.5857,0.5232,7.152941176470589
206.153,50.305,49.97726821899414,0.5856,0.5232,0.0
206.202,50.354,49.97726821899414,0.5851,0.5232,0.0
206.252,50.354,49.97726821899414,0.5847,0.5232,0.0
206.302,50.403,49.97726821899414,0.5846,0.5232,-7.2
206.352,50.501,49.97726821899414,0.5845,0.5232,-7.2
206.402,50.354,50.3817138671875,0.5844,0.5232,-7.2
206.452,49.939,50.3817138671875,0.5844,0.5232,-7.247058823529412
206.502,49.988,50.3817138671875,0.5844,0.5232,-7.247058823529412
206.552,49.963,50.3817138671875,0.5843,0.5232,7.247058823529412
206.602,49.621,50.3817138671875,0.5843,0.5232,7.2
206.652,50.183,50.3817138671875,0.5843,0.5232,7.2
206.702,50.452,50.3817138671875,0.5843,0.5232,7.341176470588235
206.752,50.256,50.3817138671875,0.5843,0.5232,7.341176470588235
206.802,51.038,50.3817138671875,0.5843,0.5232,-7.105882352941176
206.852,50.867,50.3817138671875,0.5843,0.5232,7.105882352941176
206.902,50.842,50.3817138671875,0.5844,0.5232,7.105882352941176
206.952,50.989,50.3817138671875,0.5844,0.5232,-7.247058823529412
207.002,51.233,50.3817138671875,0.5845,0.5232,-7.247058823529412
207.052,50.427,50.3817138671875,0.5847,0.5232,-7.294117647058823
207.102,50.891,50.3817138671875,0.585,0.5232,-7.3882352941176475
207.152,50.183,50.3817138671875,0.5856,0.5232,-7.3882352941176475
207.202,50.501,50.3817138671875,0.5857,0.5232,-7.247058823529412
207.252,50.33,50.3817138671875,0.5857,0.5232,-7.247058823529412
207.302,50.159,50.3817138671875,0.5859,0.5232,-7.105882352941176
207.352,49.915,50.3817138671875,0.5862,0.5232,0.0
207.402,49.939,48.8817138671875,0.5865,0.5232,0.0
207.452,49.939,48.8817138671875,0.5867,0.5232,7.247058823529412
207.502,49.792,48.8817138671875,0.5869,0.5232,7.247058823529412
207.552,50.232,48.8817138671875,0.5874,0.5232,-7.435294117647059
207.602,50.525,48.8817138671875,0.5874,0.5232,-7.3882352941176475
207.652,49.89,48.8817138671875,0.5874,0.5232,-7.3882352941176475
207.702,50.012,48.8817138671875,0.5874,0.5232,-7.670588235294118
207.752,50.208,48.8817138671875,0.5874,0.5232,-7.670588235294118
207.802,49.621,48.8817138671875,0.5876,0.5232,-7.482352941176471
207.852,49.231,48.8817138671875,0.5876,0.5232,-7.576470588235294
207.902,49.255,48.8817138671875,0.5877,0.5232,-7.576470588235294
207.952,48.645,48.8817138671875,0.5877,0.5232,-7.2
208.002,48.962,48.8817138671875,0.5878,0.5232,-7.2
208.052,48.718,48.8817138671875,0.5878,0.5232,7.152941176470589
208.102,48.742,48.8817138671875,0.5878,0.5232,-7.105882352941176
208.154,48.816,48.8817138671875,0.5878,0.5232,7.105882352941176
208.203,48.791,48.8817138671875,0.5878,0.5232,7.105882352941176
208.253,48.864,48.8817138671875,0.5875,0.5232,7.105882352941176
208.303,49.109,48.8817138671875,0.5874,0.5232,7.105882352941176
208.353,49.524,48.8817138671875,0.5874,0.5232,7.105882352941176
208.403,49.255,47.40013885498047,0.5874,0.5232,-7.152941176470589
208.453,49.328,47.40013885498047,0.5874,0.5232,-7.152941176470589
208.503,49.646,47.40013885498047,0.5873,0.5232,-7.764705882352941
208.553,48.938,47.40013885498047,0.5871,0.5232,-7.764705882352941
208.603,49.133,47.40013885498047,0.5869,0.5232,-7.905882352941177
208.653,48.523,47.40013885498047,0.5868,0.5232,-7.905882352941177
208.703,48.62,47.40013885498047,0.5866,0.5232,-7.7176470588235295
208.753,48.327,47.40013885498047,0.5864,0.5232,-7.7176470588235295
208.803,48.352,47.40013885498047,0.5861,0.5232,-7.529411764705882
208.853,48.01,47.40013885498047,0.5859,0.5232,-7.3882352941176475
208.903,48.01,47.40013885498047,0.5857,0.5232,-7.3882352941176475
208.953,47.643,47.40013885498047,0.5856,0.5232,-7.294117647058823
209.003,47.741,47.40013885498047,0.5854,0.5232,-7.294117647058823
209.053,47.155,47.40013885498047,0.5852,0.5232,-7.152941176470589
209.103,47.57,47.40013885498047,0.585,0.5232,-7.2
209.153,46.911,47.40013885498047,0.585,0.5232,-7.2
209.203,47.35,47.40013885498047,0.585,0.5232,-7.105882352941176
209.253,46.862,47.40013885498047,0.5848,0.5232,-7.105882352941176
209.303,47.131,47.40013885498047,0.5848,0.5232,0.0
209.353,47.131,47.40013885498047,0.5846,0.5232,0.0
209.403,47.228,48.90013885498047,0.5844,0.5232,7.152941176470589
209.453,47.253,48.90013885498047,0.5844,0.5232,7.152941176470589
209.503,47.326,48.90013885498047,0.5844,0.5232,7.670588235294118
209.553,47.766,48.90013885498047,0.5842,0.5232,7.670588235294118
209.603,48.01,48.90013885498047,0.5842,0.5232,7.670588235294118
209.653,48.449,48.90013885498047,0.5841,0.5232,7.670588235294118
209.703,48.596,48.90013885498047,0.5838,0.5232,7.3882352941176475
209.753,48.938,48.90013885498047,0.5837,0.5232,7.3882352941176475
209.803,48.864,48.90013885498047,0.5836,0.5232,7.152941176470589
209.853,49.109,48.90013885498047,0.5833,0.5232,0.0
209.903,49.133,48.90013885498047,0.5832,0.5232,0.0
209.953,49.158,48.90013885498047,0.583,0.5232,-7.152941176470589
210.003,49.28,48.90013885498047,0.5829,0.5232,-7.152941176470589
210.053,48.767,48.90013885498047,0.5827,0.5232,-7.152941176470589
210.103,48.938,48.90013885498047,0.5826,0.5232,-7.152941176470589
210.155,48.694,48.90013885498047,0.5821,0.5232,7.105882352941176
210.204,48.523,48.90013885498047,0.582,0.5232,7.105882352941176
210.254,48.767,48.90013885498047,0.5813,0.5232,7.152941176470589
210.304,49.06,48.90013885498047,0.5807,0.5232,7.2
210.354,49.328,48.90013885498047,0.5805,0.5232,7.2
210.404,49.182,49.66813278198242,0.5802,0.5232,-7.105882352941176
210.454,49.475,49.66813278198242,0.5798,0.5232,-7.105882352941176
210.504,49.475,49.66813278198242,0.5792,0.5232,7.247058823529412
210.554,49.451,49.66813278198242,0.578,0.5232,7.152941176470589
210.604,49.499,49.66813278198242,0.5773,0.5232,7.152941176470589
210.654,49.768,49.66813278198242,0.5772,0.5232,7.152941176470589
210.704,49.866,49.66813278198242,0.5763,0.5232,7.152941176470589
210.754,50.232,49.66813278198242,0.5756,0.5232,-7.105882352941176
210.804,50.354,49.66813278198242,0.5751,0.5232,-7.152941176470589
210.854,49.792,49.66813278198242,0.5737,0.5232,-7.152941176470589
210.904,50.11,49.66813278198242,0.5728,0.5232,-7.294117647058823
210.954,49.939,49.66813278198242,0.5721,0.5232,-7.294117647058823
211.004,49.573,49.66813278198242,0.5709,0.5232,-7.247058823529412
211.054,49.109,49.66813278198242,0.5705,0.5232,-7.152941176470589
211.104,49.255,49.66813278198242,0.5695,0.5232,-7.152941176470589
211.154,50.037,49.66813278198242,0.5687,0.5232,7.247058823529412
211.204,49.084,49.66813278198242,0.5676,0.5232,7.247058823529412
211.254,49.353,49.66813278198242,0.5667,0.5232,-7.2
211.304,49.328,49.66813278198242,0.5659,0.5232,7.294117647058823
211.354,49.695,49.66813278198242,0.5646,0.5232,7.294117647058823
211.404,49.597,49.08845901489258,0.5643,0.5232,7.2
211.454,50.037,49.08845901489258,0.5629,0.5232,7.2
211.504,49.89,49.08845901489258,0.5627,0.5232,-7.247058823529412
211.554,49.524,49.08845901489258,0.5622,0.5232,-7.435294117647059
211.604,50.232,49.08845901489258,0.5605,0.5232,-7.435294117647059
211.654,49.402,49.08845901489258,0.5599,0.5232,-7.2
211.704,49.548,49.08845901489258,0.559,0.5232,-7.2
211.754,49.035,49.08845901489258,0.5584,0.5232,-7.2
211.804,49.28,49.08845901489258,0.5581,0.5232,-7.247058823529412
211.854,49.035,49.08845901489258,0.5568,0.5232,-7.247058823529412
211.904,49.011,49.08845901489258,0.5568,0.5232,-7.152941176470589
211.954,48.523,49.08845901489258,0.5564,0.5232,-7.152941176470589
212.004,48.913,49.08845901489258,0.5551,0.5232,7.105882352941176
212.054,48.791,49.08845901489258,0.5546,0.5232,7.294117647058823
212.104,48.816,49.08845901489258,0.5545,0.5232,7.294117647058823
212.156,49.328,49.08845901489258,0.5543,0.5232,7.152941176470589
212.205,49.158,49.08845901489258,0.5541,0.5232,7.152941176470589
212.255,49.695,49.08845901489258,0.5534,0.5232,-7.152941176470589
212.305,49.939,49.08845901489258,0.5528,0.5232,-7.152941176470589
212.355,49.133,49.08845901489258,0.5528,0.5232,-7.294117647058823
212.405,49.182,50.58845901489258,0.5526,0.5232,-7.294117647058823
212.455,49.109,50.58845901489258,0.5524,0.5232,0.0
212.505,49.109,50.58845901489258,0.5519,0.5232,0.0
212.555,49.158,50.58845901489258,0.5518,0.5232,7.623529411764705
212.605,49.377,50.58845901489258,0.5515,0.5232,7.623529411764705
212.655,49.158,50.58845901489258,0.5514,0.5232,7.576470588235294
212.705,49.28,50.58845901489258,0.5513,0.5232,7.576470588235294
212.755,50.11,50.58845901489258,0.5504,0.5232,7.576470588235294
212.805,50.427,50.58845901489258,0.5504,0.5232,7.529411764705882
212.855,50.476,50.58845901489258,0.5504,0.5232,7.529411764705882
212.905,50.745,50.58845901489258,0.5503,0.5232,7.105882352941176
212.955,50.965,50.58845901489258,0.5497,0.5232,7.105882352941176
213.005,51.136,50.58845901489258,0.5496,0.5232,-7.105882352941176
213.055,50.769,50.58845901489258,0.5493,0.5232,-7.2
213.105,51.209,50.58845901489258,0.5492,0.5232,-7.2
213.155,50.549,50.58845901489258,0.5482,0.5232,-7.105882352941176
213.205,50.867,50.58845901489258,0.548,0.5232,-7.105882352941176
213.255,50.33,50.58845901489258,0.548,0.5232,0.0
213.305,50.012,50.58845901489258,0.5479,0.5232,-7.152941176470589
213.355,50.354,50.58845901489258,0.547,0.5232,-7.152941176470589
213.405,49.89,49.953556060791016,0.5467,0.5232,7.294117647058823
213.455,50.061,49.953556060791016,0.5455,0.5232,7.294117647058823
213.505,50.379,49.953556060791016,0.5446,0.5232,7.105882352941176
213.555,50.549,49.953556060791016,0.5445,0.5232,-7.105882352941176
213.605,50.72,49.953556060791016,0.5438,0.5232,-7.105882352941176
213.655,50.305,49.953556060791016,0.5431,0.5232,-7.294117647058823
213.705,50.72,49.953556060791016,0.543,0.5232,-7.294117647058823
213.755,50.305,49.953556060791016,0.5415,0.5232,-7.2
213.805,50.037,49.953556060791016,0.5406,0.5232,-7.341176470588235
213.855,49.719,49.953556060791016,0.5402,0.5232,-7.341176470588235
213.905,49.915,49.953556060791016,0.5393,0.5232,-7.105882352941176
213.955,49.621,49.953556060791016,0.5384,0.5232,-7.105882352941176
214.005,49.499,49.953556060791016,0.5383,0.5232,0.0
214.055,49.67,49.953556060791016,0.538,0.5232,7.2
214.105,49.548,49.953556060791016,0.5366,0.5232,7.2
214.157,49.548,49.953556060791016,0.536,0.5232,7.152941176470589
214.206,49.866,49.953556060791016,0.5354,0.5232,7.152941176470589
214.256,50.354,49.953556060791016,0.5344,0.5232,7.2
214.306,50.061,49.953556060791016,0.5338,0.5232,7.2
214.356,50.696,49.953556060791016,0.5336,0.5232,-7.2
214.406,51.233,49.221885681152344,0.533,0.5232,-7.2
214.456,50.549,49.221885681152344,0.5324,0.5232,-7.341176470588235
214.506,50.256,49.221885681152344,0.5321,0.5232,-7.811764705882353
214.556,49.89,49.221885681152344,0.5311,0.5232,-7.811764705882353
214.606,49.988,49.221885681152344,0.5308,0.5232,-7.435294117647059
214.656,49.621,49.221885681152344,0.5305,0.5232,-7.435294117647059
214.706,49.524,49.221885681152344,0.5304,0.5232,-7.341176470588235
214.756,49.426,49.221885681152344,0.5304,0.5232,-7.341176470588235
214.806,49.377,49.221885681152344,0.53,0.5232,-7.152941176470589
214.856,49.182,49.221885681152344,0.53,0.5232,-7.152941176470589
214.906,49.158,49.221885681152344,0.53,0.5232,-7.105882352941176
214.956,48.596,49.221885681152344,0.5299,0.5232,-7.105882352941176
215.006,48.938,49.221885681152344,0.5299,0.5232,7.105882352941176
215.056,48.62,49.221885681152344,0.5299,0.5232,7.294117647058823
215.106,48.694,49.221885681152344,0.5299,0.5232,7.294117647058823
215.156,48.938,49.221885681152344,0.5299,0.5232,7.294117647058823
215.206,49.573,49.221885681152344,0.5299,0.5232,7.294117647058823
215.256,49.621,49.221885681152344,0.53,0.5232,7.152941176470589
215.306,49.915,49.221885681152344,0.5302,0.5232,-7.2
215.356,49.915,49.221885681152344,0.5305,0.5232,-7.2
215.406,49.988,50.721885681152344,0.5306,0.5232,-7.341176470588235
215.456,49.255,50.721885681152344,0.5306,0.5232,-7.341176470588235
215.506,49.255,50.721885681152344,0.5308,0.5232,7.341176470588235
215.556,49.255,50.721885681152344,0.531,0.5232,7.341176470588235
215.606,49.841,50.721885681152344,0.5314,0.5232,7.623529411764705
215.656,50.037,50.721885681152344,0.5315,0.5232,7.623529411764705
215.706,49.866,50.721885681152344,0.5315,0.5232,7.3882352941176475
215.756,50.72,50.721885681152344,0.5315,0.5232,7.3882352941176475
215.806,50.745,50.721885681152344,0.5316,0.5232,7.3882352941176475
215.856,50.745,50.721885681152344,0.5317,0.5232,7.3882352941176475
215.906,51.038,50.721885681152344,0.5317,0.5232,0.0
215.956,51.062,50.721885681152344,0.5317,0.5232,0.0
216.006,51.111,50.721885681152344,0.5317,0.5232,-7.2
216.056,50.72,50.721885681152344,0.5317,0.5232,-7.2
216.106,51.013,50.721885681152344,0.5316,0.5232,-7.2
216.158,50.696,50.721885681152344,0.5316,0.5232,0.0
216.207,50.647,50.721885681152344,0.5315,0.5232,0.0
216.257,50.696,50.721885681152344,0.5314,0.5232,0.0
216.307,50.696,50.721885681152344,0.5314,0.5232,0.0
216.357,50.696,50.721885681152344,0.5309,0.5232,0.0
216.407,50.696,51.18558883666992,0.5305,0.5232,0.0
216.457,50.672,51.18558883666992,0.5298,0.5232,0.0
216.507,50.696,51.18558883666992,0.5295,0.5232,0.0
216.557,50.647,51.18558883666992,0.5293,0.5232,7.247058823529412
216.607,50.281,51.18558883666992,0.5285,0.5232,7.247058823529412
216.657,50.94,51.18558883666992,0.5282,0.5232,7.247058823529412
216.707,51.087,51.18558883666992,0.5277,0.5232,7.247058823529412
216.757,51.526,51.18558883666992,0.5269,0.5232,7.152941176470589
216.807,51.648,51.18558883666992,0.5268,0.5232,7.152941176470589
216.857,51.844,51.18558883666992,0.5262,0.5232,-7.2
216.907,51.99,51.18558883666992,0.526,0.5232,-7.2
216.957,51.551,51.18558883666992,0.5254,0.5232,-7.294117647058823
217.007,51.6,51.18558883666992,0.5252,0.5232,-7.341176470588235
217.057,51.233,51.18558883666992,0.5244,0.5232,-7.341176470588235
217.107,51.258,51.18558883666992,0.5234,0.5232,-7.2
217.157,51.062,51.18558883666992,0.5234,0.5232,-7.2
217.207,50.672,51.18558883666992,0.523,0.5232,-7.105882352941176
217.257,50.745,51.18558883666992,0.5229,0.5232,7.105882352941176
217.307,49.28,51.18558883666992,0.5226,0.5232,7.105882352941176
217.357,50.94,51.18558883666992,0.5226,0.5232,7.247058823529412
217.407,51.38,49.809593200683594,0.5225,0.5232,7.247058823529412
217.457,51.282,49.809593200683594,0.5225,0.5232,7.152941176470589
217.507,51.624,49.809593200683594,0.5225,0.5232,-7.670588235294118
217.557,51.722,49.809593200683594,0.5225,0.5232,-7.670588235294118
217.607,51.697,49.809593200683594,0.5225,0.5232,-7.764705882352941
217.657,51.062,49.809593200683594,0.5225,0.5232,-7.764705882352941
217.707,51.013,49.809593200683594,0.5225,0.5232,-7.764705882352941
217.757,50.818,49.809593200683594,0.5225,0.5232,-7.529411764705882
217.807,50.623,49.809593200683594,0.5228,0.5232,-7.529411764705882
217.857,49.988,49.809593200683594,0.5228,0.5232,-7.435294117647059
217.907,50.33,49.809593200683594,0.5229,0.5232,-7.435294117647059
217.957,50.037,49.809593200683594,0.5236,0.5232,-7.105882352941176
218.007,49.915,49.809593200683594,0.524,0.5232,-7.247058823529412
218.057,49.768,49.809593200683594,0.5253,0.5232,-7.247058823529412
218.107,49.67,49.809593200683594,0.5257,0.5232,-7.105882352941176
218.159,49.499,49.809593200683594,0.5259,0.5232,-7.105882352941176
218.208,49.524,49.809593200683594,0.5263,0.5232,7.105882352941176
218.258,49.451,49.809593200683594,0.5273,0.5232,7.152941176470589
218.308,49.67,49.809593200683594,0.528,0.5232,7.152941176470589
218.358,49.402,49.809593200683594,0.5289,0.5232,7.2
218.408,49.988,50.35677719116211,0.5296,0.5232,7.2
218.458,50.354,50.35677719116211,0.5304,0.5232,7.2
218.508,50.574,50.35677719116211,0.5306,0.5232,7.2
218.558,50.672,50.35677719116211,0.5314,0.5232,7.2
218.608,50.989,50.35677719116211,0.5325,0.5232,-7.152941176470589
218.658,50.989,50.35677719116211,0.5331,0.5232,-7.152941176470589
218.708,51.233,50.35677719116211,0.5342,0.5232,-7.294117647058823
218.758,51.16,50.35677719116211,0.5357,0.5232,-7.294117647058823
218.808,50.379,50.35677719116211,0.5361,0.5232,-7.294117647058823
218.858,50.134,50.35677719116211,0.5363,0.5232,-7.341176470588235
218.908,50.012,50.35677719116211,0.5376,0.5232,-7.341176470588235
218.958,49.841,50.35677719116211,0.5378,0.5232,7.152941176470589
219.008,49.719,50.35677719116211,0.538,0.5232,7.2
219.058,49.475,50.35677719116211,0.539,0.5232,7.2
219.108,50.208,50.35677719116211,0.5395,0.5232,7.294117647058823
219.158,50.427,50.35677719116211,0.5396,0.5232,7.294117647058823
219.208,51.111,50.35677719116211,0.5397,0.5232,7.105882352941176
219.258,51.136,50.35677719116211,0.5406,0.5232,-7.105882352941176
219.308,51.355,50.35677719116211,0.5409,0.5232,-7.105882352941176
219.358,50.598,50.35677719116211,0.541,0.5232,-7.341176470588235
219.408,51.136,48.85677719116211,0.5414,0.5232,-7.341176470588235
219.458,50.525,48.85677719116211,0.5416,0.5232,-7.152941176470589
219.508,50.256,48.85677719116211,0.5416,0.5232,-7.905882352941177
219.558,49.744,48.85677719116211,0.5416,0.5232,-7.905882352941177
219.608,49.963,48.85677719116211,0.5416,0.5232,-7.576470588235294
219.658,49.621,48.85677719116211,0.5416,0.5232,-7.576470588235294
219.708,49.499,48.85677719116211,0.5416,0.5232,-7.482352941176471
219.758,49.035,48.85677719116211,0.5416,0.5232,-7.341176470588235
219.808,49.133,48.85677719116211,0.5415,0.5232,-7.341176470588235
219.858,49.011,48.85677719116211,0.5415,0.5232,-7.105882352941176
219.908,49.035,48.85677719116211,0.5415,0.5232,-7.105882352941176
219.958,48.889,48.85677719116211,0.5415,0.5232,-7.105882352941176
220.008,48.864,48.85677719116211,0.5415,0.5232,-7.105882352941176
220.058,48.767,48.85677719116211,0.5415,0.5232,-7.105882352941176
220.108,48.547,48.85677719116211,0.5415,0.5232,0.0
220.16,48.523,48.85677719116211,0.5415,0.5232,0.0
220.209,48.523,48.85677719116211,0.5415,0.5232,7.152941176470589
220.259,49.182,48.85677719116211,0.5415,0.5232,7.2
220.309,48.742,48.85677719116211,0.5417,0.5232,7.2
220.359,49.06,48.85677719116211,0.5417,0.5232,-7.2
220.409,49.109,49.00839614868164,0.5418,0.5232,-7.2
220.459,48.889,49.00839614868164,0.5418,0.5232,-7.152941176470589
220.509,48.938,49.00839614868164,0.5422,0.5232,-7.105882352941176
220.559,48.62,49.00839614868164,0.5431,0.5232,-7.105882352941176
220.609,48.523,49.00839614868164,0.5432,0.5232,7.105882352941176
220.659,48.571,49.00839614868164,0.5433,0.5232,7.105882352941176
220.709,48.791,49.00839614868164,0.5436,0.5232,7.247058823529412
220.759,48.938,49.00839614868164,0.5439,0.5232,7.2
220.809,49.255,49.00839614868164,0.5445,0.5232,7.2
220.859,49.011,49.00839614868164,0.5454,0.5232,7.105882352941176
220.909,49.719,49.00839614868164,0.5461,0.5232,7.105882352941176
220.959,49.817,49.00839614868164,0.5461,0.5232,0.0
221.009,49.744,49.00839614868164,0.5469,0.5232,-7.341176470588235
221.059,49.768,49.00839614868164,0.548,0.5232,-7.341176470588235
221.109,49.231,49.00839614868164,0.5483,0.5232,-7.341176470588235
221.159,49.109,49.00839614868164,0.5488,0.5232,-7.341176470588235
221.209,48.889,49.00839614868164,0.5501,0.5232,-7.152941176470589
221.259,49.084,49.00839614868164,0.5504,0.5232,-7.105882352941176
221.309,48.596,49.00839614868164,0.5509,0.5232,-7.105882352941176
221.359,48.889,49.00839614868164,0.5519,0.5232,-7.105882352941176
221.409,48.767,48.956180572509766,0.552,0.5232,-7.105882352941176
221.459,48.523,48.956180572509766,0.5524,0.5232,7.105882352941176
221.509,48.816,48.956180572509766,0.553,0.5232,7.105882352941176
221.559,49.182,48.956180572509766,0.5537,0.5232,7.2
221.609,48.987,48.956180572509766,0.5538,0.5232,7.2
221.659,49.353,48.956180572509766,0.5547,0.5232,-7.152941176470589
221.709,49.353,48.956180572509766,0.555,0.5232,-7.152941176470589
221.759,49.182,48.956180572509766,0.5551,0.5232,-7.2
221.809,48.962,48.956180572509766,0.5551,0.5232,-7.2
221.859,48.889,48.956180572509766,0.5555,0.5232,-7.152941176470589
221.909,48.816,48.956180572509766,0.5555,0.5232,-7.152941176470589
221.959,48.523,48.956180572509766,0.5556,0.5232,7.105882352941176
222.009,48.694,48.956180572509766,0.5556,0.5232,7.105882352941176
222.059,49.158,48.956180572509766,0.5556,0.5232,7.105882352941176
222.109,49.133,48.956180572509766,0.5556,0.5232,7.152941176470589
222.161,49.402,48.956180572509766,0.5556,0.5232,-7.105882352941176
222.21,49.328,48.956180572509766,0.5556,0.5232,-7.105882352941176
222.26,48.938,48.956180572509766,0.5556,0.5232,-7.247058823529412
222.31,48.987,48.956180572509766,0.5555,0.5232,-7.247058823529412
222.36,48.742,48.956180572509766,0.5554,0.5232,0.0
222.41,48.742,48.114891052246094,0.5551,0.5232,0.0
222.46,48.913,48.114891052246094,0.5546,0.5232,7.152941176470589
222.51,48.864,48.114891052246094,0.5546,0.5232,-7.294117647058823
222.56,48.938,48.114891052246094,0.5534,0.5232,-7.294117647058823
222.61,48.816,48.114891052246094,0.5533,0.5232,-7.341176470588235
222.66,48.645,48.114891052246094,0.5532,0.5232,-7.341176470588235
222.71,48.474,48.114891052246094,0.5529,0.5232,-7.341176470588235
222.76,47.57,48.114891052246094,0.5527,0.5232,-7.341176470588235
222.81,48.303,48.114891052246094,0.5521,0.5232,-7.2
222.86,48.205,48.114891052246094,0.552,0.5232,-7.2
222.91,48.083,48.114891052246094,0.5517,0.5232,-7.152941176470589
222.96,47.985,48.114891052246094,0.5513,0.5232,-7.105882352941176
223.01,47.79,48.114891052246094,0.5511,0.5232,-7.105882352941176
223.06,47.888,48.114891052246094,0.551,0.5232,7.105882352941176
223.11,47.692,48.114891052246094,0.5509,0.5232,7.105882352941176
223.16,48.083,48.114891052246094,0.5504,0.5232,7.152941176470589
223.21,48.181,48.114891052246094,0.5502,0.5232,7.152941176470589
223.26,48.376,48.114891052246094,0.5499,0.5232,0.0
223.31,48.376,48.114891052246094,0.5499,0.5232,0.0
223.36,48.547,48.114891052246094,0.5496,0.5232,-7.152941176470589
223.41,48.059,49.614891052246094,0.5496,0.5232,-7.152941176470589
223.46,48.425,49.614891052246094,0.5496,0.5232,-7.2
223.51,48.23,49.614891052246094,0.5496,0.5232,-7.2
223.56,48.083,49.614891052246094,0.5496,0.5232,7.529411764705882
223.61,48.01,49.614891052246094,0.5496,0.5232,7.529411764705882
223.66,47.79,49.614891052246094,0.5499,0.5232,7.623529411764705
223.71,48.523,49.614891052246094,0.5499,0.5232,7.623529411764705
223.76,48.816,49.614891052246094,0.5503,0.5232,7.764705882352941
223.81,49.206,49.614891052246094,0.5503,0.5232,7.764705882352941
223.86,49.377,49.614891052246094,0.5504,0.5232,7.341176470588235
223.91,49.67,49.614891052246094,0.5504,0.5232,7.341176470588235
223.96,50.037,49.614891052246094,0.5505,0.5232,7.152941176470589
224.01,49.744,49.614891052246094,0.5506,0.5232,7.152941176470589
224.06,49.939,49.614891052246094,0.5507,0.5232,-7.2
224.11,49.866,49.614891052246094,0.5511,0.5232,-7.2
224.162,49.915,49.614891052246094,0.5511,0.5232,-7.2
224.211,50.037,49.614891052246094,0.5511,0.5232,-7.152941176470589
224.261,49.621,49.614891052246094,0.5511,0.5232,-7.152941176470589
224.311,49.255,49.614891052246094,0.5511,0.5232,-7.2
224.361,48.791,49.614891052246094,0.5511,0.5232,-7.2
224.411,49.084,50.713008880615234,0.5511,0.5232,7.2
224.461,49.206,50.713008880615234,0.5511,0.5232,7.3882352941176475
224.511,49.695,50.713008880615234,0.5509,0.5232,7.3882352941176475
224.561,49.548,50.713008880615234,0.5509,0.5232,7.623529411764705
224.611,49.939,50.713008880615234,0.5505,0.5232,7.623529411764705
224.661,50.403,50.713008880615234,0.5502,0.5232,7.482352941176471
224.711,50.33,50.713008880615234,0.5492,0.5232,7.341176470588235
224.761,50.574,50.713008880615234,0.549,0.5232,7.341176470588235
224.811,50.818,50.713008880615234,0.5488,0.5232,7.2
224.861,50.696,50.713008880615234,0.5484,0.5232,7.2
224.911,51.258,50.713008880615234,0.5483,0.5232,-7.105882352941176
224.961,51.136,50.713008880615234,0.5475,0.5232,0.0
225.011,51.16,50.713008880615234,0.5472,0.5232,0.0
225.061,51.282,50.713008880615234,0.5461,0.5232,-7.2
225.111,50.989,50.713008880615234,0.5459,0.5232,-7.2
225.161,51.209,50.713008880615234,0.5446,0.5232,-7.294117647058823
225.211,50.94,50.713008880615234,0.5443,0.5232,-7.152941176470589
225.261,50.525,50.713008880615234,0.5441,0.5232,-7.152941176470589
225.311,51.502,50.713008880615234,0.5434,0.5232,-7.152941176470589
225.361,50.403,50.713008880615234,0.5423,0.5232,-7.152941176470589
225.411,50.379,49.99106979370117,0.5419,0.5232,-7.341176470588235
225.461,50.183,49.99106979370117,0.5409,0.5232,7.152941176470589
225.511,50.012,49.99106979370117,0.5398,0.5232,7.152941176470589
225.561,50.256,49.99106979370117,0.5395,0.5232,-7.152941176470589
225.611,50.281,49.99106979370117,0.5393,0.5232,-7.152941176470589
225.661,50.379,49.99106979370117,0.539,0.5232,-7.152941176470589
225.711,50.11,49.99106979370117,0.5385,0.5232,-7.152941176470589
225.761,49.89,49.99106979370117,0.538,0.5232,-7.152941176470589
225.811,49.866,49.99106979370117,0.5369,0.5232,-7.105882352941176
225.861,49.695,49.99106979370117,0.5368,0.5232,-7.105882352941176
225.911,49.499,49.99106979370117,0.5364,0.5232,7.105882352941176
225.961,49.621,49.99106979370117,0.5364,0.5232,7.152941176470589
226.011,49.939,49.99106979370117,0.5363,0.5232,7.152941176470589
226.061,50.012,49.99106979370117,0.5362,0.5232,7.2
226.111,49.89,49.99106979370117,0.5362,0.5232,7.2
226.163,50.452,49.99106979370117,0.5361,0.5232,0.0
226.212,50.623,49.99106979370117,0.5361,0.5232,7.105882352941176
226.262,50.403,49.99106979370117,0.5361,0.5232,7.105882352941176
226.312,50.623,49.99106979370117,0.5361,0.5232,-7.294117647058823
226.362,50.256,49.99106979370117,0.5361,0.5232,-7.294117647058823
226.412,50.842,50.821693420410156,0.5361,0.5232,-7.294117647058823
226.462,50.232,50.821693420410156,0.5361,0.5232,-7.152941176470589
226.512,50.208,50.821693420410156,0.5362,0.5232,-7.152941176470589
226.562,49.988,50.821693420410156,0.5365,0.5232,7.294117647058823
226.612,50.208,50.821693420410156,0.5371,0.5232,7.294117647058823
226.662,50.574,50.821693420410156,0.5373,0.5232,7.3882352941176475
226.712,50.427,50.821693420410156,0.5379,0.5232,7.294117647058823
226.762,51.087,50.821693420410156,0.5384,0.5232,7.294117647058823
226.812,51.038,50.821693420410156,0.5386,0.5232,7.2
226.862,51.306,50.821693420410156,0.5391,0.5232,7.2
226.912,51.429,50.821693420410156,0.5392,0.5232,-7.152941176470589
226.962,51.16,50.821693420410156,0.5394,0.5232,-7.152941176470589
227.012,51.502,50.821693420410156,0.5399,0.5232,-7.294117647058823
227.062,51.38,50.821693420410156,0.541,0.5232,-7.294117647058823
227.112,51.404,50.821693420410156,0.5415,0.5232,-7.294117647058823
227.162,50.525,50.821693420410156,0.5417,0.5232,-7.294117647058823
227.212,50.696,50.821693420410156,0.5417,0.5232,-7.294117647058823
227.262,50.427,50.821693420410156,0.5419,0.5232,-7.294117647058823
227.312,50.256,50.821693420410156,0.5419,0.5232,7.105882352941176
227.362,50.452,50.821693420410156,0.5424,0.5232,7.105882352941176
227.412,50.501,52.10405731201172,0.5426,0.5232,7.294117647058823
227.462,50.525,52.10405731201172,0.5426,0.5232,7.2
227.512,51.038,52.10405731201172,0.5427,0.5232,7.2
227.562,51.306,52.10405731201172,0.5429,0.5232,7.670588235294118
227.612,51.429,52.10405731201172,0.5429,0.5232,7.670588235294118
227.662,51.868,52.10405731201172,0.5429,0.5232,7.341176470588235
227.712,52.137,52.10405731201172,0.5429,0.5232,7.294117647058823
227.762,52.259,52.10405731201172,0.5429,0.5232,7.294117647058823
227.812,52.234,52.10405731201172,0.5429,0.5232,0.0
227.862,52.259,52.10405731201172,0.5427,0.5232,0.0
227.912,52.357,52.10405731201172,0.5424,0.5232,-7.105882352941176
227.962,52.308,52.10405731201172,0.5424,0.5232,-7.105882352941176
228.012,52.405,52.10405731201172,0.5423,0.5232,-7.105882352941176
228.062,52.186,52.10405731201172,0.5423,0.5232,-7.152941176470589
228.112,52.039,52.10405731201172,0.5419,0.5232,-7.152941176470589
228.164,51.893,52.10405731201172,0.5416,0.5232,-7.105882352941176
228.213,51.77,52.10405731201172,0.5415,0.5232,-7.105882352941176
228.263,51.575,52.10405731201172,0.5413,0.5232,7.152941176470589
228.313,51.697,52.10405731201172,0.5412,0.5232,7.152941176470589
228.363,51.429,52.10405731201172,0.5412,0.5232,7.247058823529412
228.413,52.137,50.60405731201172,0.5412,0.5232,7.2
228.463,52.308,50.60405731201172,0.5412,0.5232,7.2
228.513,52.625,50.60405731201172,0.5412,0.5232,-7.623529411764705
228.563,52.43,50.60405731201172,0.5412,0.5232,-7.623529411764705
228.613,52.65,50.60405731201172,0.5412,0.5232,-7.811764705882353
228.663,52.137,50.60405731201172,0.5412,0.5232,-7.764705882352941
228.713,52.112,50.60405731201172,0.5412,0.5232,-7.764705882352941
228.763,51.648,50.60405731201172,0.5414,0.5232,-7.623529411764705
228.813,51.6,50.60405731201172,0.5415,0.5232,-7.623529411764705
228.863,50.965,50.60405731201172,0.542,0.5232,-7.435294117647059
228.913,51.111,50.60405731201172,0.5422,0.5232,-7.435294117647059
228.963,50.794,50.60405731201172,0.5426,0.5232,-7.435294117647059
229.013,50.842,50.60405731201172,0.543,0.5232,-7.247058823529412
229.063,50.183,50.60405731201172,0.543,0.5232,-7.247058823529412
229.113,50.525,50.60405731201172,0.5431,0.5232,-7.152941176470589
229.163,50.354,50.60405731201172,0.5444,0.5232,7.2
229.213,50.379,50.60405731201172,0.5455,0.5232,7.2
229.263,50.476,50.60405731201172,0.5459,0.5232,7.152941176470589
229.313,50.72,50.60405731201172,0.5469,0.5232,7.152941176470589
229.363,50.891,50.60405731201172,0.5473,0.5232,7.105882352941176
229.413,51.282,50.909732818603516,0.5482,0.5232,7.105882352941176
229.463,51.551,50.909732818603516,0.549,0.5232,-7.152941176470589
229.513,51.844,50.909732818603516,0.5509,0.5232,-7.152941176470589
229.563,51.355,50.909732818603516,0.5513,0.5232,-7.294117647058823
229.613,51.673,50.909732818603516,0.5524,0.5232,-7.294117647058823
229.663,50.623,50.909732818603516,0.5536,0.5232,-7.247058823529412
229.713,51.136,50.909732818603516,0.5546,0.5232,-7.247058823529412
229.763,50.769,50.909732818603516,0.5561,0.5232,7.152941176470589
229.813,50.842,50.909732818603516,0.5567,0.5232,7.152941176470589
229.863,51.013,50.909732818603516,0.5576,0.5232,7.105882352941176
229.913,51.477,50.909732818603516,0.5588,0.5232,7.105882352941176
229.963,51.941,50.909732818603516,0.5601,0.5232,7.105882352941176
230.013,51.844,50.909732818603516,0.5617,0.5232,-7.294117647058823
230.063,51.819,50.909732818603516,0.5621,0.5232,-7.294117647058823
230.113,52.039,50.909732818603516,0.5634,0.5232,-7.3882352941176475
230.165,51.331,50.909732818603516,0.5639,0.5232,-7.3882352941176475
230.214,51.282,50.909732818603516,0.5647,0.5232,-7.3882352941176475
230.264,51.111,50.909732818603516,0.5665,0.5232,-7.2
230.314,51.233,50.909732818603516,0.5672,0.5232,-7.2
230.364,50.867,50.909732818603516,0.5685,0.5232,-7.152941176470589
230.414,50.842,49.409732818603516,0.5695,0.5232,-7.2
230.464,50.647,49.409732818603516,0.5695,0.5232,-7.2
230.514,50.647,49.409732818603516,0.5705,0.5232,-7.576470588235294
230.564,50.305,49.409732818603516,0.5708,0.5232,-7.576470588235294
230.614,50.33,49.409732818603516,0.5713,0.5232,-7.529411764705882
230.664,49.695,49.409732818603516,0.5726,0.5232,-7.529411764705882
230.714,50.012,49.409732818603516,0.5729,0.5232,-7.3882352941176475
230.764,49.621,49.409732818603516,0.5729,0.5232,-7.3882352941176475
230.814,49.621,49.409732818603516,0.5739,0.5232,-7.294117647058823
230.864,49.451,49.409732818603516,0.574,0.5232,-7.294117647058823
230.914,49.451,49.409732818603516,0.5742,0.5232,-7.152941176470589
230.964,49.182,49.409732818603516,0.5751,0.5232,-7.152941176470589
231.014,49.109,49.409732818603516,0.5752,0.5232,0.0
231.064,49.084,49.409732818603516,0.5757,0.5232,0.0
231.114,49.231,49.409732818603516,0.5759,0.5232,7.152941176470589
231.164,48.962,49.409732818603516,0.5764,0.5232,7.2
231.214,49.231,49.409732818603516,0.5766,0.5232,7.2
231.264,49.548,49.409732818603516,0.5771,0.5232,7.247058823529412
231.314,49.768,49.409732818603516,0.5773,0.5232,7.247058823529412
231.364,50.11,49.409732818603516,0.5778,0.5232,-7.105882352941176
231.414,50.354,50.06617736816406,0.5785,0.5232,-7.2
231.464,49.988,50.06617736816406,0.5788,0.5232,-7.2
231.514,50.281,50.06617736816406,0.5792,0.5232,-7.152941176470589
231.564,49.524,50.06617736816406,0.5793,0.5232,-7.152941176470589
231.614,49.621,50.06617736816406,0.5797,0.5232,-7.152941176470589
231.664,49.475,50.06617736816406,0.5801,0.5232,7.247058823529412
231.714,49.499,50.06617736816406,0.581,0.5232,7.247058823529412
231.764,49.768,50.06617736816406,0.5814,0.5232,7.294117647058823
231.814,49.792,50.06617736816406,0.5828,0.5232,7.294117647058823
231.864,50.232,50.06617736816406,0.5829,0.5232,7.152941176470589
231.914,50.403,50.06617736816406,0.583,0.5232,7.152941176470589
231.964,50.72,50.06617736816406,0.5839,0.5232,7.152941176470589
232.014,50.842,50.06617736816406,0.584,0.5232,-7.2
232.064,50.476,50.06617736816406,0.585,0.5232,-7.2
232.114,50.794,50.06617736816406,0.5862,0.5232,-7.341176470588235
232.166,50.354,50.06617736816406,0.5869,0.5232,-7.2
232.215,50.012,50.06617736816406,0.5873,0.5232,-7.2
232.265,50.305,50.06617736816406,0.5886,0.5232,-7.152941176470589
232.315,50.232,50.06617736816406,0.589,0.5232,-7.152941176470589
232.365,49.695,50.06617736816406,0.5893,0.5232,-7.152941176470589
232.415,50.037,51.46629333496094,0.5904,0.5232,-7.105882352941176
232.465,49.841,51.46629333496094,0.5906,0.5232,-7.105882352941176
232.515,49.695,51.46629333496094,0.5914,0.5232,7.576470588235294
232.565,49.499,51.46629333496094,0.5921,0.5232,7.576470588235294
232.615,50.061,51.46629333496094,0.5925,0.5232,7.7176470588235295
232.665,50.256,51.46629333496094,0.5927,0.5232,7.811764705882353
232.715,51.038,51.46629333496094,0.5936,0.5232,7.811764705882353
232.765,51.551,51.46629333496094,0.5942,0.5232,7.529411764705882
232.815,51.355,51.46629333496094,0.5945,0.5232,7.529411764705882
232.865,51.429,51.46629333496094,0.5956,0.5232,-7.105882352941176
232.915,51.526,51.46629333496094,0.5958,0.5232,7.105882352941176
232.965,51.722,51.46629333496094,0.5961,0.5232,7.105882352941176
233.015,51.722,51.46629333496094,0.5969,0.5232,0.0
233.065,51.746,51.46629333496094,0.597,0.5232,0.0
233.115,51.868,51.46629333496094,0.5976,0.5232,-7.152941176470589
233.165,51.795,51.46629333496094,0.5977,0.5232,-7.152941176470589
233.215,51.917,51.46629333496094,0.5981,0.5232,-7.152941176470589
233.265,51.575,51.46629333496094,0.5981,0.5232,-7.2
233.315,51.502,51.46629333496094,0.5984,0.5232,-7.2
233.365,51.209,51.46629333496094,0.5984,0.5232,-7.105882352941176
233.415,51.062,49.96629333496094,0.5985,0.5232,0.0
233.465,51.087,49.96629333496094,0.5986,0.5232,0.0
233.515,51.111,49.96629333496094,0.5986,0.5232,-7.482352941176471
233.565,51.013,49.96629333496094,0.5987,0.5232,-7.482352941176471
233.615,50.965,49.96629333496094,0.5987,0.5232,-7.482352941176471
233.665,50.305,49.96629333496094,0.5987,0.5232,-7.482352941176471
233.715,50.501,49.96629333496094,0.5987,0.5232,-7.435294117647059
233.765,50.183,49.96629333496094,0.5989,0.5232,-7.435294117647059
233.815,50.305,49.96629333496094,0.599,0.5232,-7.247058823529412
233.865,49.646,49.96629333496094,0.599,0.5232,-7.152941176470589
233.915,49.988,49.96629333496094,0.5991,0.5232,-7.152941176470589
233.965,49.792,49.96629333496094,0.5991,0.5232,7.2
234.015,49.792,49.96629333496094,0.5992,0.5232,7.2
234.065,49.646,49.96629333496094,0.5993,0.5232,7.105882352941176
234.115,49.915,49.96629333496094,0.5993,0.5232,7.105882352941176
234.167,50.354,49.96629333496094,0.5995,0.5232,7.105882352941176
234.216,50.696,49.96629333496094,0.5995,0.5232,0.0
234.266,50.72,49.96629333496094,0.5995,0.5232,0.0
234.316,50.965,49.96629333496094,0.6002,0.5232,-7.341176470588235
234.366,50.598,49.96629333496094,0.6002,0.5232,-7.341176470588235
234.416,50.965,48.46629333496094,0.6006,0.5232,-7.341176470588235
234.466,50.403,48.46629333496094,0.6007,0.5232,-7.294117647058823
234.516,50.452,48.46629333496094,0.6008,0.5232,-7.294117647058823
234.566,50.159,48.46629333496094,0.6017,0.5232,-7.764705882352941
234.616,50.061,48.46629333496094,0.6018,0.5232,-7.764705882352941
234.666,49.744,48.46629333496094,0.603,0.5232,-7.7176470588235295
234.716,49.597,48.46629333496094,0.6036,0.5232,-7.7176470588235295
234.766,49.28,48.46629333496094,0.6036,0.5232,-7.529411764705882
234.816,49.182,48.46629333496094,0.6042,0.5232,-7.529411764705882
234.866,48.889,48.46629333496094,0.6047,0.5232,-7.3882352941176475
234.916,48.84,48.46629333496094,0.6048,0.5232,-7.3882352941176475
234.966,48.718,48.46629333496094,0.6055,0.5232,-7.2
235.016,48.767,48.46629333496094,0.6066,0.5232,-7.2
235.066,48.449,48.46629333496094,0.6069,0.5232,-7.152941176470589
235.116,48.596,48.46629333496094,0.608,0.5232,-7.152941176470589
235.166,48.474,48.46629333496094,0.608,0.5232,-7.152941176470589
235.216,48.425,48.46629333496094,0.6089,0.5232,-7.105882352941176
235.266,47.839,48.46629333496094,0.6091,0.5232,-7.105882352941176
235.316,48.059,48.46629333496094,0.6092,0.5232,0.0
235.366,48.23,48.46629333496094,0.6103,0.5232,7.294117647058823
235.416,48.107,49.96629333496094,0.6103,0.5232,7.294117647058823
235.466,48.376,49.96629333496094,0.6106,0.5232,7.152941176470589
235.516,48.571,49.96629333496094,0.6111,0.5232,7.152941176470589
235.566,49.011,49.96629333496094,0.6113,0.5232,7.670588235294118
235.616,49.28,49.96629333496094,0.6118,0.5232,7.670588235294118
235.666,49.353,49.96629333496094,0.6118,0.5232,7.435294117647059
235.716,49.67,49.96629333496094,0.6121,0.5232,7.435294117647059
235.766,49.792,49.96629333496094,0.6123,0.5232,7.294117647058823
235.816,50.232,49.96629333496094,0.6124,0.5232,7.294117647058823
235.866,50.256,49.96629333496094,0.6124,0.5232,7.105882352941176
235.916,50.549,49.96629333496094,0.6124,0.5232,-7.152941176470589
235.966,50.281,49.96629333496094,0.6124,0.5232,-7.152941176470589
236.016,50.647,49.96629333496094,0.6124,0.5232,-7.294117647058823
236.066,49.841,49.96629333496094,0.6124,0.5232,-7.294117647058823
236.116,49.524,49.96629333496094,0.6124,0.5232,-7.294117647058823
236.168,49.939,49.96629333496094,0.6123,0.5232,7.105882352941176
236.217,49.621,49.96629333496094,0.6118,0.5232,7.105882352941176
236.267,49.963,49.96629333496094,0.6115,0.5232,0.0
236.317,49.988,49.96629333496094,0.6111,0.5232,0.0
236.367,49.939,49.96629333496094,0.6105,0.5232,0.0
236.417,49.963,50.56553649902344,0.6101,0.5232,0.0
236.467,49.988,50.56553649902344,0.61,0.5232,0.0
236.517,50.037,50.56553649902344,0.6095,0.5232,0.0
236.567,50.061,50.56553649902344,0.6089,0.5232,7.294117647058823
236.617,50.208,50.56553649902344,0.6083,0.5232,7.247058823529412
236.667,50.476,50.56553649902344,0.6078,0.5232,7.247058823529412
236.717,50.916,50.56553649902344,0.6065,0.5232,7.2
236.767,51.111,50.56553649902344,0.6063,0.5232,7.2
236.817,51.111,50.56553649902344,0.606,0.5232,-7.2
236.867,51.209,50.56553649902344,0.6052,0.5232,-7.2
236.917,51.453,50.56553649902344,0.6049,0.5232,-7.247058823529412
236.967,50.818,50.56553649902344,0.6042,0.5232,-7.247058823529412
237.017,50.745,50.56553649902344,0.6037,0.5232,-7.3882352941176475
237.067,50.672,50.56553649902344,0.6029,0.5232,-7.3882352941176475
237.117,50.476,50.56553649902344,0.6024,0.5232,-7.105882352941176
237.167,50.501,50.56553649902344,0.6015,0.5232,-7.105882352941176
237.217,50.256,50.56553649902344,0.6013,0.5232,7.105882352941176
237.267,50.33,50.56553649902344,0.6012,0.5232,7.105882352941176
237.317,50.989,50.56553649902344,0.6006,0.5232,7.152941176470589
237.367,50.72,50.56553649902344,0.6005,0.5232,7.152941176470589
237.417,51.16,49.75047302246094,0.5999,0.5232,7.152941176470589
237.467,50.598,49.75047302246094,0.5997,0.5232,-7.105882352941176
237.517,51.429,49.75047302246094,0.5996,0.5232,-7.105882352941176
237.567,51.013,49.75047302246094,0.5992,0.5232,-7.3882352941176475
237.617,50.965,49.75047302246094,0.5992,0.5232,-7.670588235294118
237.667,50.403,49.75047302246094,0.5992,0.5232,-7.670588235294118
237.717,50.549,49.75047302246094,0.5992,0.5232,-7.529411764705882
237.767,50.476,49.75047302246094,0.5992,0.5232,-7.529411764705882
237.817,50.33,49.75047302246094,0.5992,0.5232,-7.341176470588235
237.867,50.134,49.75047302246094,0.5992,0.5232,-7.341176470588235
237.917,49.866,49.75047302246094,0.5992,0.5232,-7.341176470588235
237.967,49.695,49.75047302246094,0.5992,0.5232,-7.2
238.017,49.646,49.75047302246094,0.5993,0.5232,-7.2
238.067,49.475,49.75047302246094,0.5993,0.5232,0.0
238.117,49.548,49.75047302246094,0.5996,0.5232,7.105882352941176
238.169,48.938,49.75047302246094,0.5996,0.5232,7.152941176470589
238.218,49.695,49.75047302246094,0.5996,0.5232,7.152941176470589
238.268,49.646,49.75047302246094,0.5998,0.5232,7.152941176470589
238.318,50.208,49.75047302246094,0.5999,0.5232,0.0
238.368,50.232,49.75047302246094,0.6001,0.5232,7.105882352941176
238.418,50.427,49.623809814453125,0.6002,0.5232,7.105882352941176
238.468,50.574,49.623809814453125,0.6005,0.5232,-7.247058823529412
238.518,50.476,49.623809814453125,0.6005,0.5232,-7.247058823529412
238.568,50.672,49.623809814453125,0.6005,0.5232,-7.435294117647059
238.618,50.525,49.623809814453125,0.6005,0.5232,-7.3882352941176475
238.668,49.744,49.623809814453125,0.6005,0.5232,-7.3882352941176475
238.718,50.037,49.623809814453125,0.6005,0.5232,-7.3882352941176475
238.768,49.89,49.623809814453125,0.6005,0.5232,-7.3882352941176475
238.818,49.573,49.623809814453125,0.6003,0.5232,-7.2
238.868,49.499,49.623809814453125,0.6003,0.5232,-7.152941176470589
238.918,49.524,49.623809814453125,0.6002,0.5232,-7.152941176470589
238.968,49.402,49.623809814453125,0.6002,0.5232,7.105882352941176
239.018,49.451,49.623809814453125,0.6001,0.5232,7.105882352941176
239.068,49.158,49.623809814453125,0.6,0.5232,7.152941176470589
239.118,49.377,49.623809814453125,0.5996,0.5232,7.105882352941176
239.168,49.817,49.623809814453125,0.599,0.5232,7.105882352941176
239.218,50.183,49.623809814453125,0.5989,0.5232,7.152941176470589
239.268,50.476,49.623809814453125,0.5988,0.5232,7.152941176470589
239.318,50.72,49.623809814453125,0.5985,0.5232,-7.247058823529412
239.368,50.916,49.623809814453125,0.598,0.5232,-7.3882352941176475
239.418,51.038,51.06475830078125,0.5973,0.5232,-7.3882352941176475
239.468,50.476,51.06475830078125,0.5972,0.5232,-7.529411764705882
239.518,50.256,51.06475830078125,0.5965,0.5232,-7.529411764705882
239.568,50.037,51.06475830078125,0.5961,0.5232,7.294117647058823
239.618,49.89,51.06475830078125,0.5955,0.5232,7.341176470588235
239.668,50.11,51.06475830078125,0.5954,0.5232,7.341176470588235
239.718,50.159,51.06475830078125,0.5949,0.5232,7.482352941176471
239.768,50.598,51.06475830078125,0.5945,0.5232,7.482352941176471
239.818,50.867,51.06475830078125,0.5941,0.5232,7.3882352941176475
239.868,51.624,51.06475830078125,0.5936,0.5232,7.247058823529412
239.918,51.429,51.06475830078125,0.5926,0.5232,7.247058823529412
239.968,51.746,51.06475830078125,0.5925,0.5232,-7.247058823529412
240.018,51.819,51.06475830078125,0.5918,0.5232,-7.247058823529412
240.068,51.624,51.06475830078125,0.5915,0.5232,-7.294117647058823
240.118,51.502,51.06475830078125,0.5915,0.5232,-7.341176470588235
240.17,51.355,51.06475830078125,0.5913,0.5232,-7.2
240.219,49.499,51.06475830078125,0.5905,0.5232,-7.2
240.269,51.184,51.06475830078125,0.5905,0.5232,-7.2
240.319,50.891,51.06475830078125,0.5897,0.5232,7.670588235294118
240.369,50.989,51.06475830078125,0.5895,0.5232,7.670588235294118
240.419,51.087,49.564762115478516,0.5894,0.5232,7.105882352941176
240.469,51.477,49.564762115478516,0.5889,0.5232,7.105882352941176
240.519,51.868,49.564762115478516,0.5888,0.5232,-7.623529411764705
240.569,51.477,49.564762115478516,0.5888,0.5232,-7.764705882352941
240.619,51.477,49.564762115478516,0.5882,0.5232,-7.764705882352941
240.669,50.94,49.564762115478516,0.5882,0.5232,-7.764705882352941
240.719,50.183,49.564762115478516,0.5881,0.5232,-7.764705882352941
240.769,50.818,49.564762115478516,0.5881,0.5232,-7.576470588235294
240.819,50.769,49.564762115478516,0.5879,0.5232,-7.576470588235294
240.869,50.598,49.564762115478516,0.5879,0.5232,-7.529411764705882
240.919,50.11,49.564762115478516,0.5879,0.5232,-7.529411764705882
240.969,50.159,49.564762115478516,0.5879,0.5232,-7.435294117647059
241.019,50.134,49.564762115478516,0.5879,0.5232,-7.435294117647059
241.069,49.475,49.564762115478516,0.5879,0.5232,-7.294117647058823
241.119,49.89,49.564762115478516,0.588,0.5232,-7.294117647058823
241.169,49.548,49.564762115478516,0.588,0.5232,7.105882352941176
241.219,49.915,49.564762115478516,0.588,0.5232,7.105882352941176
241.269,49.768,49.564762115478516,0.588,0.5232,0.0
241.319,49.817,49.564762115478516,0.588,0.5232,0.0
241.369,49.841,49.564762115478516,0.5882,0.5232,-7.152941176470589
241.419,49.548,51.01872634887695,0.5883,0.5232,-7.152941176470589
241.469,49.28,51.01872634887695,0.5885,0.5232,-7.152941176470589
241.519,49.475,51.01872634887695,0.5886,0.5232,-7.152941176470589
241.569,49.353,51.01872634887695,0.5886,0.5232,7.7176470588235295
241.619,49.621,51.01872634887695,0.5889,0.5232,7.623529411764705
241.669,49.744,51.01872634887695,0.5891,0.5232,7.623529411764705
241.719,50.256,51.01872634887695,0.5892,0.5232,7.576470588235294
241.769,50.745,51.01872634887695,0.5892,0.5232,7.576470588235294
241.819,50.916,51.01872634887695,0.5893,0.5232,7.341176470588235
241.869,50.867,51.01872634887695,0.5893,0.5232,7.341176470588235
241.919,51.282,51.01872634887695,0.5899,0.5232,7.105882352941176
241.969,51.526,51.01872634887695,0.59,0.5232,7.105882352941176
242.019,51.6,51.01872634887695,0.5901,0.5232,-7.152941176470589
242.069,51.38,51.01872634887695,0.5902,0.5232,-7.152941176470589
242.119,51.282,51.01872634887695,0.5902,0.5232,-7.294117647058823
242.171,51.233,51.01872634887695,0.5902,0.5232,-7.294117647058823
242.22,50.72,51.01872634887695,0.5902,0.5232,-7.152941176470589
242.27,50.94,51.01872634887695,0.5902,0.5232,-7.152941176470589
242.32,50.769,51.01872634887695,0.5901,0.5232,7.152941176470589
242.37,50.794,51.01872634887695,0.5901,0.5232,7.105882352941176
242.42,50.647,49.51872634887695,0.59,0.5232,7.105882352941176
242.47,51.013,49.51872634887695,0.59,0.5232,7.152941176470589
242.52,51.502,49.51872634887695,0.59,0.5232,7.152941176470589
242.57,51.746,49.51872634887695,0.5891,0.5232,-7.623529411764705
242.62,51.722,49.51872634887695,0.589,0.5232,-7.811764705882353
242.67,51.209,49.51872634887695,0.5889,0.5232,-7.811764705882353
242.72,51.306,49.51872634887695,0.5889,0.5232,-7.905882352941177
242.77,51.038,49.51872634887695,0.5888,0.5232,-7.905882352941177
242.82,50.72,49.51872634887695,0.5885,0.5232,-7.7176470588235295
242.87,50.037,49.51872634887695,0.5884,0.5232,-7.7176470588235295
242.92,50.842,49.51872634887695,0.5881,0.5232,-7.529411764705882
242.97,50.061,49.51872634887695,0.5877,0.5232,-7.529411764705882
243.02,49.524,49.51872634887695,0.5876,0.5232,-7.576470588235294
243.07,49.768,49.51872634887695,0.5873,0.5232,-7.576470588235294
243.12,49.548,49.51872634887695,0.5869,0.5232,0.0
243.17,49.524,49.51872634887695,0.5861,0.5232,0.0
243.22,49.548,49.51872634887695,0.5857,0.5232,0.0
243.27,49.524,49.51872634887695,0.5857,0.5232,0.0
243.32,49.524,49.51872634887695,0.5855,0.5232,0.0
243.37,49.573,49.51872634887695,0.5855,0.5232,0.0
243.42,49.548,50.76348114013672,0.5854,0.5232,0.0
243.47,49.548,50.76348114013672,0.5854,0.5232,0.0
243.52,49.548,50.76348114013672,0.5854,0.5232,0.0
243.57,49.499,50.76348114013672,0.5854,0.5232,7.529411764705882
243.62,49.426,50.76348114013672,0.5854,0.5232,7.529411764705882
243.67,49.621,50.76348114013672,0.5854,0.5232,7.529411764705882
243.72,50.427,50.76348114013672,0.5855,0.5232,7.576470588235294
243.77,50.403,50.76348114013672,0.5855,0.5232,7.576470588235294
243.82,50.476,50.76348114013672,0.5855,0.5232,7.2
243.87,50.94,50.76348114013672,0.5856,0.5232,7.2
243.92,51.233,50.76348114013672,0.5856,0.5232,7.2
243.97,51.502,50.76348114013672,0.5857,0.5232,-7.105882352941176
244.02,51.648,50.76348114013672,0.5859,0.5232,-7.105882352941176
244.07,51.258,50.76348114013672,0.5863,0.5232,-7.341176470588235
244.12,51.697,50.76348114013672,0.5864,0.5232,-7.341176470588235
244.172,50.867,50.76348114013672,0.5869,0.5232,-7.247058823529412
244.221,50.769,50.76348114013672,0.5875,0.5232,-7.247058823529412
244.271,50.794,50.76348114013672,0.5875,0.5232,-7.105882352941176
244.321,50.598,50.76348114013672,0.5876,0.5232,-7.105882352941176
244.371,50.354,50.76348114013672,0.5878,0.5232,0.0
244.421,50.354,49.53837966918945,0.5886,0.5232,0.0
244.471,50.452,49.53837966918945,0.5886,0.5232,7.2
244.521,50.403,49.53837966918945,0.5888,0.5232,-7.3882352941176475
244.571,50.208,49.53837966918945,0.5892,0.5232,-7.3882352941176475
244.621,50.037,49.53837966918945,0.5893,0.5232,-7.3882352941176475
244.671,50.159,49.53837966918945,0.5894,0.5232,-7.3882352941176475
244.721,50.134,49.53837966918945,0.5894,0.5232,-7.247058823529412
244.771,49.573,49.53837966918945,0.5894,0.5232,-7.247058823529412
244.821,49.817,49.53837966918945,0.5894,0.5232,-7.294117647058823
244.871,49.573,49.53837966918945,0.5894,0.5232,-7.294117647058823
244.921,48.987,49.53837966918945,0.5894,0.5232,-7.152941176470589
244.971,49.451,49.53837966918945,0.5894,0.5232,-7.152941176470589
245.021,49.353,49.53837966918945,0.5894,0.5232,7.247058823529412
245.071,49.402,49.53837966918945,0.5894,0.5232,7.105882352941176
245.121,49.915,49.53837966918945,0.5894,0.5232,7.105882352941176
245.171,49.646,49.53837966918945,0.5893,0.5232,7.105882352941176
245.221,49.792,49.53837966918945,0.5892,0.5232,7.105882352941176
245.271,50.256,49.53837966918945,0.5891,0.5232,-7.105882352941176
245.321,50.525,49.53837966918945,0.589,0.5232,-7.152941176470589
245.371,49.988,49.53837966918945,0.589,0.5232,-7.152941176470589
245.421,50.085,48.48311996459961,0.5889,0.5232,-7.435294117647059
245.471,49.915,48.48311996459961,0.5889,0.5232,-7.435294117647059
245.521,49.744,48.48311996459961,0.5885,0.5232,-7.670588235294118
245.571,49.426,48.48311996459961,0.5884,0.5232,-7.576470588235294
245.621,49.451,48.48311996459961,0.5881,0.5232,-7.576470588235294
245.671,49.28,48.48311996459961,0.5878,0.5232,-7.435294117647059
245.721,49.035,48.48311996459961,0.5878,0.5232,-7.435294117647059
245.771,48.791,48.48311996459961,0.5875,0.5232,-7.341176470588235
245.821,48.742,48.48311996459961,0.5872,0.5232,-7.247058823529412
245.871,48.23,48.48311996459961,0.5871,0.5232,-7.247058823529412
245.921,48.669,48.48311996459961,0.5869,0.5232,-7.152941176470589
245.971,48.083,48.48311996459961,0.5869,0.5232,-7.152941176470589
246.021,48.425,48.48311996459961,0.5868,0.5232,-7.105882352941176
246.071,48.254,48.48311996459961,0.5866,0.5232,7.2
246.121,48.352,48.48311996459961,0.5866,0.5232,7.2
246.173,48.596,48.48311996459961,0.5866,0.5232,7.152941176470589
246.222,48.4,48.48311996459961,0.5866,0.5232,7.152941176470589
246.272,49.084,48.48311996459961,0.5866,0.5232,-7.105882352941176
246.322,49.182,48.48311996459961,0.5866,0.5232,-7.105882352941176
246.372,48.962,48.48311996459961,0.5866,0.5232,-7.294117647058823
246.422,48.84,49.983123779296875,0.5866,0.5232,-7.294117647058823
246.472,48.694,49.983123779296875,0.5866,0.5232,-7.247058823529412
246.522,48.547,49.983123779296875,0.5866,0.5232,-7.247058823529412
246.572,48.449,49.983123779296875,0.5866,0.5232,7.529411764705882
246.622,48.23,49.983123779296875,0.5867,0.5232,7.529411764705882
246.672,48.181,49.983123779296875,0.5868,0.5232,7.623529411764705
246.722,49.06,49.983123779296875,0.5868,0.5232,7.623529411764705
246.772,49.377,49.983123779296875,0.5868,0.5232,7.7176470588235295
246.822,49.719,49.983123779296875,0.5869,0.5232,7.3882352941176475
246.872,50.159,49.983123779296875,0.5869,0.5232,7.3882352941176475
246.922,49.939,49.983123779296875,0.5869,0.5232,7.152941176470589
246.972,50.159,49.983123779296875,0.5869,0.5232,7.152941176470589
247.022,50.403,49.983123779296875,0.5869,0.5232,0.0
247.072,50.427,49.983123779296875,0.5869,0.5232,-7.105882352941176
247.122,50.696,49.983123779296875,0.5868,0.5232,-7.105882352941176
247.172,50.208,49.983123779296875,0.5868,0.5232,-7.247058823529412
247.222,50.501,49.983123779296875,0.5868,0.5232,-7.247058823529412
247.272,49.744,49.983123779296875,0.5867,0.5232,-7.152941176470589
247.322,50.012,49.983123779296875,0.5863,0.5232,-7.152941176470589
247.372,49.646,49.983123779296875,0.5862,0.5232,7.152941176470589
247.422,49.792,48.48311996459961,0.5861,0.5232,7.152941176470589
247.472,50.159,48.48311996459961,0.5856,0.5232,7.2
247.522,50.232,48.48311996459961,0.5852,0.5232,7.2
247.572,50.379,48.48311996459961,0.5845,0.5232,-7.670588235294118
247.622,50.574,48.48311996459961,0.5843,0.5232,-7.670588235294118
247.672,50.232,48.48311996459961,0.5835,0.5232,-7.764705882352941
247.722,50.037,48.48311996459961,0.5834,0.5232,-7.764705882352941
247.772,49.573,48.48311996459961,0.5832,0.5232,-7.7176470588235295
247.822,49.646,48.48311996459961,0.5825,0.5232,-7.623529411764705
247.872,49.377,48.48311996459961,0.5822,0.5232,-7.623529411764705
247.922,49.182,48.48311996459961,0.5811,0.5232,-7.482352941176471
247.972,48.816,48.48311996459961,0.5806,0.5232,-7.482352941176471
248.022,48.816,48.48311996459961,0.5805,0.5232,-7.341176470588235
248.072,47.326,48.48311996459961,0.5791,0.5232,-7.2
248.122,48.694,48.48311996459961,0.579,0.5232,-7.2
248.174,48.694,48.48311996459961,0.5788,0.5232,7.482352941176471
248.223,48.449,48.48311996459961,0.5777,0.5232,7.482352941176471
248.273,48.742,48.48311996459961,0.5764,0.5232,-7.152941176470589
248.323,48.864,48.48311996459961,0.5763,0.5232,-7.152941176470589
248.373,48.523,48.48311996459961,0.576,0.5232,-7.152941176470589
248.423,48.669,49.983123779296875,0.5757,0.5232,-7.152941176470589
248.473,48.376,49.983123779296875,0.5748,0.5232,0.0
248.523,48.547,49.983123779296875,0.5743,0.5232,7.576470588235294
248.573,48.62,49.983123779296875,0.5743,0.5232,7.576470588235294
248.623,48.254,49.983123779296875,0.5738,0.5232,7.576470588235294
248.673,49.304,49.983123779296875,0.5732,0.5232,7.576470588235294
248.723,49.231,49.983123779296875,0.5726,0.5232,7.7176470588235295
248.773,49.353,49.983123779296875,0.5725,0.5232,7.294117647058823
248.823,49.866,49.983123779296875,0.5723,0.5232,7.294117647058823
248.873,49.988,49.983123779296875,0.5721,0.5232,7.294117647058823
248.923,50.281,49.983123779296875,0.5721,0.5232,7.294117647058823
248.973,50.403,49.983123779296875,0.5719,0.5232,0.0
249.023,50.574,49.983123779296875,0.5719,0.5232,-7.152941176470589
249.073,50.476,49.983123779296875,0.5718,0.5232,-7.152941176470589
249.123,50.72,49.983123779296875,0.5718,0.5232,-7.294117647058823
249.173,49.719,49.983123779296875,0.5716,0.5232,-7.294117647058823
249.223,49.963,49.983123779296875,0.5716,0.5232,-7.341176470588235
249.273,49.744,49.983123779296875,0.5716,0.5232,7.152941176470589
249.323,49.89,49.983123779296875,0.5713,0.5232,7.152941176470589
249.373,49.963,49.983123779296875,0.5713,0.5232,7.152941176470589
249.423,50.623,50.347930908203125,0.5711,0.5232,7.152941176470589
249.473,50.403,50.347930908203125,0.5709,0.5232,0.0
249.523,50.452,50.347930908203125,0.5708,0.5232,-7.152941176470589
249.573,50.379,50.347930908203125,0.5707,0.5232,-7.152941176470589
249.623,50.574,50.347930908203125,0.5707,0.5232,-7.105882352941176
249.673,49.744,50.347930908203125,0.5705,0.5232,-7.105882352941176
249.723,50.256,50.347930908203125,0.5704,0.5232,-7.152941176470589
249.773,49.915,50.347930908203125,0.5701,0.5232,7.294117647058823
249.823,49.841,50.347930908203125,0.5699,0.5232,7.294117647058823
249.873,50.647,50.347930908203125,0.5697,0.5232,7.2
249.923,50.305,50.347930908203125,0.5697,0.5232,7.2
249.973,50.672,50.347930908203125,0.569,0.5232,-7.152941176470589
250.023,50.891,50.347930908203125,0.5689,0.5232,-7.152941176470589
250.073,50.452,50.347930908203125,0.568,0.5232,-7.2
250.123,50.574,50.347930908203125,0.5674,0.5232,-7.2
250.175,50.159,50.347930908203125,0.5671,0.5232,-7.105882352941176
250.224,50.012,50.347930908203125,0.5668,0.5232,-7.105882352941176
250.274,50.281,50.347930908203125,0.566,0.5232,7.152941176470589
250.324,50.11,50.347930908203125,0.5658,0.5232,7.152941176470589
250.374,50.232,50.347930908203125,0.5654,0.5232,7.105882352941176
