time_s,actuator_mm,actuator_setpoint_mm,depth_filtered_m,depth_setpoint_m,motor_cmd
0.352,99.17,50.0,0.8415,0.2101,0.0
0.401,99.145,50.0,0.8415,0.2101,0.0
0.451,99.145,50.0,0.8402,0.2101,0.0
0.501,99.145,50.0,0.8402,0.2101,0.0
0.551,99.194,50.0,0.8401,0.2101,0.0
0.601,99.145,50.0,0.8402,0.2101,0.0
0.651,99.145,50.0,0.8402,0.2101,0.0
0.701,99.145,50.0,0.8402,0.2101,0.0
0.751,99.145,50.0,0.8402,0.2101,0.0
0.801,99.121,50.0,0.8403,0.2101,0.0
0.851,99.145,50.0,0.8403,0.2101,0.0
0.901,99.17,50.0,0.8406,0.2101,0.0
0.951,99.145,50.0,0.8406,0.2101,0.0
1.001,99.121,50.0,0.8406,0.2101,0.0
1.051,99.121,50.0,0.8405,0.2101,0.0
1.101,99.145,50.0,0.8405,0.2101,0.0
1.151,99.121,50.0,0.8405,0.2101,0.0
1.201,99.121,50.0,0.8406,0.2101,0.0
1.251,99.145,50.0,0.8406,0.2101,0.0
1.301,99.121,42.3021125793457,0.8406,0.2101,0.0
1.356,99.121,42.3021125793457,0.8407,0.2101,-12.0
1.405,97.973,42.3021125793457,0.8408,0.2101,-12.0
1.455,96.752,42.3021125793457,0.8408,0.2101,-12.0
1.505,95.58,42.3021125793457,0.8408,0.2101,-12.0
1.555,94.115,42.3021125793457,0.8407,0.2101,-12.0
1.605,92.821,42.3021125793457,0.8407,0.2101,-12.0
1.655,91.404,42.3021125793457,0.8407,0.2101,-12.0
1.705,90.134,42.3021125793457,0.8407,0.2101,-12.0
1.755,88.962,42.3021125793457,0.8407,0.2101,-12.0
1.805,87.766,42.3021125793457,0.8407,0.2101,-12.0
1.855,86.545,42.3021125793457,0.8407,0.2101,-12.0
1.905,85.47,42.3021125793457,0.8407,0.2101,-12.0
1.955,84.274,42.3021125793457,0.8406,0.2101,-12.0
2.005,83.126,42.3021125793457,0.8406,0.2101,-12.0
2.055,82.002,42.3021125793457,0.8406,0.2101,-12.0
2.105,81.954,42.3021125793457,0.8405,0.2101,-12.0
2.155,79.902,42.3021125793457,0.8402,0.2101,-12.0
2.205,78.803,42.3021125793457,0.8402,0.2101,-12.0
2.255,77.753,42.3021125793457,0.8402,0.2101,-12.0
2.305,76.801,43.80211639404297,0.8398,0.2101,-12.0
2.355,75.824,43.80211639404297,0.8398,0.2101,-12.0
2.405,74.799,43.80211639404297,0.8397,0.2101,-12.0
2.455,73.773,43.80211639404297,0.8394,0.2101,-12.0
2.505,72.869,43.80211639404297,0.8392,0.2101,-12.0
2.555,71.819,43.80211639404297,0.839,0.2101,-12.0
2.605,70.891,43.80211639404297,0.8387,0.2101,-12.0
2.655,69.866,43.80211639404297,0.8386,0.2101,-12.0
2.705,68.987,43.80211639404297,0.8381,0.2101,-12.0
2.755,68.01,43.80211639404297,0.8379,0.2101,-12.0
2.805,67.057,43.80211639404297,0.8376,0.2101,-12.0
2.855,65.958,43.80211639404297,0.8375,0.2101,-12.0
2.905,65.079,43.80211639404297,0.8375,0.2101,-12.0
2.955,63.98,43.80211639404297,0.8371,0.2101,-12.0
3.005,63.077,43.80211639404297,0.837,0.2101,-12.0
3.055,62.027,43.80211639404297,0.8365,0.2101,-12.0
3.105,61.148,43.80211639404297,0.8364,0.2101,-12.0
3.155,60.195,43.80211639404297,0.8362,0.2101,-12.0
3.205,59.267,43.80211639404297,0.8361,0.2101,-12.0
3.255,58.339,43.80211639404297,0.8359,0.2101,-12.0
3.305,57.338,45.3021125793457,0.8358,0.2101,-12.0
3.355,56.41,45.3021125793457,0.8357,0.2101,-12.0
3.405,55.458,45.3021125793457,0.8356,0.2101,-12.0
3.455,54.505,45.3021125793457,0.8354,0.2101,-11.24705882352941
3.505,53.919,45.3021125793457,0.8354,0.2101,-11.24705882352941
3.555,52.65,45.3021125793457,0.8352,0.2101,-10.541176470588235
3.605,52.552,45.3021125793457,0.8348,0.2101,-10.305882352941177
3.655,51.77,45.3021125793457,0.8348,0.2101,-10.305882352941177
3.705,51.38,45.3021125793457,0.8344,0.2101,-9.788235294117648
3.755,50.867,45.3021125793457,0.8343,0.2101,-9.788235294117648
3.805,50.256,45.3021125793457,0.8337,0.2101,-9.364705882352942
3.855,49.817,45.3021125793457,0.8337,0.2101,-9.176470588235293
3.905,49.597,45.3021125793457,0.8333,0.2101,-9.176470588235293
3.955,48.889,45.3021125793457,0.8329,0.2101,-8.75294117647059
4.005,48.523,45.3021125793457,0.8329,0.2101,-8.75294117647059
4.055,48.327,45.3021125793457,0.8325,0.2101,-8.423529411764706
4.105,48.107,45.3021125793457,0.8323,0.2101,-8.282352941176471
4.155,47.717,45.3021125793457,0.8322,0.2101,-8.282352941176471
4.205,47.546,45.3021125793457,0.8318,0.2101,-8.094117647058823
4.255,47.375,45.3021125793457,0.8317,0.2101,-8.094117647058823
4.305,47.131,46.80211639404297,0.8316,0.2101,-7.905882352941177
4.355,47.009,46.80211639404297,0.8314,0.2101,-7.858823529411764
4.405,46.105,46.80211639404297,0.8314,0.2101,-7.858823529411764
4.455,46.862,46.80211639404297,0.8314,0.2101,-7.152941176470589
4.505,46.569,46.80211639404297,0.8314,0.2101,-7.152941176470589
4.555,46.593,46.80211639404297,0.8314,0.2101,0.0
4.605,46.398,46.80211639404297,0.8314,0.2101,7.152941176470589
4.655,46.593,46.80211639404297,0.8314,0.2101,7.152941176470589
4.705,46.691,46.80211639404297,0.8314,0.2101,7.2
4.755,47.033,46.80211639404297,0.8314,0.2101,7.2
4.805,47.521,46.80211639404297,0.8314,0.2101,7.105882352941176
4.855,47.521,46.80211639404297,0.8314,0.2101,-7.152941176470589
4.905,47.937,46.80211639404297,0.8314,0.2101,-7.152941176470589
4.955,47.448,46.80211639404297,0.8314,0.2101,-7.341176470588235
5.005,47.546,46.80211639404297,0.8314,0.2101,-7.341176470588235
5.055,49.426,46.80211639404297,0.8314,0.2101,-7.294117647058823
5.105,47.473,46.80211639404297,0.8314,0.2101,-7.341176470588235
5.155,47.375,46.80211639404297,0.8314,0.2101,-7.341176470588235
5.205,47.253,46.80211639404297,0.8313,0.2101,-7.294117647058823
5.255,46.74,46.80211639404297,0.8313,0.2101,-7.294117647058823
5.305,47.131,48.3021125793457,0.8313,0.2101,-7.247058823529412
5.355,47.106,48.3021125793457,0.8312,0.2101,0.0
5.406,47.35,48.3021125793457,0.8311,0.2101,7.529411764705882
5.455,47.131,48.3021125793457,0.8311,0.2101,7.529411764705882
5.505,47.155,48.3021125793457,0.8311,0.2101,7.529411764705882
5.555,47.643,48.3021125793457,0.8309,0.2101,7.482352941176471
5.605,47.863,48.3021125793457,0.8309,0.2101,7.482352941176471
5.655,48.034,48.3021125793457,0.8309,0.2101,7.482352941176471
5.705,48.864,48.3021125793457,0.8307,0.2101,7.247058823529412
5.755,49.402,48.3021125793457,0.8307,0.2101,7.247058823529412
5.805,49.67,48.3021125793457,0.8306,0.2101,-7.247058823529412
5.855,49.719,48.3021125793457,0.8306,0.2101,-7.482352941176471
5.905,49.646,48.3021125793457,0.8306,0.2101,-7.482352941176471
5.955,49.402,48.3021125793457,0.8304,0.2101,-7.576470588235294
6.005,49.573,48.3021125793457,0.8304,0.2101,-7.576470588235294
6.055,48.645,48.3021125793457,0.8304,0.2101,-7.482352941176471
6.105,49.158,48.3021125793457,0.83,0.2101,-7.482352941176471
6.155,48.889,48.3021125793457,0.8299,0.2101,-7.2
6.205,48.84,48.3021125793457,0.8293,0.2101,-7.2
6.255,48.913,48.3021125793457,0.8291,0.2101,-7.294117647058823
6.305,48.62,49.80211639404297,0.8289,0.2101,-7.294117647058823
6.355,48.474,49.80211639404297,0.8287,0.2101,-7.294117647058823
6.405,48.547,49.80211639404297,0.8287,0.2101,7.482352941176471
6.455,48.547,49.80211639404297,0.8281,0.2101,7.482352941176471
6.505,48.913,49.80211639404297,0.828,0.2101,7.529411764705882
6.555,48.913,49.80211639404297,0.8279,0.2101,7.529411764705882
6.605,49.402,49.80211639404297,0.8274,0.2101,7.3882352941176475
6.655,49.915,49.80211639404297,0.8273,0.2101,7.3882352941176475
6.705,50.256,49.80211639404297,0.8272,0.2101,7.2
6.755,50.647,49.80211639404297,0.827,0.2101,7.2
6.805,51.282,49.80211639404297,0.8268,0.2101,-7.247058823529412
6.855,51.575,49.80211639404297,0.8267,0.2101,-7.3882352941176475
6.905,51.16,49.80211639404297,0.8264,0.2101,-7.3882352941176475
6.955,50.525,49.80211639404297,0.8261,0.2101,-7.7176470588235295
7.005,50.867,49.80211639404297,0.826,0.2101,-7.7176470588235295
7.055,50.745,49.80211639404297,0.8259,0.2101,-7.341176470588235
7.105,50.598,49.80211639404297,0.8258,0.2101,-7.482352941176471
7.155,50.427,49.80211639404297,0.8252,0.2101,-7.482352941176471
7.205,50.354,49.80211639404297,0.8246,0.2101,-7.341176470588235
7.255,50.281,49.80211639404297,0.8246,0.2101,-7.341176470588235
7.305,50.427,48.3021125793457,0.8242,0.2101,-7.247058823529412
7.355,50.061,48.3021125793457,0.8242,0.2101,-7.247058823529412
7.405,50.085,48.3021125793457,0.8242,0.2101,-7.247058823529412
7.455,49.89,48.3021125793457,0.8236,0.2101,-7.7176470588235295
7.505,49.28,48.3021125793457,0.8234,0.2101,-7.7176470588235295
7.555,49.646,48.3021125793457,0.8233,0.2101,-7.670588235294118
7.605,49.475,48.3021125793457,0.8233,0.2101,-7.435294117647059
7.655,49.304,48.3021125793457,0.8233,0.2101,-7.435294117647059
7.705,49.133,48.3021125793457,0.8233,0.2101,-7.482352941176471
7.755,49.035,48.3021125793457,0.8233,0.2101,-7.482352941176471
7.805,49.011,48.3021125793457,0.8233,0.2101,-7.3882352941176475
7.855,48.669,48.3021125793457,0.8233,0.2101,-7.341176470588235
7.905,48.84,48.3021125793457,0.8233,0.2101,-7.341176470588235
7.955,48.718,48.3021125793457,0.8233,0.2101,-7.2
8.005,48.498,48.3021125793457,0.8233,0.2101,-7.2
8.055,48.571,48.3021125793457,0.8236,0.2101,-7.2
8.105,48.62,48.3021125793457,0.8236,0.2101,-7.2
8.155,46.105,48.3021125793457,0.8236,0.2101,-7.152941176470589
8.205,48.889,48.3021125793457,0.8239,0.2101,-7.152941176470589
8.255,48.205,48.3021125793457,0.8246,0.2101,7.905882352941177
8.305,48.327,46.80211639404297,0.8248,0.2101,7.905882352941177
8.355,48.498,46.80211639404297,0.825,0.2101,7.105882352941176
8.405,49.328,46.80211639404297,0.8265,0.2101,7.105882352941176
8.455,49.548,46.80211639404297,0.8268,0.2101,-7.7176470588235295
8.505,49.621,46.80211639404297,0.827,0.2101,-7.7176470588235295
8.555,49.426,46.80211639404297,0.8283,0.2101,-8.094117647058823
8.605,49.158,46.80211639404297,0.8285,0.2101,-8.141176470588235
8.655,48.889,46.80211639404297,0.8292,0.2101,-8.141176470588235
8.705,48.669,46.80211639404297,0.8305,0.2101,-7.952941176470588
8.755,48.498,46.80211639404297,0.8313,0.2101,-7.952941176470588
8.805,48.352,46.80211639404297,0.8313,0.2101,-7.764705882352941
8.855,48.645,46.80211639404297,0.8325,0.2101,-7.764705882352941
8.905,48.034,46.80211639404297,0.8326,0.2101,-7.623529411764705
8.955,48.107,46.80211639404297,0.8326,0.2101,-7.623529411764705
9.005,47.717,46.80211639404297,0.8326,0.2101,-7.529411764705882
9.055,47.766,46.80211639404297,0.8326,0.2101,-7.529411764705882
9.105,47.619,46.80211639404297,0.8327,0.2101,-7.3882352941176475
9.155,47.521,46.80211639404297,0.8327,0.2101,-7.3882352941176475
9.205,47.35,46.80211639404297,0.8329,0.2101,-7.3882352941176475
9.255,47.546,46.80211639404297,0.8329,0.2101,-7.3882352941176475
9.305,47.179,45.3021125793457,0.8329,0.2101,-7.247058823529412
9.355,47.277,45.3021125793457,0.833,0.2101,-7.341176470588235
9.405,47.106,45.3021125793457,0.833,0.2101,-7.341176470588235
9.455,46.96,45.3021125793457,0.8331,0.2101,-7.811764705882353
9.505,46.813,45.3021125793457,0.8331,0.2101,-7.811764705882353
9.555,46.447,45.3021125793457,0.8331,0.2101,-7.670588235294118
9.605,46.496,45.3021125793457,0.8331,0.2101,-7.623529411764705
9.655,46.471,45.3021125793457,0.8331,0.2101,-7.623529411764705
9.705,46.349,45.3021125793457,0.8331,0.2101,-7.529411764705882
9.755,46.129,45.3021125793457,0.8331,0.2101,-7.529411764705882
9.805,46.056,45.3021125793457,0.8331,0.2101,-7.435294117647059
9.855,46.032,45.3021125793457,0.8329,0.2101,-7.3882352941176475
9.905,45.812,45.3021125793457,0.8326,0.2101,-7.3882352941176475
9.955,45.91,45.3021125793457,0.8323,0.2101,-7.341176470588235
10.005,45.421,45.3021125793457,0.8321,0.2101,-7.341176470588235
10.055,45.641,45.3021125793457,0.832,0.2101,-7.294117647058823
10.105,45.446,45.3021125793457,0.832,0.2101,-7.105882352941176
10.155,45.446,45.3021125793457,0.832,0.2101,-7.105882352941176
10.205,44.982,45.3021125793457,0.8319,0.2101,-7.105882352941176
10.255,45.568,45.3021125793457,0.8319,0.2101,-7.105882352941176
10.305,45.372,43.80211639404297,0.8319,0.2101,7.2
10.355,45.397,43.80211639404297,0.8318,0.2101,-7.152941176470589
10.405,45.47,43.80211639404297,0.8317,0.2101,-7.152941176470589
10.455,45.495,43.80211639404297,0.8316,0.2101,-7.670588235294118
10.505,45.226,43.80211639404297,0.8316,0.2101,-7.670588235294118
10.555,44.982,43.80211639404297,0.8316,0.2101,-7.7176470588235295
10.605,45.153,43.80211639404297,0.8316,0.2101,-7.576470588235294
10.655,44.86,43.80211639404297,0.8314,0.2101,-7.576470588235294
10.705,44.786,43.80211639404297,0.8312,0.2101,-7.576470588235294
10.755,44.518,43.80211639404297,0.8312,0.2101,-7.576470588235294
10.805,44.005,43.80211639404297,0.8309,0.2101,-7.435294117647059
10.855,44.591,43.80211639404297,0.8309,0.2101,-7.341176470588235
10.905,44.42,43.80211639404297,0.8308,0.2101,-7.341176470588235
10.955,44.274,43.80211639404297,0.8306,0.2101,-7.341176470588235
11.005,44.054,43.80211639404297,0.8305,0.2101,-7.341176470588235
11.055,45.69,43.80211639404297,0.8303,0.2101,-7.247058823529412
11.105,43.932,43.80211639404297,0.8302,0.2101,-7.152941176470589
11.155,44.005,43.80211639404297,0.8302,0.2101,-7.152941176470589
11.205,43.858,43.80211639404297,0.83,0.2101,-7.105882352941176
11.255,43.761,43.80211639404297,0.8299,0.2101,-7.105882352941176
11.305,43.663,45.3021125793457,0.8299,0.2101,0.0
11.355,43.663,45.3021125793457,0.8298,0.2101,0.0
11.405,43.712,45.3021125793457,0.8296,0.2101,7.670588235294118
11.456,43.932,45.3021125793457,0.8294,0.2101,7.670588235294118
11.505,44.005,45.3021125793457,0.829,0.2101,7.670588235294118
11.555,44.42,45.3021125793457,0.8287,0.2101,7.576470588235294
11.605,44.811,45.3021125793457,0.8286,0.2101,7.529411764705882
11.655,44.908,45.3021125793457,0.828,0.2101,7.529411764705882
11.705,45.421,45.3021125793457,0.8276,0.2101,7.247058823529412
11.755,45.885,45.3021125793457,0.8272,0.2101,7.247058823529412
11.805,46.569,45.3021125793457,0.8264,0.2101,-7.105882352941176
11.855,45.958,45.3021125793457,0.8262,0.2101,-7.294117647058823
11.905,46.349,45.3021125793457,0.8251,0.2101,-7.294117647058823
11.955,46.203,45.3021125793457,0.8245,0.2101,-7.294117647058823
12.005,46.349,45.3021125793457,0.8245,0.2101,-7.294117647058823
12.056,46.349,45.3021125793457,0.8234,0.2101,-7.3882352941176475
12.105,45.836,45.3021125793457,0.8227,0.2101,-7.435294117647059
12.155,46.056,45.3021125793457,0.8212,0.2101,-7.435294117647059
12.205,45.812,45.3021125793457,0.8205,0.2101,-7.247058823529412
12.255,45.348,45.3021125793457,0.8196,0.2101,-7.247058823529412
12.305,45.446,43.80211639404297,0.8186,0.2101,-7.247058823529412
12.355,45.543,43.80211639404297,0.8176,0.2101,0.0
12.405,45.543,43.80211639404297,0.8157,0.2101,0.0
12.455,45.543,43.80211639404297,0.8141,0.2101,-7.7176470588235295
12.505,45.446,43.80211639404297,0.8134,0.2101,-7.7176470588235295
12.555,44.786,43.80211639404297,0.8118,0.2101,-7.7176470588235295
12.605,45.226,43.80211639404297,0.8103,0.2101,-7.670588235294118
12.655,44.786,43.80211639404297,0.809,0.2101,-7.670588235294118
12.705,44.567,43.80211639404297,0.8069,0.2101,-7.576470588235294
12.755,44.371,43.80211639404297,0.8056,0.2101,-7.576470588235294
12.805,44.567,43.80211639404297,0.8044,0.2101,-7.341176470588235
12.855,44.298,43.80211639404297,0.8022,0.2101,-7.294117647058823
12.905,44.518,43.80211639404297,0.8007,0.2101,-7.294117647058823
12.955,43.687,43.80211639404297,0.7996,0.2101,-7.247058823529412
13.005,44.103,43.80211639404297,0.797,0.2101,-7.247058823529412
13.055,43.956,43.80211639404297,0.7958,0.2101,7.105882352941176
13.105,44.151,43.80211639404297,0.7943,0.2101,7.105882352941176
13.155,43.907,43.80211639404297,0.7923,0.2101,-7.105882352941176
13.205,44.176,43.80211639404297,0.7915,0.2101,-7.105882352941176
13.255,44.249,43.80211639404297,0.7897,0.2101,-7.105882352941176
13.305,44.322,42.3021125793457,0.7879,0.2101,-7.105882352941176
13.355,43.932,42.3021125793457,0.7872,0.2101,-7.247058823529412
13.405,44.078,42.3021125793457,0.7854,0.2101,-7.247058823529412
13.455,43.858,42.3021125793457,0.7843,0.2101,-7.670588235294118
13.505,44.029,42.3021125793457,0.7833,0.2101,-7.670588235294118
13.555,43.736,42.3021125793457,0.7813,0.2101,-7.623529411764705
13.605,43.785,42.3021125793457,0.7808,0.2101,-7.7176470588235295
13.655,43.541,42.3021125793457,0.7793,0.2101,-7.7176470588235295
13.705,43.37,42.3021125793457,0.7783,0.2101,-7.623529411764705
13.755,42.857,42.3021125793457,0.7776,0.2101,-7.623529411764705
13.805,42.808,42.3021125793457,0.7756,0.2101,-7.482352941176471
13.855,42.369,42.3021125793457,0.775,0.2101,-7.247058823529412
13.905,42.833,42.3021125793457,0.7743,0.2101,-7.247058823529412
13.955,42.759,42.3021125793457,0.7731,0.2101,-7.105882352941176
14.005,42.686,42.3021125793457,0.7728,0.2101,-7.105882352941176
14.057,42.515,42.3021125793457,0.7719,0.2101,-7.247058823529412
14.106,42.54,42.3021125793457,0.7704,0.2101,-7.2
14.156,42.442,42.3021125793457,0.7697,0.2101,-7.2
14.206,42.466,42.3021125793457,0.7693,0.2101,-7.152941176470589
14.256,42.369,42.3021125793457,0.7686,0.2101,-7.152941176470589
14.306,42.442,40.80211639404297,0.7676,0.2101,-7.105882352941176
14.356,42.271,40.80211639404297,0.7675,0.2101,-7.105882352941176
14.406,42.344,40.80211639404297,0.7662,0.2101,-7.105882352941176
14.456,42.1,40.80211639404297,0.7655,0.2101,-7.623529411764705
14.506,42.247,40.80211639404297,0.7655,0.2101,-7.623529411764705
14.556,42.247,40.80211639404297,0.764,0.2101,-7.529411764705882
14.606,42.051,40.80211639404297,0.7636,0.2101,-7.623529411764705
14.656,41.685,40.80211639404297,0.7631,0.2101,-7.623529411764705
14.706,41.88,40.80211639404297,0.7616,0.2101,-7.529411764705882
14.756,41.514,40.80211639404297,0.7608,0.2101,-7.529411764705882
14.806,41.343,40.80211639404297,0.7597,0.2101,-7.482352941176471
14.856,41.245,40.80211639404297,0.7592,0.2101,-7.341176470588235
14.906,41.245,40.80211639404297,0.7578,0.2101,-7.341176470588235
14.956,41.074,40.80211639404297,0.7567,0.2101,-7.247058823529412
15.006,41.123,40.80211639404297,0.7554,0.2101,-7.247058823529412
15.056,40.611,40.80211639404297,0.7542,0.2101,-7.152941176470589
15.106,40.904,40.80211639404297,0.7534,0.2101,-7.2
15.156,41.197,40.80211639404297,0.7519,0.2101,-7.2
15.206,40.928,40.80211639404297,0.7496,0.2101,-7.105882352941176
15.256,40.586,40.80211639404297,0.749,0.2101,-7.105882352941176
15.306,40.855,42.3021125793457,0.7469,0.2101,-7.105882352941176
15.356,40.757,42.3021125793457,0.7458,0.2101,7.152941176470589
15.406,40.855,42.3021125793457,0.7444,0.2101,7.152941176470589
15.456,40.928,42.3021125793457,0.7425,0.2101,7.623529411764705
15.506,41.538,42.3021125793457,0.74,0.2101,7.623529411764705
15.556,41.563,42.3021125793457,0.7387,0.2101,7.576470588235294
15.606,41.954,42.3021125793457,0.7363,0.2101,7.341176470588235
15.656,42.711,42.3021125793457,0.7343,0.2101,7.341176470588235
15.706,42.466,42.3021125793457,0.7325,0.2101,7.2
15.756,43.126,42.3021125793457,0.7301,0.2101,7.2
15.806,43.346,42.3021125793457,0.7277,0.2101,-7.105882352941176
15.856,43.37,42.3021125793457,0.7252,0.2101,-7.3882352941176475
15.906,43.199,42.3021125793457,0.723,0.2101,-7.3882352941176475
15.956,43.297,42.3021125793457,0.7211,0.2101,-7.482352941176471
16.006,43.419,42.3021125793457,0.7186,0.2101,-7.482352941176471
16.058,43.101,42.3021125793457,0.7155,0.2101,-7.435294117647059
16.107,43.199,42.3021125793457,0.713,0.2101,-7.482352941176471
16.157,42.711,42.3021125793457,0.7102,0.2101,-7.482352941176471
16.207,41.148,42.3021125793457,0.7079,0.2101,-7.3882352941176475
16.257,42.54,42.3021125793457,0.7053,0.2101,-7.3882352941176475
16.307,42.442,40.80211639404297,0.7019,0.2101,7.482352941176471
16.357,42.613,40.80211639404297,0.6993,0.2101,7.482352941176471
16.407,42.857,40.80211639404297,0.6964,0.2101,-7.670588235294118
16.457,42.491,40.80211639404297,0.6936,0.2101,-7.670588235294118
16.507,42.613,40.80211639404297,0.6917,0.2101,-7.811764705882353
16.557,42.076,40.80211639404297,0.6884,0.2101,-7.7176470588235295
16.607,42.369,40.80211639404297,0.6855,0.2101,-7.7176470588235295
16.657,41.905,40.80211639404297,0.6823,0.2101,-7.529411764705882
16.707,41.88,40.80211639404297,0.6805,0.2101,-7.529411764705882
16.757,41.563,40.80211639404297,0.6769,0.2101,-7.482352941176471
16.807,41.807,40.80211639404297,0.6746,0.2101,-7.482352941176471
16.857,41.148,40.80211639404297,0.6717,0.2101,-7.341176470588235
16.907,41.465,40.80211639404297,0.669,0.2101,-7.341176470588235
16.957,41.294,40.80211639404297,0.6665,0.2101,-7.2
17.007,41.343,40.80211639404297,0.6643,0.2101,-7.2
17.057,41.197,40.80211639404297,0.6614,0.2101,-7.247058823529412
17.107,40.928,40.80211639404297,0.659,0.2101,-7.247058823529412
17.157,41.074,40.80211639404297,0.6567,0.2101,-7.2
17.207,40.684,40.80211639404297,0.6545,0.2101,-7.2
17.257,40.757,40.80211639404297,0.6525,0.2101,-7.152941176470589
17.307,40.952,39.3021125793457,0.6505,0.2101,7.105882352941176
17.357,40.952,39.3021125793457,0.6485,0.2101,7.105882352941176
17.407,41.245,39.3021125793457,0.6459,0.2101,-7.670588235294118
17.457,41.123,39.3021125793457,0.6445,0.2101,-7.670588235294118
17.507,41.074,39.3021125793457,0.6422,0.2101,-7.811764705882353
17.557,40.733,39.3021125793457,0.6402,0.2101,-7.811764705882353
17.607,40.147,39.3021125793457,0.6392,0.2101,-7.7176470588235295
17.657,40.464,39.3021125793457,0.6371,0.2101,-7.7176470588235295
17.707,40.537,39.3021125793457,0.6349,0.2101,-7.3882352941176475
17.757,40.0,39.3021125793457,0.6343,0.2101,-7.3882352941176475
17.807,38.12,39.3021125793457,0.6321,0.2101,-7.529411764705882
17.857,39.731,39.3021125793457,0.6306,0.2101,-7.341176470588235
17.907,39.756,39.3021125793457,0.6289,0.2101,-7.341176470588235
17.957,39.609,39.3021125793457,0.6263,0.2101,-7.2
18.007,39.609,39.3021125793457,0.6248,0.2101,-7.2
18.059,39.487,39.3021125793457,0.6236,0.2101,-7.152941176470589
18.108,38.901,39.3021125793457,0.6219,0.2101,-7.152941176470589
18.158,39.292,39.3021125793457,0.6205,0.2101,-7.105882352941176
18.208,39.463,39.3021125793457,0.6186,0.2101,-7.105882352941176
18.258,39.243,39.3021125793457,0.6169,0.2101,0.0
18.308,39.267,37.80211639404297,0.6144,0.2101,0.0
18.358,39.267,37.80211639404297,0.6132,0.2101,0.0
18.408,39.243,37.80211639404297,0.6118,0.2101,0.0
18.458,38.974,37.80211639404297,0.6095,0.2101,-7.623529411764705
18.508,38.877,37.80211639404297,0.6079,0.2101,-7.623529411764705
18.558,38.901,37.80211639404297,0.606,0.2101,-7.482352941176471
18.608,39.072,37.80211639404297,0.6038,0.2101,-7.482352941176471
18.658,38.266,37.80211639404297,0.6019,0.2101,-7.482352941176471
18.708,38.803,37.80211639404297,0.6,0.2101,-7.482352941176471
18.758,38.437,37.80211639404297,0.5966,0.2101,-7.247058823529412
18.808,38.339,37.80211639404297,0.5951,0.2101,-7.435294117647059
18.858,37.802,37.80211639404297,0.5923,0.2101,-7.435294117647059
18.908,38.437,37.80211639404297,0.5897,0.2101,-7.247058823529412
18.958,37.949,37.80211639404297,0.5868,0.2101,-7.247058823529412
19.008,37.875,37.80211639404297,0.5851,0.2101,-7.294117647058823
19.058,38.071,37.80211639404297,0.5825,0.2101,-7.105882352941176
19.108,37.851,37.80211639404297,0.5793,0.2101,-7.105882352941176
19.158,37.705,37.80211639404297,0.5762,0.2101,-7.152941176470589
19.208,37.729,37.80211639404297,0.5736,0.2101,-7.152941176470589
19.258,37.656,37.80211639404297,0.571,0.2101,7.105882352941176
19.308,37.558,36.3021125793457,0.5676,0.2101,7.105882352941176
19.358,37.924,36.3021125793457,0.5646,0.2101,7.105882352941176
19.408,38.046,36.3021125793457,0.5609,0.2101,7.105882352941176
19.458,38.486,36.3021125793457,0.5582,0.2101,-7.670588235294118
19.508,38.632,36.3021125793457,0.5557,0.2101,-7.670588235294118
19.558,38.217,36.3021125793457,0.5517,0.2101,-7.858823529411764
19.608,37.875,36.3021125793457,0.5483,0.2101,-7.858823529411764
19.658,37.875,36.3021125793457,0.5454,0.2101,-7.764705882352941
19.708,37.411,36.3021125793457,0.5412,0.2101,-7.764705882352941
19.758,37.436,36.3021125793457,0.5385,0.2101,-7.670588235294118
19.808,37.485,36.3021125793457,0.5349,0.2101,-7.482352941176471
19.858,37.094,36.3021125793457,0.5316,0.2101,-7.482352941176471
19.908,37.314,36.3021125793457,0.528,0.2101,-7.482352941176471
19.958,37.143,36.3021125793457,0.5247,0.2101,-7.482352941176471
20.008,36.947,36.3021125793457,0.5213,0.2101,-7.435294117647059
20.06,36.532,36.3021125793457,0.5178,0.2101,-7.3882352941176475
20.109,36.508,36.3021125793457,0.515,0.2101,-7.3882352941176475
20.159,36.996,36.3021125793457,0.5105,0.2101,-7.152941176470589
20.209,36.532,36.3021125793457,0.5076,0.2101,-7.152941176470589
20.259,36.239,36.3021125793457,0.5042,0.2101,-7.341176470588235
20.309,35.995,37.80211639404297,0.5005,0.2101,-7.152941176470589
20.359,36.142,37.80211639404297,0.4979,0.2101,-7.152941176470589
20.409,36.215,37.80211639404297,0.4949,0.2101,7.7176470588235295
20.459,36.337,37.80211639404297,0.4906,0.2101,7.7176470588235295
20.509,36.459,37.80211639404297,0.4878,0.2101,7.670588235294118
20.559,37.021,37.80211639404297,0.4848,0.2101,7.623529411764705
20.609,37.216,37.80211639404297,0.481,0.2101,7.623529411764705
20.659,37.9,37.80211639404297,0.4785,0.2101,7.341176470588235
20.709,37.656,37.80211639404297,0.4755,0.2101,7.341176470588235
20.759,38.291,37.80211639404297,0.4722,0.2101,-7.105882352941176
20.809,38.462,37.80211639404297,0.4684,0.2101,7.105882352941176
20.859,37.827,37.80211639404297,0.4658,0.2101,7.105882352941176
20.909,38.608,37.80211639404297,0.4627,0.2101,-7.294117647058823
20.959,38.388,37.80211639404297,0.4598,0.2101,-7.294117647058823
21.009,38.632,37.80211639404297,0.457,0.2101,-7.341176470588235
21.059,38.242,37.80211639404297,0.4534,0.2101,-7.294117647058823
21.109,38.266,37.80211639404297,0.4499,0.2101,-7.294117647058823
21.159,37.973,37.80211639404297,0.4472,0.2101,-7.247058823529412
21.209,38.095,37.80211639404297,0.4441,0.2101,-7.247058823529412
21.259,37.631,37.80211639404297,0.441,0.2101,-7.105882352941176
21.309,38.12,39.30211639404297,0.4378,0.2101,-7.152941176470589
21.359,37.631,39.30211639404297,0.4338,0.2101,-7.152941176470589
21.409,38.022,39.30211639404297,0.4305,0.2101,7.482352941176471
21.459,37.827,39.30211639404297,0.4283,0.2101,7.482352941176471
21.509,38.022,39.30211639404297,0.4245,0.2101,7.529411764705882
21.559,37.973,39.30211639404297,0.4214,0.2101,7.623529411764705
21.609,38.413,39.30211639404297,0.4177,0.2101,7.623529411764705
21.659,39.292,39.30211639404297,0.4144,0.2101,7.576470588235294
21.709,39.365,39.30211639404297,0.411,0.2101,7.576470588235294
21.759,39.731,39.30211639404297,0.4079,0.2101,0.0
21.809,39.878,39.30211639404297,0.4042,0.2101,-7.105882352941176
21.859,39.389,39.30211639404297,0.4005,0.2101,-7.105882352941176
21.909,39.316,39.30211639404297,0.3965,0.2101,-7.294117647058823
21.959,39.609,39.30211639404297,0.3934,0.2101,-7.294117647058823
22.009,39.438,39.30211639404297,0.39,0.2101,0.0
22.061,39.683,39.30211639404297,0.3867,0.2101,-7.152941176470589
22.11,39.389,39.30211639404297,0.3825,0.2101,-7.152941176470589
22.16,39.292,39.30211639404297,0.3782,0.2101,-7.2
22.21,39.219,39.30211639404297,0.3747,0.2101,-7.2
22.26,39.145,39.30211639404297,0.3712,0.2101,0.0
22.31,39.17,37.80211639404297,0.3675,0.2101,0.0
22.36,39.145,37.80211639404297,0.3638,0.2101,7.105882352941176
22.41,39.023,37.80211639404297,0.3597,0.2101,7.105882352941176
22.46,39.487,37.80211639404297,0.3563,0.2101,-7.576470588235294
22.51,39.048,37.80211639404297,0.3523,0.2101,-7.576470588235294
22.56,39.194,37.80211639404297,0.3486,0.2101,-7.670588235294118
22.61,39.121,37.80211639404297,0.3453,0.2101,-7.670588235294118
22.66,38.828,37.80211639404297,0.341,0.2101,-7.576470588235294
22.71,38.681,37.80211639404297,0.3374,0.2101,-7.576470588235294
22.76,38.217,37.80211639404297,0.3338,0.2101,-7.435294117647059
22.81,38.291,37.80211639404297,0.3301,0.2101,-7.435294117647059
22.86,38.168,37.80211639404297,0.3272,0.2101,-7.2
22.91,38.291,37.80211639404297,0.3233,0.2101,-7.2
22.96,38.046,37.80211639404297,0.3193,0.2101,-7.2
23.01,37.607,37.80211639404297,0.3163,0.2101,-7.2
23.06,37.753,37.80211639404297,0.3124,0.2101,-7.152941176470589
23.11,37.753,37.80211639404297,0.3096,0.2101,-7.152941176470589
23.16,37.582,37.80211639404297,0.306,0.2101,0.0
23.21,37.582,37.80211639404297,0.3032,0.2101,0.0
23.26,37.656,37.80211639404297,0.2988,0.2101,7.152941176470589
23.31,37.607,39.30211639404297,0.2961,0.2101,7.152941176470589
23.36,37.827,39.30211639404297,0.2931,0.2101,7.152941176470589
23.41,38.095,39.30211639404297,0.2904,0.2101,7.7176470588235295
23.46,38.364,39.30211639404297,0.2866,0.2101,7.7176470588235295
23.51,38.779,39.30211639404297,0.2841,0.2101,7.529411764705882
23.56,38.828,39.30211639404297,0.281,0.2101,7.529411764705882
23.61,38.95,39.30211639404297,0.2784,0.2101,7.247058823529412
23.66,39.56,39.30211639404297,0.2759,0.2101,7.247058823529412
23.71,40.0,39.30211639404297,0.2728,0.2101,7.2
23.76,40.293,39.30211639404297,0.2701,0.2101,7.2
23.81,40.904,39.30211639404297,0.2674,0.2101,-7.341176470588235
23.86,40.977,39.30211639404297,0.2647,0.2101,-7.341176470588235
23.91,40.684,39.30211639404297,0.2615,0.2101,-7.670588235294118
23.96,40.537,39.30211639404297,0.2595,0.2101,-7.670588235294118
24.01,40.366,39.30211639404297,0.2562,0.2101,-7.576470588235294
24.062,40.342,39.30211639404297,0.2539,0.2101,-7.529411764705882
24.111,39.414,39.30211639404297,0.2512,0.2101,-7.529411764705882
24.161,39.853,39.30211639404297,0.2479,0.2101,-7.435294117647059
24.211,39.805,39.30211639404297,0.2449,0.2101,-7.435294117647059
24.261,39.463,39.30211639404297,0.2426,0.2101,-7.247058823529412
24.311,39.292,38.77813720703125,0.2395,0.2101,-7.247058823529412
24.361,39.487,38.77813720703125,0.2364,0.2101,-7.105882352941176
24.411,38.608,38.77813720703125,0.2338,0.2101,-7.105882352941176
24.461,39.096,38.77813720703125,0.2308,0.2101,-7.341176470588235
24.511,39.145,38.77813720703125,0.2279,0.2101,7.105882352941176
24.561,38.901,38.77813720703125,0.2249,0.2101,7.105882352941176
24.611,38.974,38.77813720703125,0.222,0.2101,-7.2
24.661,39.023,38.77813720703125,0.2189,0.2101,-7.2
24.711,38.73,38.77813720703125,0.2164,0.2101,-7.152941176470589
24.761,38.803,38.77813720703125,0.2131,0.2101,-7.152941176470589
24.811,38.217,38.77813720703125,0.21,0.2101,-7.152941176470589
24.861,38.535,38.77813720703125,0.2074,0.2101,0.0
24.911,38.535,38.77813720703125,0.2039,0.2101,0.0
24.961,38.73,38.77813720703125,0.2008,0.2101,7.152941176470589
25.011,38.559,38.77813720703125,0.1983,0.2101,7.152941176470589
25.061,38.852,38.77813720703125,0.1953,0.2101,7.152941176470589
25.111,38.926,38.77813720703125,0.192,0.2101,7.152941176470589
25.161,39.365,38.77813720703125,0.189,0.2101,7.152941176470589
25.211,38.291,38.77813720703125,0.1858,0.2101,-7.105882352941176
25.261,40.293,38.77813720703125,0.1825,0.2101,-7.294117647058823
25.311,39.365,40.27813720703125,0.1799,0.2101,-7.294117647058823
25.361,39.389,40.27813720703125,0.1767,0.2101,-7.623529411764705
25.411,39.267,40.27813720703125,0.1738,0.2101,-7.623529411764705
25.461,38.901,40.27813720703125,0.1704,0.2101,7.3882352941176475
25.511,39.023,40.27813720703125,0.1679,0.2101,7.435294117647059
25.561,39.292,40.27813720703125,0.1649,0.2101,7.435294117647059
25.611,39.463,40.27813720703125,0.1621,0.2101,7.529411764705882
25.661,39.707,40.27813720703125,0.1593,0.2101,7.529411764705882
25.711,40.049,40.27813720703125,0.1565,0.2101,7.3882352941176475
25.761,40.073,40.27813720703125,0.154,0.2101,7.294117647058823
25.811,40.806,40.27813720703125,0.1512,0.2101,7.294117647058823
25.861,41.172,40.27813720703125,0.148,0.2101,7.152941176470589
25.911,41.343,40.27813720703125,0.1456,0.2101,7.152941176470589
25.961,41.807,40.27813720703125,0.1426,0.2101,-7.3882352941176475
26.011,41.587,40.27813720703125,0.14,0.2101,-7.3882352941176475
26.063,41.197,40.27813720703125,0.137,0.2101,-7.623529411764705
26.112,41.074,40.27813720703125,0.1341,0.2101,-7.623529411764705
26.162,41.368,40.27813720703125,0.1324,0.2101,-7.3882352941176475
26.212,40.855,40.27813720703125,0.1292,0.2101,-7.3882352941176475
26.262,40.952,40.27813720703125,0.1268,0.2101,-7.482352941176471
26.312,40.83,38.77813720703125,0.1242,0.2101,-7.482352941176471
26.362,40.879,38.77813720703125,0.122,0.2101,-7.294117647058823
26.412,40.269,38.77813720703125,0.1193,0.2101,-7.294117647058823
26.462,40.415,38.77813720703125,0.1168,0.2101,-7.858823529411764
26.512,39.536,38.77813720703125,0.1143,0.2101,-7.623529411764705
26.562,39.756,38.77813720703125,0.1119,0.2101,-7.623529411764705
26.612,39.267,38.77813720703125,0.1093,0.2101,-7.341176470588235
26.662,39.634,38.77813720703125,0.1068,0.2101,-7.341176470588235
26.712,38.974,38.77813720703125,0.1052,0.2101,-7.247058823529412
26.762,39.17,38.77813720703125,0.1029,0.2101,-7.3882352941176475
26.812,38.779,38.77813720703125,0.1007,0.2101,-7.3882352941176475
26.862,38.73,38.77813720703125,0.0991,0.2101,-7.2
26.912,38.559,38.77813720703125,0.0974,0.2101,-7.2
26.962,38.51,38.77813720703125,0.0966,0.2101,0.0
27.012,38.462,38.77813720703125,0.0965,0.2101,0.0
27.062,38.632,38.77813720703125,0.0965,0.2101,7.152941176470589
27.112,38.51,38.77813720703125,0.0965,0.2101,7.152941176470589
27.162,38.73,38.77813720703125,0.0965,0.2101,7.105882352941176
27.212,38.852,38.77813720703125,0.0965,0.2101,7.105882352941176
27.262,39.219,38.77813720703125,0.0965,0.2101,0.0
27.312,39.292,37.278141021728516,0.0965,0.2101,0.0
27.362,38.877,37.278141021728516,0.0965,0.2101,-7.247058823529412
27.412,39.096,37.278141021728516,0.0975,0.2101,-7.247058823529412
27.462,39.121,37.278141021728516,0.0995,0.2101,-7.670588235294118
27.512,39.048,37.278141021728516,0.1008,0.2101,-7.764705882352941
27.562,38.974,37.278141021728516,0.1024,0.2101,-7.764705882352941
27.612,38.071,37.278141021728516,0.1042,0.2101,-7.7176470588235295
27.662,38.339,37.278141021728516,0.1058,0.2101,-7.7176470588235295
27.712,37.9,37.278141021728516,0.1074,0.2101,-7.341176470588235
27.762,37.875,37.278141021728516,0.1089,0.2101,-7.435294117647059
27.812,37.363,37.278141021728516,0.1108,0.2101,-7.435294117647059
27.862,37.729,37.278141021728516,0.1126,0.2101,-7.294117647058823
27.912,37.265,37.278141021728516,0.1142,0.2101,-7.294117647058823
27.962,37.192,37.278141021728516,0.1153,0.2101,-7.247058823529412
28.012,37.045,37.278141021728516,0.1173,0.2101,0.0
28.064,37.021,37.278141021728516,0.1185,0.2101,7.152941176470589
28.113,37.192,37.278141021728516,0.1204,0.2101,7.152941176470589
28.163,37.167,37.278141021728516,0.1217,0.2101,7.152941176470589
28.213,37.607,37.278141021728516,0.123,0.2101,7.105882352941176
28.263,38.12,37.278141021728516,0.1242,0.2101,7.105882352941176
28.313,38.217,35.77813720703125,0.1257,0.2101,7.105882352941176
28.363,38.559,35.77813720703125,0.1268,0.2101,-7.3882352941176475
28.413,38.681,35.77813720703125,0.1279,0.2101,-7.3882352941176475
28.463,38.462,35.77813720703125,0.1293,0.2101,-8.094117647058823
28.513,38.388,35.77813720703125,0.13,0.2101,-8.141176470588235
28.563,37.827,35.77813720703125,0.1311,0.2101,-8.141176470588235
28.613,37.705,35.77813720703125,0.132,0.2101,-8.047058823529412
28.663,37.289,35.77813720703125,0.133,0.2101,-8.047058823529412
28.713,37.045,35.77813720703125,0.1336,0.2101,-7.764705882352941
28.763,36.703,35.77813720703125,0.1345,0.2101,-7.623529411764705
28.813,36.752,35.77813720703125,0.1348,0.2101,-7.623529411764705
28.863,36.288,35.77813720703125,0.1353,0.2101,-7.3882352941176475
28.913,36.435,35.77813720703125,0.1358,0.2101,-7.3882352941176475
28.963,35.995,35.77813720703125,0.1364,0.2101,-7.247058823529412
29.013,35.873,35.77813720703125,0.1369,0.2101,-7.247058823529412
29.063,35.8,35.77813720703125,0.1372,0.2101,-7.152941176470589
29.113,35.702,35.77813720703125,0.1373,0.2101,-7.152941176470589
29.163,35.507,35.77813720703125,0.1376,0.2101,0.0
29.213,35.482,35.77813720703125,0.1376,0.2101,7.105882352941176
29.263,35.409,35.77813720703125,0.1376,0.2101,7.105882352941176
29.313,35.678,34.27813720703125,0.1376,0.2101,7.152941176470589
29.363,35.995,34.27813720703125,0.1376,0.2101,7.152941176470589
29.413,36.899,34.27813720703125,0.1376,0.2101,-7.576470588235294
29.463,36.264,34.27813720703125,0.1376,0.2101,-7.576470588235294
29.513,36.068,34.27813720703125,0.1376,0.2101,-8.047058823529412
29.563,35.971,34.27813720703125,0.1376,0.2101,-8.047058823529412
29.613,35.751,34.27813720703125,0.1373,0.2101,-7.7176470588235295
29.663,35.482,34.27813720703125,0.1367,0.2101,-7.7176470588235295
29.713,35.36,34.27813720703125,0.1363,0.2101,-7.623529411764705
29.763,35.092,34.27813720703125,0.136,0.2101,-7.529411764705882
29.813,34.945,34.27813720703125,0.1357,0.2101,-7.529411764705882
29.863,34.799,34.27813720703125,0.1351,0.2101,-7.3882352941176475
29.913,34.408,34.27813720703125,0.1346,0.2101,-7.3882352941176475
29.963,34.383,34.27813720703125,0.1345,0.2101,-7.247058823529412
30.013,34.359,34.27813720703125,0.1333,0.2101,-7.247058823529412
30.065,34.359,34.27813720703125,0.1331,0.2101,-7.105882352941176
30.114,33.944,34.27813720703125,0.1322,0.2101,-7.105882352941176
30.164,33.846,34.27813720703125,0.1318,0.2101,-7.105882352941176
30.214,33.797,34.27813720703125,0.1306,0.2101,7.2
30.264,33.846,34.27813720703125,0.1297,0.2101,7.2
30.314,33.797,35.77813720703125,0.1289,0.2101,7.247058823529412
30.364,34.188,35.77813720703125,0.1281,0.2101,7.247058823529412
30.414,34.603,35.77813720703125,0.1269,0.2101,7.811764705882353
30.464,34.847,35.77813720703125,0.1259,0.2101,7.811764705882353
30.514,35.14,35.77813720703125,0.125,0.2101,7.482352941176471
30.564,35.629,35.77813720703125,0.1238,0.2101,7.482352941176471
30.614,35.8,35.77813720703125,0.1228,0.2101,7.294117647058823
30.664,36.337,35.77813720703125,0.1216,0.2101,7.294117647058823
30.714,36.654,35.77813720703125,0.1199,0.2101,0.0
30.764,36.703,35.77813720703125,0.1186,0.2101,0.0
30.814,36.972,35.77813720703125,0.1175,0.2101,-7.3882352941176475
30.864,36.606,35.77813720703125,0.1156,0.2101,-7.3882352941176475
30.914,36.801,35.77813720703125,0.1141,0.2101,-7.529411764705882
30.964,36.19,35.77813720703125,0.1122,0.2101,-7.529411764705882
31.014,35.971,35.77813720703125,0.1103,0.2101,-7.435294117647059
31.064,36.02,35.77813720703125,0.1077,0.2101,-7.435294117647059
31.114,35.995,35.77813720703125,0.1056,0.2101,-7.152941176470589
31.164,35.775,35.77813720703125,0.1034,0.2101,-7.152941176470589
31.214,35.922,35.77813720703125,0.1008,0.2101,-7.152941176470589
31.264,35.8,35.77813720703125,0.0986,0.2101,-7.152941176470589
31.314,35.433,37.278141021728516,0.0967,0.2101,-7.105882352941176
31.364,35.409,37.278141021728516,0.0949,0.2101,-7.105882352941176
31.414,35.336,37.278141021728516,0.0949,0.2101,7.764705882352941
31.464,35.458,37.278141021728516,0.0949,0.2101,7.764705882352941
31.514,35.8,37.278141021728516,0.0949,0.2101,7.764705882352941
31.564,35.678,37.278141021728516,0.0949,0.2101,7.764705882352941
31.614,36.068,37.278141021728516,0.0949,0.2101,7.764705882352941
31.664,36.264,37.278141021728516,0.0949,0.2101,7.670588235294118
31.714,36.752,37.278141021728516,0.0949,0.2101,7.529411764705882
31.764,37.338,37.278141021728516,0.0976,0.2101,7.529411764705882
31.814,37.729,37.278141021728516,0.0991,0.2101,7.247058823529412
31.864,38.559,37.278141021728516,0.1018,0.2101,7.247058823529412
31.914,41.563,37.278141021728516,0.1033,0.2101,-7.247058823529412
31.964,38.217,37.278141021728516,0.1048,0.2101,-7.529411764705882
32.014,38.803,37.278141021728516,0.1063,0.2101,-7.529411764705882
32.066,38.535,37.278141021728516,0.1077,0.2101,-7.435294117647059
32.115,38.168,37.278141021728516,0.1098,0.2101,-7.435294117647059
32.165,38.217,37.278141021728516,0.1107,0.2101,-7.529411764705882
32.215,37.607,37.278141021728516,0.1121,0.2101,-7.529411764705882
32.265,37.607,37.278141021728516,0.1132,0.2101,-7.435294117647059
32.315,37.216,38.77813720703125,0.1143,0.2101,-7.435294117647059
32.365,37.289,38.77813720703125,0.1154,0.2101,-7.2
32.415,37.241,38.77813720703125,0.1156,0.2101,-7.2
32.465,37.167,38.77813720703125,0.1158,0.2101,7.623529411764705
32.515,36.972,38.77813720703125,0.1167,0.2101,7.623529411764705
32.565,37.094,38.77813720703125,0.1173,0.2101,7.670588235294118
32.615,37.705,38.77813720703125,0.1173,0.2101,7.670588235294118
32.665,38.071,38.77813720703125,0.1174,0.2101,7.670588235294118
32.715,38.364,38.77813720703125,0.1174,0.2101,7.482352941176471
32.765,38.559,38.77813720703125,0.1174,0.2101,7.482352941176471
32.815,38.877,38.77813720703125,0.1174,0.2101,7.2
32.865,39.438,38.77813720703125,0.1174,0.2101,7.2
32.915,39.78,38.77813720703125,0.1174,0.2101,-7.105882352941176
32.965,39.976,38.77813720703125,0.1173,0.2101,-7.294117647058823
33.015,39.853,38.77813720703125,0.1173,0.2101,-7.294117647058823
33.065,39.853,38.77813720703125,0.1172,0.2101,-7.529411764705882
33.115,39.585,38.77813720703125,0.1171,0.2101,-7.529411764705882
33.165,39.17,38.77813720703125,0.1165,0.2101,-7.482352941176471
33.215,38.877,38.77813720703125,0.1162,0.2101,-7.341176470588235
33.265,38.974,38.77813720703125,0.1159,0.2101,-7.341176470588235
33.315,38.828,40.27813720703125,0.1153,0.2101,-7.105882352941176
33.365,38.779,40.27813720703125,0.1151,0.2101,-7.105882352941176
33.415,38.437,40.27813720703125,0.1144,0.2101,7.623529411764705
33.465,38.559,40.27813720703125,0.1139,0.2101,7.623529411764705
33.515,38.535,40.27813720703125,0.1133,0.2101,7.623529411764705
33.565,38.828,40.27813720703125,0.1125,0.2101,7.7176470588235295
33.615,39.121,40.27813720703125,0.1122,0.2101,7.7176470588235295
33.665,39.438,40.27813720703125,0.1114,0.2101,7.623529411764705
33.715,39.951,40.27813720703125,0.1108,0.2101,7.482352941176471
33.765,40.147,40.27813720703125,0.1103,0.2101,7.482352941176471
33.815,40.195,40.27813720703125,0.1099,0.2101,7.2
33.865,40.586,40.27813720703125,0.1095,0.2101,7.2
33.915,41.123,40.27813720703125,0.1085,0.2101,7.105882352941176
33.965,41.685,40.27813720703125,0.1077,0.2101,-7.152941176470589
34.015,41.563,40.27813720703125,0.107,0.2101,-7.152941176470589
34.067,41.734,40.27813720703125,0.1068,0.2101,-7.576470588235294
34.116,41.392,40.27813720703125,0.1055,0.2101,-7.576470588235294
34.166,41.172,40.27813720703125,0.1048,0.2101,-7.623529411764705
34.216,40.733,40.27813720703125,0.1043,0.2101,-7.623529411764705
34.266,41.001,40.27813720703125,0.104,0.2101,-7.3882352941176475
34.316,40.244,38.77813720703125,0.1037,0.2101,-7.3882352941176475
34.366,40.464,38.77813720703125,0.1028,0.2101,-7.341176470588235
34.416,40.098,38.77813720703125,0.1027,0.2101,-7.341176470588235
34.466,39.56,38.77813720703125,0.1025,0.2101,-7.670588235294118
34.516,39.927,38.77813720703125,0.1023,0.2101,-7.670588235294118
34.566,39.683,38.77813720703125,0.1022,0.2101,-7.341176470588235
34.616,39.145,38.77813720703125,0.1022,0.2101,-7.341176470588235
34.666,39.438,38.77813720703125,0.1022,0.2101,-7.3882352941176475
34.716,38.999,38.77813720703125,0.1022,0.2101,-7.2
34.766,39.096,38.77813720703125,0.1022,0.2101,-7.2
34.816,38.901,38.77813720703125,0.1022,0.2101,-7.152941176470589
34.866,38.657,38.77813720703125,0.1022,0.2101,-7.152941176470589
34.916,38.486,38.77813720703125,0.1023,0.2101,-7.105882352941176
34.966,38.486,38.77813720703125,0.1025,0.2101,7.105882352941176
35.016,38.266,38.77813720703125,0.1026,0.2101,7.105882352941176
35.066,38.339,38.77813720703125,0.1027,0.2101,7.152941176470589
35.116,38.999,38.77813720703125,0.1027,0.2101,7.152941176470589
35.166,39.17,38.77813720703125,0.1028,0.2101,7.247058823529412
35.216,40.317,38.77813720703125,0.1028,0.2101,-7.152941176470589
35.266,39.316,38.77813720703125,0.1028,0.2101,-7.152941176470589
35.316,39.512,37.278141021728516,0.1029,0.2101,-7.623529411764705
35.366,39.341,37.278141021728516,0.1029,0.2101,-7.623529411764705
35.416,38.828,37.278141021728516,0.1029,0.2101,-7.905882352941177
35.466,38.462,37.278141021728516,0.103,0.2101,-7.858823529411764
35.516,38.291,37.278141021728516,0.103,0.2101,-7.858823529411764
35.566,38.559,37.278141021728516,0.1032,0.2101,-7.482352941176471
35.616,37.705,37.278141021728516,0.1033,0.2101,-7.482352941176471
35.666,37.949,37.278141021728516,0.1034,0.2101,-7.529411764705882
35.716,37.827,37.278141021728516,0.1035,0.2101,-7.529411764705882
35.766,37.485,37.278141021728516,0.104,0.2101,-7.294117647058823
35.816,37.289,37.278141021728516,0.1044,0.2101,-7.294117647058823
35.866,37.387,37.278141021728516,0.1051,0.2101,-7.152941176470589
35.916,36.923,37.278141021728516,0.1055,0.2101,-7.152941176470589
35.966,37.021,37.278141021728516,0.1062,0.2101,-7.105882352941176
36.016,37.045,37.278141021728516,0.1065,0.2101,-7.105882352941176
36.068,36.801,37.278141021728516,0.1069,0.2101,7.152941176470589
36.117,36.874,37.278141021728516,0.1073,0.2101,7.152941176470589
36.167,36.947,37.278141021728516,0.1074,0.2101,7.247058823529412
36.217,36.996,37.278141021728516,0.1078,0.2101,7.247058823529412
36.267,37.094,37.278141021728516,0.108,0.2101,7.2
36.317,37.411,38.77813720703125,0.1082,0.2101,7.2
36.367,38.144,38.77813720703125,0.1082,0.2101,7.105882352941176
36.417,38.413,38.77813720703125,0.1083,0.2101,7.105882352941176
36.467,38.803,38.77813720703125,0.1083,0.2101,7.294117647058823
36.517,38.999,38.77813720703125,0.1083,0.2101,7.294117647058823
36.567,39.341,38.77813720703125,0.1083,0.2101,0.0
36.617,39.365,38.77813720703125,0.1083,0.2101,0.0
36.667,39.536,38.77813720703125,0.1083,0.2101,-7.294117647058823
36.717,39.634,38.77813720703125,0.1083,0.2101,-7.294117647058823
36.767,39.365,38.77813720703125,0.108,0.2101,-7.341176470588235
36.817,38.999,38.77813720703125,0.1078,0.2101,-7.341176470588235
36.867,39.267,38.77813720703125,0.1075,0.2101,-7.294117647058823
36.917,38.828,38.77813720703125,0.1068,0.2101,-7.294117647058823
36.967,38.852,38.77813720703125,0.1062,0.2101,-7.247058823529412
37.017,38.486,38.77813720703125,0.1057,0.2101,-7.247058823529412
37.067,38.73,38.77813720703125,0.1052,0.2101,-7.105882352941176
37.117,38.315,38.77813720703125,0.1041,0.2101,-7.105882352941176
37.167,38.168,38.77813720703125,0.1039,0.2101,0.0
37.217,38.144,38.77813720703125,0.1031,0.2101,0.0
37.267,37.998,38.77813720703125,0.103,0.2101,7.294117647058823
37.317,38.364,37.278141021728516,0.1027,0.2101,7.294117647058823
37.367,38.022,37.278141021728516,0.1026,0.2101,7.341176470588235
37.417,38.413,37.278141021728516,0.1026,0.2101,-7.482352941176471
37.467,38.877,37.278141021728516,0.1026,0.2101,-7.482352941176471
37.517,38.388,37.278141021728516,0.1026,0.2101,-7.482352941176471
37.567,38.51,37.278141021728516,0.1026,0.2101,-7.482352941176471
37.617,38.266,37.278141021728516,0.1026,0.2101,-7.482352941176471
37.667,38.046,37.278141021728516,0.1026,0.2101,-7.529411764705882
37.717,38.022,37.278141021728516,0.1026,0.2101,-7.529411764705882
37.767,37.631,37.278141021728516,0.1028,0.2101,-7.341176470588235
37.817,37.436,37.278141021728516,0.103,0.2101,-7.341176470588235
37.867,37.68,37.278141021728516,0.1032,0.2101,-7.2
37.917,37.216,37.278141021728516,0.1034,0.2101,-7.105882352941176
37.967,37.094,37.278141021728516,0.1037,0.2101,-7.105882352941176
38.017,36.947,37.278141021728516,0.1039,0.2101,0.0
38.069,37.045,37.278141021728516,0.1042,0.2101,7.2
38.118,36.85,37.278141021728516,0.1045,0.2101,7.2
38.168,36.923,37.278141021728516,0.1046,0.2101,7.152941176470589
38.218,37.07,37.278141021728516,0.1047,0.2101,7.152941176470589
38.268,37.827,37.278141021728516,0.1048,0.2101,7.2
38.318,37.851,38.77813720703125,0.1049,0.2101,7.2
38.368,37.949,38.77813720703125,0.1049,0.2101,-7.247058823529412
38.418,38.315,38.77813720703125,0.1051,0.2101,7.3882352941176475
38.468,38.413,38.77813720703125,0.1051,0.2101,7.3882352941176475
38.518,38.706,38.77813720703125,0.1053,0.2101,7.247058823529412
38.568,38.755,38.77813720703125,0.1057,0.2101,7.247058823529412
38.618,38.926,38.77813720703125,0.1057,0.2101,7.105882352941176
38.668,39.438,38.77813720703125,0.1058,0.2101,7.105882352941176
38.718,39.829,38.77813720703125,0.1058,0.2101,-7.105882352941176
38.768,39.976,38.77813720703125,0.1058,0.2101,-7.105882352941176
38.818,39.536,38.77813720703125,0.1058,0.2101,-7.435294117647059
38.868,39.585,38.77813720703125,0.1058,0.2101,-7.435294117647059
38.918,39.341,38.77813720703125,0.1059,0.2101,-7.341176470588235
38.968,39.341,38.77813720703125,0.1059,0.2101,-7.341176470588235
39.018,38.926,38.77813720703125,0.1058,0.2101,-7.294117647058823
39.068,39.048,38.77813720703125,0.1058,0.2101,-7.294117647058823
39.118,38.266,38.77813720703125,0.1058,0.2101,-7.105882352941176
39.168,38.755,38.77813720703125,0.1058,0.2101,-7.152941176470589
39.218,38.73,38.77813720703125,0.1058,0.2101,-7.152941176470589
39.268,38.364,38.77813720703125,0.1057,0.2101,0.0
39.318,38.339,37.278141021728516,0.1056,0.2101,0.0
39.368,38.315,37.278141021728516,0.1056,0.2101,7.2
39.418,38.339,37.278141021728516,0.1055,0.2101,-7.435294117647059
39.468,38.486,37.278141021728516,0.1055,0.2101,-7.435294117647059
39.518,38.388,37.278141021728516,0.1054,0.2101,-7.435294117647059
39.568,38.339,37.278141021728516,0.1054,0.2101,-7.435294117647059
39.618,37.509,37.278141021728516,0.1052,0.2101,-7.482352941176471
39.668,37.802,37.278141021728516,0.1052,0.2101,-7.435294117647059
39.718,37.729,37.278141021728516,0.1052,0.2101,-7.435294117647059
39.768,37.241,37.278141021728516,0.1051,0.2101,-7.247058823529412
39.818,37.265,37.278141021728516,0.1047,0.2101,-7.247058823529412
39.868,37.021,37.278141021728516,0.1044,0.2101,0.0
39.918,37.021,37.278141021728516,0.1044,0.2101,0.0
39.968,37.07,37.278141021728516,0.1044,0.2101,0.0
40.018,36.801,37.278141021728516,0.1044,0.2101,7.152941176470589
40.07,37.265,37.278141021728516,0.1042,0.2101,7.247058823529412
40.119,37.289,37.278141021728516,0.1042,0.2101,7.247058823529412
40.169,37.436,37.278141021728516,0.1041,0.2101,0.0
40.219,37.509,37.278141021728516,0.104,0.2101,0.0
40.269,37.607,37.278141021728516,0.1039,0.2101,-7.105882352941176
40.319,37.753,38.77813720703125,0.1039,0.2101,-7.105882352941176
40.369,37.192,38.77813720703125,0.1039,0.2101,-7.2
40.419,37.289,38.77813720703125,0.1039,0.2101,7.435294117647059
40.469,37.265,38.77813720703125,0.1039,0.2101,7.435294117647059
40.519,37.558,38.77813720703125,0.1039,0.2101,7.623529411764705
40.569,37.509,38.77813720703125,0.1039,0.2101,7.623529411764705
40.619,38.266,38.77813720703125,0.1039,0.2101,7.529411764705882
40.669,38.217,38.77813720703125,0.1039,0.2101,7.529411764705882
40.719,39.121,38.77813720703125,0.1039,0.2101,7.247058823529412
40.769,38.828,38.77813720703125,0.1039,0.2101,7.247058823529412
40.819,39.536,38.77813720703125,0.1041,0.2101,-7.2
40.869,39.463,38.77813720703125,0.1041,0.2101,-7.2
40.919,39.853,38.77813720703125,0.1041,0.2101,-7.341176470588235
40.969,39.267,38.77813720703125,0.1042,0.2101,-7.341176470588235
41.019,39.17,38.77813720703125,0.1042,0.2101,-7.482352941176471
41.069,38.706,38.77813720703125,0.1043,0.2101,-7.482352941176471
41.119,38.681,38.77813720703125,0.1044,0.2101,-7.2
41.169,38.535,38.77813720703125,0.1045,0.2101,-7.2
41.219,38.413,38.77813720703125,0.1048,0.2101,7.105882352941176
41.269,38.266,38.77813720703125,0.1048,0.2101,7.105882352941176
41.319,38.437,37.278141021728516,0.1049,0.2101,7.2
41.369,38.73,37.278141021728516,0.1049,0.2101,7.2
41.419,39.121,37.278141021728516,0.1049,0.2101,-7.482352941176471
41.469,39.096,37.278141021728516,0.1049,0.2101,-7.482352941176471
41.519,38.974,37.278141021728516,0.105,0.2101,-7.764705882352941
41.569,38.755,37.278141021728516,0.1051,0.2101,-7.764705882352941
41.619,38.657,37.278141021728516,0.1054,0.2101,-7.7176470588235295
41.669,37.827,37.278141021728516,0.1056,0.2101,-7.623529411764705
41.719,38.242,37.278141021728516,0.1056,0.2101,-7.623529411764705
41.769,37.9,37.278141021728516,0.1056,0.2101,-7.247058823529412
41.819,37.973,37.278141021728516,0.1056,0.2101,-7.247058823529412
41.869,37.607,37.278141021728516,0.1057,0.2101,-7.294117647058823
41.919,37.436,37.278141021728516,0.1057,0.2101,-7.341176470588235
41.969,37.216,37.278141021728516,0.1057,0.2101,-7.341176470588235
42.019,37.265,37.278141021728516,0.1057,0.2101,-7.105882352941176
42.071,37.021,37.278141021728516,0.1057,0.2101,0.0
42.12,37.021,37.278141021728516,0.1057,0.2101,0.0
42.17,36.972,37.278141021728516,0.1056,0.2101,7.152941176470589
42.22,37.118,37.278141021728516,0.1056,0.2101,7.152941176470589
42.27,37.241,37.278141021728516,0.1056,0.2101,7.152941176470589
42.32,37.338,35.77813720703125,0.1055,0.2101,7.152941176470589
42.37,37.778,35.77813720703125,0.1054,0.2101,0.0
42.42,37.827,35.77813720703125,0.1053,0.2101,0.0
42.47,37.973,35.77813720703125,0.1052,0.2101,-7.811764705882353
42.52,37.851,35.77813720703125,0.1051,0.2101,-7.811764705882353
42.57,37.656,35.77813720703125,0.1049,0.2101,-7.905882352941177
42.62,37.363,35.77813720703125,0.1048,0.2101,-7.905882352941177
42.67,37.045,35.77813720703125,0.1044,0.2101,-7.764705882352941
42.72,36.899,35.77813720703125,0.1042,0.2101,-7.764705882352941
42.77,36.752,35.77813720703125,0.1039,0.2101,-7.529411764705882
42.82,36.264,35.77813720703125,0.1037,0.2101,-7.482352941176471
42.87,36.239,35.77813720703125,0.1037,0.2101,-7.482352941176471
42.92,36.068,35.77813720703125,0.1037,0.2101,-7.247058823529412
42.97,35.702,35.77813720703125,0.1036,0.2101,-7.247058823529412
43.02,35.653,35.77813720703125,0.1036,0.2101,-7.152941176470589
43.07,35.775,35.77813720703125,0.1036,0.2101,-7.152941176470589
43.12,35.629,35.77813720703125,0.1036,0.2101,7.105882352941176
43.17,35.726,35.77813720703125,0.1037,0.2101,0.0
43.22,35.775,35.77813720703125,0.1037,0.2101,0.0
43.27,35.775,35.77813720703125,0.1037,0.2101,0.0
43.32,35.775,34.27813720703125,0.1039,0.2101,0.0
43.37,35.775,34.27813720703125,0.104,0.2101,0.0
43.42,35.775,34.27813720703125,0.1041,0.2101,0.0
43.47,35.58,34.27813720703125,0.1042,0.2101,-7.623529411764705
43.52,35.336,34.27813720703125,0.1042,0.2101,-7.623529411764705
43.57,35.433,34.27813720703125,0.1043,0.2101,-7.529411764705882
43.62,35.165,34.27813720703125,0.1044,0.2101,-7.435294117647059
43.67,34.872,34.27813720703125,0.1045,0.2101,-7.435294117647059
43.72,34.603,34.27813720703125,0.1046,0.2101,-7.3882352941176475
43.77,34.335,34.27813720703125,0.1048,0.2101,-7.3882352941176475
43.82,34.603,34.27813720703125,0.1048,0.2101,-7.2
43.87,34.261,34.27813720703125,0.1048,0.2101,-7.2
43.92,34.286,34.27813720703125,0.1048,0.2101,-7.2
43.97,34.139,34.27813720703125,0.1048,0.2101,-7.2
44.02,34.017,34.27813720703125,0.1049,0.2101,0.0
44.072,34.164,34.27813720703125,0.1049,0.2101,7.152941176470589
44.121,34.237,34.27813720703125,0.1049,0.2101,7.152941176470589
44.171,34.335,34.27813720703125,0.1049,0.2101,7.105882352941176
44.221,34.53,34.27813720703125,0.1052,0.2101,7.105882352941176
44.271,34.725,34.27813720703125,0.1052,0.2101,0.0
44.321,34.921,35.77813720703125,0.1053,0.2101,0.0
44.371,35.116,35.77813720703125,0.1053,0.2101,-7.247058823529412
44.421,34.896,35.77813720703125,0.1053,0.2101,-7.247058823529412
44.471,34.799,35.77813720703125,0.1053,0.2101,7.294117647058823
44.521,34.799,35.77813720703125,0.1053,0.2101,7.294117647058823
44.571,34.628,35.77813720703125,0.1053,0.2101,7.435294117647059
44.621,35.165,35.77813720703125,0.1053,0.2101,7.435294117647059
44.671,35.507,35.77813720703125,0.1053,0.2101,7.435294117647059
44.721,35.971,35.77813720703125,0.1053,0.2101,7.294117647058823
44.771,36.435,35.77813720703125,0.1051,0.2101,7.294117647058823
44.821,36.532,35.77813720703125,0.1049,0.2101,-7.152941176470589
44.871,36.777,35.77813720703125,0.1049,0.2101,-7.294117647058823
44.921,36.386,35.77813720703125,0.1046,0.2101,-7.294117647058823
44.971,36.044,35.77813720703125,0.1042,0.2101,-7.435294117647059
45.021,36.117,35.77813720703125,0.1042,0.2101,-7.435294117647059
45.071,36.239,35.77813720703125,0.1041,0.2101,-7.152941176470589
45.121,35.8,35.77813720703125,0.1038,0.2101,-7.2
45.171,35.36,35.77813720703125,0.1038,0.2101,-7.2
45.221,35.507,35.77813720703125,0.1038,0.2101,0.0
45.271,35.507,35.77813720703125,0.1038,0.2101,0.0
45.321,35.507,37.278141021728516,0.1038,0.2101,7.152941176470589
45.371,35.726,37.278141021728516,0.1038,0.2101,7.152941176470589
45.421,35.409,37.278141021728516,0.1038,0.2101,7.152941176470589
45.471,36.068,37.278141021728516,0.1038,0.2101,7.623529411764705
45.521,36.093,37.278141021728516,0.1038,0.2101,7.623529411764705
45.571,36.361,37.278141021728516,0.1038,0.2101,7.529411764705882
45.621,36.972,37.278141021728516,0.1039,0.2101,7.482352941176471
45.671,37.411,37.278141021728516,0.1039,0.2101,7.482352941176471
45.721,37.631,37.278141021728516,0.1043,0.2101,7.152941176470589
45.771,37.9,37.278141021728516,0.1046,0.2101,7.152941176470589
45.821,38.559,37.278141021728516,0.1047,0.2101,-7.2
45.871,38.413,37.278141021728516,0.1047,0.2101,-7.294117647058823
45.921,38.242,37.278141021728516,0.1048,0.2101,-7.294117647058823
45.971,38.413,37.278141021728516,0.1049,0.2101,-7.482352941176471
46.021,37.753,37.278141021728516,0.1049,0.2101,-7.482352941176471
46.073,37.924,37.278141021728516,0.1049,0.2101,-7.482352941176471
46.122,37.705,37.278141021728516,0.1049,0.2101,-7.247058823529412
46.172,37.558,37.278141021728516,0.1049,0.2101,-7.247058823529412
46.222,37.265,37.278141021728516,0.1049,0.2101,-7.2
46.272,37.216,37.278141021728516,0.1049,0.2101,-7.2
46.322,37.021,38.77813720703125,0.1049,0.2101,0.0
46.372,37.021,38.77813720703125,0.1049,0.2101,0.0
46.422,36.996,38.77813720703125,0.1049,0.2101,0.0
46.472,36.996,38.77813720703125,0.1049,0.2101,7.7176470588235295
46.522,37.118,38.77813720703125,0.1049,0.2101,7.7176470588235295
46.572,37.192,38.77813720703125,0.105,0.2101,7.7176470588235295
46.622,37.656,38.77813720703125,0.105,0.2101,7.670588235294118
46.672,37.851,38.77813720703125,0.105,0.2101,7.670588235294118
46.722,38.217,38.77813720703125,0.1051,0.2101,7.482352941176471
46.772,38.828,38.77813720703125,0.1051,0.2101,7.482352941176471
46.822,39.048,38.77813720703125,0.1054,0.2101,7.247058823529412
46.872,39.341,38.77813720703125,0.1054,0.2101,0.0
46.922,39.365,38.77813720703125,0.1054,0.2101,0.0
46.972,39.365,38.77813720703125,0.1054,0.2101,-7.294117647058823
47.022,39.658,38.77813720703125,0.1054,0.2101,-7.294117647058823
47.072,39.463,38.77813720703125,0.1054,0.2101,-7.294117647058823
47.122,39.341,38.77813720703125,0.1054,0.2101,-7.3882352941176475
47.172,38.95,38.77813720703125,0.1054,0.2101,-7.3882352941176475
47.222,38.681,38.77813720703125,0.1054,0.2101,-7.294117647058823
47.272,38.828,38.77813720703125,0.1053,0.2101,-7.294117647058823
47.322,38.657,37.278141021728516,0.1047,0.2101,7.105882352941176
47.372,38.51,37.278141021728516,0.1044,0.2101,0.0
47.422,38.51,37.278141021728516,0.1043,0.2101,0.0
47.472,38.632,37.278141021728516,0.1043,0.2101,-7.529411764705882
47.522,38.803,37.278141021728516,0.1041,0.2101,-7.529411764705882
47.572,38.437,37.278141021728516,0.1038,0.2101,-7.576470588235294
47.622,38.291,37.278141021728516,0.1038,0.2101,-7.623529411764705
47.672,37.924,37.278141021728516,0.1038,0.2101,-7.623529411764705
47.722,37.9,37.278141021728516,0.1038,0.2101,-7.435294117647059
47.772,37.436,37.278141021728516,0.1038,0.2101,-7.435294117647059
47.822,37.192,37.278141021728516,0.1038,0.2101,-7.294117647058823
47.872,37.363,37.278141021728516,0.1038,0.2101,-7.294117647058823
47.922,37.143,37.278141021728516,0.1038,0.2101,7.105882352941176
47.972,37.192,37.278141021728516,0.1038,0.2101,7.105882352941176
48.022,37.094,37.278141021728516,0.1041,0.2101,7.105882352941176
48.074,37.289,37.278141021728516,0.1043,0.2101,7.105882352941176
48.123,37.9,37.278141021728516,0.1047,0.2101,7.105882352941176
48.173,37.973,37.278141021728516,0.1051,0.2101,7.105882352941176
48.223,38.144,37.278141021728516,0.1051,0.2101,-7.294117647058823
48.273,37.949,37.278141021728516,0.1051,0.2101,-7.294117647058823
48.323,37.924,35.77813720703125,0.1051,0.2101,-7.3882352941176475
48.373,37.582,35.77813720703125,0.1051,0.2101,-7.3882352941176475
48.423,37.9,35.77813720703125,0.1051,0.2101,-7.858823529411764
48.473,37.607,35.77813720703125,0.1051,0.2101,-7.858823529411764
48.523,37.729,35.77813720703125,0.1051,0.2101,-7.858823529411764
48.573,37.045,35.77813720703125,0.1051,0.2101,-7.858823529411764
48.623,36.972,35.77813720703125,0.1051,0.2101,-7.811764705882353
48.673,36.654,35.77813720703125,0.105,0.2101,-7.811764705882353
48.723,36.606,35.77813720703125,0.105,0.2101,-7.529411764705882
48.773,36.19,35.77813720703125,0.1049,0.2101,-7.529411764705882
48.823,36.117,35.77813720703125,0.1047,0.2101,-7.3882352941176475
48.873,35.433,35.77813720703125,0.1047,0.2101,-7.3882352941176475
48.923,35.8,35.77813720703125,0.1047,0.2101,-7.2
48.973,35.507,35.77813720703125,0.1047,0.2101,-7.2
49.023,35.482,35.77813720703125,0.1047,0.2101,0.0
49.073,35.482,35.77813720703125,0.1047,0.2101,0.0
49.123,35.604,35.77813720703125,0.1047,0.2101,7.152941176470589
49.173,35.58,35.77813720703125,0.1047,0.2101,7.152941176470589
49.223,35.678,35.77813720703125,0.1048,0.2101,7.105882352941176
49.273,36.068,35.77813720703125,0.1049,0.2101,7.105882352941176
49.323,36.239,35.483543395996094,0.1049,0.2101,7.105882352941176
49.373,36.532,35.483543395996094,0.1049,0.2101,7.105882352941176
49.423,36.801,35.483543395996094,0.1049,0.2101,-7.341176470588235
49.473,36.996,35.483543395996094,0.1049,0.2101,-7.341176470588235
49.523,36.947,35.483543395996094,0.1049,0.2101,-7.576470588235294
49.573,36.679,35.483543395996094,0.1049,0.2101,-7.576470588235294
49.623,36.484,35.483543395996094,0.1049,0.2101,-7.623529411764705
49.673,35.897,35.483543395996094,0.1049,0.2101,-7.623529411764705
49.723,36.337,35.483543395996094,0.1049,0.2101,-7.435294117647059
49.773,35.897,35.483543395996094,0.1048,0.2101,-7.435294117647059
49.823,35.629,35.483543395996094,0.1044,0.2101,-7.3882352941176475
49.873,35.678,35.483543395996094,0.1043,0.2101,-7.3882352941176475
49.923,35.458,35.483543395996094,0.1038,0.2101,-7.105882352941176
49.973,35.238,35.483543395996094,0.1038,0.2101,-7.105882352941176
50.023,35.067,35.483543395996094,0.1038,0.2101,0.0
50.075,35.189,35.483543395996094,0.1038,0.2101,7.152941176470589
50.124,35.214,35.483543395996094,0.1038,0.2101,7.152941176470589
50.174,35.14,35.483543395996094,0.1038,0.2101,7.152941176470589
50.224,35.482,35.483543395996094,0.1038,0.2101,7.152941176470589
50.274,36.044,35.483543395996094,0.1038,0.2101,7.2
50.324,36.166,36.983543395996094,0.1038,0.2101,0.0
50.374,36.19,36.983543395996094,0.104,0.2101,0.0
50.424,35.897,36.983543395996094,0.1041,0.2101,7.3882352941176475
50.474,36.239,36.983543395996094,0.1042,0.2101,7.3882352941176475
50.524,36.606,36.983543395996094,0.1043,0.2101,7.482352941176471
50.574,37.094,36.983543395996094,0.1044,0.2101,7.341176470588235
50.624,36.899,36.983543395996094,0.1045,0.2101,7.341176470588235
50.674,37.411,36.983543395996094,0.1045,0.2101,-7.105882352941176
50.724,37.582,36.983543395996094,0.1045,0.2101,-7.105882352941176
50.774,37.46,36.983543395996094,0.1045,0.2101,-7.2
50.824,37.045,36.983543395996094,0.1045,0.2101,-7.294117647058823
50.874,37.118,36.983543395996094,0.1045,0.2101,-7.294117647058823
50.924,36.947,36.983543395996094,0.1045,0.2101,0.0
50.974,36.947,36.983543395996094,0.1045,0.2101,0.0
51.024,36.947,36.983543395996094,0.1045,0.2101,0.0
51.074,36.947,36.983543395996094,0.1043,0.2101,0.0
51.124,36.947,36.983543395996094,0.1043,0.2101,0.0
51.174,36.947,36.983543395996094,0.1043,0.2101,0.0
51.224,36.947,36.983543395996094,0.1043,0.2101,0.0
51.274,36.947,36.983543395996094,0.1043,0.2101,0.0
51.324,36.972,35.483543395996094,0.1043,0.2101,0.0
51.374,36.947,35.483543395996094,0.1043,0.2101,0.0
51.424,36.703,35.483543395996094,0.1043,0.2101,-7.623529411764705
51.474,36.825,35.483543395996094,0.1044,0.2101,-7.623529411764705
51.524,36.899,35.483543395996094,0.1044,0.2101,-7.529411764705882
51.574,36.508,35.483543395996094,0.1045,0.2101,-7.576470588235294
51.624,36.532,35.483543395996094,0.1048,0.2101,-7.576470588235294
51.674,36.337,35.483543395996094,0.105,0.2101,-7.435294117647059
51.724,35.751,35.483543395996094,0.105,0.2101,-7.435294117647059
51.774,35.946,35.483543395996094,0.105,0.2101,-7.3882352941176475
51.824,35.849,35.483543395996094,0.105,0.2101,-7.152941176470589
51.874,35.507,35.483543395996094,0.105,0.2101,-7.152941176470589
51.924,35.043,35.483543395996094,0.105,0.2101,-7.2
51.974,35.507,35.483543395996094,0.105,0.2101,-7.2
52.024,35.189,35.483543395996094,0.105,0.2101,7.247058823529412
52.076,35.116,35.483543395996094,0.1049,0.2101,0.0
52.125,35.14,35.483543395996094,0.1049,0.2101,0.0
52.175,35.116,35.483543395996094,0.1047,0.2101,7.2
52.225,35.189,35.483543395996094,0.1045,0.2101,7.2
52.275,35.556,35.483543395996094,0.1045,0.2101,7.2
52.325,35.385,33.983543395996094,0.1044,0.2101,7.152941176470589
52.375,36.166,33.983543395996094,0.1043,0.2101,7.152941176470589
52.425,35.995,33.983543395996094,0.1042,0.2101,-7.576470588235294
52.475,36.288,33.983543395996094,0.1041,0.2101,-7.576470588235294
52.525,36.239,33.983543395996094,0.1041,0.2101,-7.811764705882353
52.575,35.946,33.983543395996094,0.1041,0.2101,-7.905882352941177
52.625,35.775,33.983543395996094,0.1041,0.2101,-7.905882352941177
52.675,35.458,33.983543395996094,0.1041,0.2101,-7.811764705882353
52.725,35.214,33.983543395996094,0.1041,0.2101,-7.811764705882353
52.775,34.994,33.983543395996094,0.1041,0.2101,-7.623529411764705
52.825,34.872,33.983543395996094,0.104,0.2101,-7.529411764705882
52.875,34.628,33.983543395996094,0.104,0.2101,-7.529411764705882
52.925,34.212,33.983543395996094,0.104,0.2101,-7.3882352941176475
52.975,34.286,33.983543395996094,0.104,0.2101,-7.3882352941176475
53.025,34.017,33.983543395996094,0.104,0.2101,-7.152941176470589
53.075,33.871,33.983543395996094,0.1041,0.2101,-7.152941176470589
53.125,33.748,33.983543395996094,0.1041,0.2101,-7.152941176470589
53.175,33.578,33.983543395996094,0.1041,0.2101,7.105882352941176
53.225,33.7,33.983543395996094,0.1041,0.2101,7.105882352941176
53.275,33.822,33.983543395996094,0.1042,0.2101,7.2
53.325,34.188,32.831382751464844,0.1043,0.2101,7.152941176470589
53.375,34.359,32.831382751464844,0.1043,0.2101,7.152941176470589
53.425,34.505,32.831382751464844,0.1044,0.2101,-7.576470588235294
53.475,34.701,32.831382751464844,0.1044,0.2101,-7.576470588235294
53.525,34.676,32.831382751464844,0.1044,0.2101,-7.670588235294118
53.575,34.335,32.831382751464844,0.1045,0.2101,-7.764705882352941
53.625,34.261,32.831382751464844,0.1046,0.2101,-7.764705882352941
53.675,33.871,32.831382751464844,0.1046,0.2101,-7.623529411764705
53.725,33.773,32.831382751464844,0.1046,0.2101,-7.623529411764705
53.775,33.455,32.831382751464844,0.1046,0.2101,-7.435294117647059
53.825,33.089,32.831382751464844,0.1046,0.2101,-7.435294117647059
53.875,33.114,32.831382751464844,0.1046,0.2101,-7.435294117647059
53.925,32.869,32.831382751464844,0.1046,0.2101,-7.152941176470589
53.975,32.772,32.831382751464844,0.1046,0.2101,-7.152941176470589
54.025,32.674,32.831382751464844,0.1046,0.2101,0.0
54.077,32.674,32.831382751464844,0.1046,0.2101,0.0
54.126,32.674,32.831382751464844,0.1046,0.2101,0.0
54.176,32.845,32.831382751464844,0.1046,0.2101,7.105882352941176
54.226,32.821,32.831382751464844,0.1046,0.2101,7.105882352941176
54.276,32.894,32.831382751464844,0.1046,0.2101,0.0
54.326,33.04,32.05672073364258,0.1046,0.2101,0.0
54.376,33.162,32.05672073364258,0.1046,0.2101,-7.105882352941176
54.426,33.04,32.05672073364258,0.1046,0.2101,-7.105882352941176
54.476,32.918,32.05672073364258,0.1046,0.2101,-7.482352941176471
54.526,33.016,32.05672073364258,0.1046,0.2101,-7.482352941176471
54.576,32.894,32.05672073364258,0.1045,0.2101,-7.3882352941176475
54.626,32.283,32.05672073364258,0.1045,0.2101,-7.3882352941176475
54.676,32.332,32.05672073364258,0.1045,0.2101,-7.3882352941176475
54.726,31.941,32.05672073364258,0.1043,0.2101,-7.3882352941176475
54.776,32.137,32.05672073364258,0.1042,0.2101,-7.152941176470589
54.826,32.039,32.05672073364258,0.1042,0.2101,7.105882352941176
54.876,31.893,32.05672073364258,0.1041,0.2101,7.105882352941176
54.926,31.917,32.05672073364258,0.104,0.2101,0.0
54.976,31.99,32.05672073364258,0.104,0.2101,0.0
55.026,32.186,32.05672073364258,0.104,0.2101,7.105882352941176
55.076,32.283,32.05672073364258,0.1039,0.2101,7.105882352941176
55.126,31.99,32.05672073364258,0.1039,0.2101,7.105882352941176
55.176,32.357,32.05672073364258,0.1039,0.2101,-7.152941176470589
55.226,32.747,32.05672073364258,0.1039,0.2101,-7.152941176470589
55.276,32.796,32.05672073364258,0.1039,0.2101,-7.152941176470589
55.326,32.479,31.81300163269043,0.1039,0.2101,-7.341176470588235
55.376,32.308,31.81300163269043,0.1039,0.2101,-7.341176470588235
55.426,32.039,31.81300163269043,0.104,0.2101,-7.294117647058823
55.476,32.161,31.81300163269043,0.104,0.2101,-7.294117647058823
55.526,31.966,31.81300163269043,0.104,0.2101,-7.152941176470589
55.576,31.966,31.81300163269043,0.104,0.2101,-7.2
55.626,31.575,31.81300163269043,0.104,0.2101,-7.2
55.676,31.575,31.81300163269043,0.1041,0.2101,-7.105882352941176
55.726,31.502,31.81300163269043,0.1041,0.2101,-7.105882352941176
55.776,31.233,31.81300163269043,0.1041,0.2101,7.152941176470589
55.826,31.502,31.81300163269043,0.1043,0.2101,7.152941176470589
55.876,31.477,31.81300163269043,0.1043,0.2101,7.152941176470589
55.926,31.893,31.81300163269043,0.1044,0.2101,7.152941176470589
55.976,32.112,31.81300163269043,0.1044,0.2101,7.152941176470589
56.026,32.479,31.81300163269043,0.1044,0.2101,-7.105882352941176
56.078,32.527,31.81300163269043,0.1045,0.2101,-7.152941176470589
56.127,32.381,31.81300163269043,0.1045,0.2101,-7.152941176470589
56.177,32.43,31.81300163269043,0.1045,0.2101,-7.341176470588235
56.227,32.015,31.81300163269043,0.1045,0.2101,-7.341176470588235
56.277,31.99,31.81300163269043,0.1045,0.2101,-7.294117647058823
56.327,31.893,31.761486053466797,0.1045,0.2101,-7.294117647058823
56.377,31.746,31.761486053466797,0.1045,0.2101,-7.105882352941176
56.427,31.966,31.761486053466797,0.1045,0.2101,-7.105882352941176
56.477,31.477,31.761486053466797,0.1045,0.2101,0.0
56.527,31.038,31.761486053466797,0.1045,0.2101,-7.152941176470589
56.577,31.477,31.761486053466797,0.1045,0.2101,-7.152941176470589
56.627,31.526,31.761486053466797,0.1044,0.2101,7.341176470588235
56.677,31.282,31.761486053466797,0.1044,0.2101,7.341176470588235
56.727,31.184,31.761486053466797,0.1044,0.2101,7.152941176470589
56.777,31.819,31.761486053466797,0.1044,0.2101,7.247058823529412
56.827,32.112,31.761486053466797,0.1043,0.2101,7.247058823529412
56.877,32.357,31.761486053466797,0.1043,0.2101,0.0
56.927,32.405,31.761486053466797,0.1043,0.2101,0.0
56.977,32.674,31.761486053466797,0.1043,0.2101,-7.294117647058823
57.027,32.405,31.761486053466797,0.1043,0.2101,-7.294117647058823
57.077,32.186,31.761486053466797,0.1043,0.2101,-7.294117647058823
57.127,31.99,31.761486053466797,0.1043,0.2101,-7.294117647058823
57.177,32.063,31.761486053466797,0.1043,0.2101,-7.294117647058823
57.227,31.844,31.761486053466797,0.1043,0.2101,-7.152941176470589
57.277,32.112,31.761486053466797,0.1042,0.2101,-7.152941176470589
57.327,31.429,31.918298721313477,0.1042,0.2101,-7.152941176470589
57.377,31.722,31.918298721313477,0.104,0.2101,-7.2
57.427,32.015,31.918298721313477,0.104,0.2101,-7.2
57.477,31.477,31.918298721313477,0.1038,0.2101,7.152941176470589
57.527,31.453,31.918298721313477,0.1038,0.2101,-7.105882352941176
57.577,31.746,31.918298721313477,0.1038,0.2101,-7.105882352941176
57.627,31.38,31.918298721313477,0.1038,0.2101,7.247058823529412
57.677,31.404,31.918298721313477,0.1038,0.2101,7.247058823529412
57.727,31.477,31.918298721313477,0.1038,0.2101,7.247058823529412
57.777,31.868,31.918298721313477,0.1038,0.2101,7.247058823529412
57.827,31.941,31.918298721313477,0.1038,0.2101,7.247058823529412
57.877,32.332,31.918298721313477,0.104,0.2101,0.0
57.927,32.405,31.918298721313477,0.104,0.2101,0.0
57.977,32.576,31.918298721313477,0.1042,0.2101,-7.2
58.027,32.283,31.918298721313477,0.1042,0.2101,-7.247058823529412
58.079,32.332,31.918298721313477,0.1042,0.2101,-7.247058823529412
58.128,32.161,31.918298721313477,0.1042,0.2101,-7.2
58.178,32.283,31.918298721313477,0.1043,0.2101,-7.2
58.228,32.039,31.918298721313477,0.1043,0.2101,-7.152941176470589
58.278,32.112,31.918298721313477,0.1043,0.2101,-7.2
58.328,31.453,32.32485580444336,0.1043,0.2101,-7.2
58.378,31.624,32.32485580444336,0.1043,0.2101,-7.152941176470589
58.428,31.551,32.32485580444336,0.1043,0.2101,-7.152941176470589
58.478,31.355,32.32485580444336,0.1043,0.2101,7.341176470588235
58.528,31.453,32.32485580444336,0.1043,0.2101,7.341176470588235
58.578,31.551,32.32485580444336,0.1043,0.2101,7.341176470588235
58.628,32.161,32.32485580444336,0.1043,0.2101,7.3882352941176475
58.678,32.21,32.32485580444336,0.1043,0.2101,7.3882352941176475
58.728,32.43,32.32485580444336,0.1043,0.2101,7.105882352941176
58.778,32.698,32.32485580444336,0.1043,0.2101,7.105882352941176
58.828,32.894,32.32485580444336,0.1043,0.2101,7.105882352941176
58.878,33.48,32.32485580444336,0.1043,0.2101,-7.2
58.928,33.407,32.32485580444336,0.1043,0.2101,-7.2
58.978,33.553,32.32485580444336,0.1043,0.2101,-7.482352941176471
59.028,33.284,32.32485580444336,0.1043,0.2101,-7.482352941176471
59.078,33.114,32.32485580444336,0.1043,0.2101,-7.482352941176471
59.128,32.845,32.32485580444336,0.1043,0.2101,-7.435294117647059
59.178,32.747,32.32485580444336,0.1043,0.2101,-7.435294117647059
59.228,32.527,32.32485580444336,0.1043,0.2101,-7.247058823529412
59.278,32.454,32.32485580444336,0.1041,0.2101,-7.2
59.328,32.259,32.545013427734375,0.1041,0.2101,-7.2
59.378,32.308,32.545013427734375,0.104,0.2101,-7.105882352941176
59.428,31.673,32.545013427734375,0.104,0.2101,-7.105882352941176
59.478,32.088,32.545013427734375,0.104,0.2101,7.152941176470589
59.528,31.966,32.545013427734375,0.104,0.2101,7.3882352941176475
59.578,31.844,32.545013427734375,0.104,0.2101,7.3882352941176475
59.628,32.43,32.545013427734375,0.104,0.2101,7.294117647058823
59.678,32.65,32.545013427734375,0.104,0.2101,7.294117647058823
59.728,32.625,32.545013427734375,0.104,0.2101,7.105882352941176
59.778,33.455,32.545013427734375,0.104,0.2101,-7.105882352941176
59.828,33.358,32.545013427734375,0.104,0.2101,-7.105882352941176
59.878,33.48,32.545013427734375,0.1041,0.2101,-7.3882352941176475
59.928,32.894,32.545013427734375,0.104,0.2101,-7.3882352941176475
59.978,33.407,32.545013427734375,0.1041,0.2101,-7.3882352941176475
60.028,32.918,32.545013427734375,0.1041,0.2101,-7.2
60.08,32.625,32.545013427734375,0.1041,0.2101,-7.2
60.129,32.869,32.545013427734375,0.1041,0.2101,-7.2
60.179,32.552,32.545013427734375,0.1041,0.2101,-7.2
60.229,32.283,32.545013427734375,0.1041,0.2101,-7.2
60.279,32.283,32.545013427734375,0.104,0.2101,0.0
60.329,32.283,31.51106834411621,0.1039,0.2101,0.0
60.379,32.088,31.51106834411621,0.1039,0.2101,7.152941176470589
60.429,32.283,31.51106834411621,0.1039,0.2101,7.152941176470589
60.479,32.43,31.51106834411621,0.1039,0.2101,-7.294117647058823
60.529,32.479,31.51106834411621,0.1039,0.2101,-7.294117647058823
60.579,32.357,31.51106834411621,0.1039,0.2101,-7.3882352941176475
60.629,32.063,31.51106834411621,0.1039,0.2101,-7.3882352941176475
60.679,32.283,31.51106834411621,0.1041,0.2101,-7.3882352941176475
60.729,31.893,31.51106834411621,0.1041,0.2101,-7.247058823529412
60.779,31.844,31.51106834411621,0.1041,0.2101,-7.247058823529412
60.829,31.551,31.51106834411621,0.1042,0.2101,-7.2
60.879,31.6,31.51106834411621,0.1043,0.2101,-7.2
60.929,31.453,31.51106834411621,0.1043,0.2101,0.0
60.979,31.453,31.51106834411621,0.1043,0.2101,0.0
61.029,31.429,31.51106834411621,0.1043,0.2101,0.0
61.079,31.453,31.51106834411621,0.1043,0.2101,0.0
61.129,31.551,31.51106834411621,0.1043,0.2101,7.105882352941176
61.179,31.575,31.51106834411621,0.1043,0.2101,7.105882352941176
61.229,31.526,31.51106834411621,0.1043,0.2101,0.0
61.279,31.551,31.51106834411621,0.1042,0.2101,-7.105882352941176
61.329,31.624,31.155092239379883,0.1042,0.2101,-7.105882352941176
61.379,31.502,31.155092239379883,0.1042,0.2101,0.0
61.429,31.526,31.155092239379883,0.1042,0.2101,0.0
61.479,31.526,31.155092239379883,0.1041,0.2101,-7.2
61.529,31.477,31.155092239379883,0.1041,0.2101,-7.2
61.579,31.795,31.155092239379883,0.1041,0.2101,-7.2
61.629,31.233,31.155092239379883,0.1041,0.2101,-7.2
61.679,31.331,31.155092239379883,0.104,0.2101,-7.2
61.729,30.842,31.155092239379883,0.1039,0.2101,-7.105882352941176
61.779,30.549,31.155092239379883,0.1038,0.2101,-7.105882352941176
61.829,30.867,31.155092239379883,0.1038,0.2101,7.2
61.879,30.818,31.155092239379883,0.1038,0.2101,7.2
61.929,30.769,31.155092239379883,0.1038,0.2101,7.152941176470589
61.979,31.355,31.155092239379883,0.1038,0.2101,7.152941176470589
62.029,31.282,31.155092239379883,0.1038,0.2101,7.2
62.081,31.819,31.155092239379883,0.1038,0.2101,-7.105882352941176
62.13,31.941,31.155092239379883,0.1037,0.2101,-7.105882352941176
62.18,31.966,31.155092239379883,0.1036,0.2101,-7.105882352941176
62.23,31.697,31.155092239379883,0.1037,0.2101,-7.341176470588235
62.28,31.453,31.155092239379883,0.1037,0.2101,-7.341176470588235
62.33,31.306,31.323421478271484,0.1037,0.2101,-7.341176470588235
62.38,31.282,31.323421478271484,0.1038,0.2101,-7.152941176470589
62.43,31.258,31.323421478271484,0.1038,0.2101,-7.152941176470589
62.48,31.087,31.323421478271484,0.1038,0.2101,0.0
62.53,31.111,31.323421478271484,0.1037,0.2101,0.0
62.58,30.94,31.323421478271484,0.1037,0.2101,7.152941176470589
62.63,30.965,31.323421478271484,0.1037,0.2101,7.152941176470589
62.68,31.331,31.323421478271484,0.1037,0.2101,7.2
62.73,31.502,31.323421478271484,0.1037,0.2101,7.2
62.78,31.404,31.323421478271484,0.1037,0.2101,7.2
62.83,31.893,31.323421478271484,0.1037,0.2101,-7.105882352941176
62.88,32.234,31.323421478271484,0.1037,0.2101,-7.105882352941176
62.93,32.283,31.323421478271484,0.1038,0.2101,-7.294117647058823
62.98,32.186,31.323421478271484,0.1038,0.2101,-7.3882352941176475
63.03,31.77,31.323421478271484,0.1039,0.2101,-7.3882352941176475
63.08,31.673,31.323421478271484,0.1039,0.2101,-7.3882352941176475
63.13,31.941,31.323421478271484,0.1039,0.2101,-7.3882352941176475
63.18,31.429,31.323421478271484,0.104,0.2101,-7.2
63.23,31.355,31.323421478271484,0.104,0.2101,-7.294117647058823
63.28,31.404,31.323421478271484,0.104,0.2101,-7.294117647058823
63.33,30.916,32.721832275390625,0.104,0.2101,0.0
63.38,31.062,32.721832275390625,0.104,0.2101,0.0
63.43,30.965,32.721832275390625,0.104,0.2101,7.7176470588235295
63.48,31.136,32.721832275390625,0.104,0.2101,7.7176470588235295
63.53,31.209,32.721832275390625,0.104,0.2101,7.7176470588235295
63.58,31.917,32.721832275390625,0.104,0.2101,7.7176470588235295
63.63,31.819,32.721832275390625,0.104,0.2101,7.623529411764705
63.68,32.308,32.721832275390625,0.104,0.2101,7.623529411764705
63.73,32.552,32.721832275390625,0.104,0.2101,7.3882352941176475
63.78,33.333,32.721832275390625,0.104,0.2101,7.3882352941176475
63.83,33.333,32.721832275390625,0.104,0.2101,7.105882352941176
63.88,33.407,32.721832275390625,0.104,0.2101,7.105882352941176
63.93,33.895,32.721832275390625,0.104,0.2101,-7.294117647058823
63.98,34.017,32.721832275390625,0.104,0.2101,-7.294117647058823
64.03,33.773,32.721832275390625,0.104,0.2101,-7.294117647058823
64.082,33.846,32.721832275390625,0.104,0.2101,-7.529411764705882
64.131,33.529,32.721832275390625,0.104,0.2101,-7.529411764705882
64.181,33.358,32.721832275390625,0.104,0.2101,-7.482352941176471
64.231,33.26,32.721832275390625,0.104,0.2101,-7.341176470588235
64.281,32.869,32.721832275390625,0.1038,0.2101,-7.341176470588235
64.331,32.723,32.76980972290039,0.1036,0.2101,-7.247058823529412
64.381,32.625,32.76980972290039,0.1036,0.2101,-7.247058823529412
64.431,32.381,32.76980972290039,0.1036,0.2101,0.0
64.481,32.674,32.76980972290039,0.1036,0.2101,7.105882352941176
64.531,32.503,32.76980972290039,0.1036,0.2101,7.105882352941176
64.581,32.698,32.76980972290039,0.1036,0.2101,7.105882352941176
64.631,32.967,32.76980972290039,0.1037,0.2101,7.105882352941176
64.681,32.943,32.76980972290039,0.1037,0.2101,7.105882352941176
64.731,33.504,32.76980972290039,0.1037,0.2101,-7.152941176470589
64.781,33.578,32.76980972290039,0.1037,0.2101,-7.152941176470589
64.831,33.407,32.76980972290039,0.104,0.2101,-7.341176470588235
64.881,33.284,32.76980972290039,0.104,0.2101,-7.341176470588235
64.931,32.991,32.76980972290039,0.104,0.2101,-7.294117647058823
64.981,33.187,32.76980972290039,0.104,0.2101,-7.247058823529412
65.031,33.162,32.76980972290039,0.1042,0.2101,-7.247058823529412
65.081,32.772,32.76980972290039,0.1042,0.2101,-7.2
65.131,32.552,32.76980972290039,0.1042,0.2101,-7.2
65.181,32.43,32.76980972290039,0.1042,0.2101,0.0
65.231,32.503,32.76980972290039,0.1042,0.2101,7.152941176470589
65.281,32.576,32.76980972290039,0.1042,0.2101,7.152941176470589
65.331,32.527,32.46267318725586,0.1042,0.2101,7.152941176470589
65.381,32.821,32.46267318725586,0.1042,0.2101,7.152941176470589
65.431,33.089,32.46267318725586,0.1042,0.2101,-7.105882352941176
65.481,33.26,32.46267318725586,0.1042,0.2101,-7.2
65.531,33.065,32.46267318725586,0.1042,0.2101,-7.2
65.581,33.211,32.46267318725586,0.1042,0.2101,-7.341176470588235
65.631,33.089,32.46267318725586,0.1042,0.2101,-7.341176470588235
65.681,32.747,32.46267318725586,0.1042,0.2101,-7.341176470588235
65.731,32.967,32.46267318725586,0.1042,0.2101,-7.294117647058823
65.781,32.454,32.46267318725586,0.1042,0.2101,-7.294117647058823
65.831,32.308,32.46267318725586,0.104,0.2101,-7.247058823529412
65.881,32.259,32.46267318725586,0.104,0.2101,-7.247058823529412
65.931,32.088,32.46267318725586,0.1041,0.2101,7.105882352941176
65.981,32.137,32.46267318725586,0.1041,0.2101,7.152941176470589
66.031,32.479,32.46267318725586,0.104,0.2101,7.152941176470589
66.083,32.283,32.46267318725586,0.104,0.2101,7.2
66.132,32.821,32.46267318725586,0.104,0.2101,7.2
66.182,32.918,32.46267318725586,0.104,0.2101,7.105882352941176
66.232,33.382,32.46267318725586,0.104,0.2101,-7.2
66.282,33.382,32.46267318725586,0.1039,0.2101,-7.2
66.332,33.675,32.69732666015625,0.1039,0.2101,-7.3882352941176475
66.382,33.187,32.69732666015625,0.1038,0.2101,-7.3882352941176475
66.432,32.967,32.69732666015625,0.1038,0.2101,-7.435294117647059
66.482,32.943,32.69732666015625,0.1038,0.2101,-7.247058823529412
66.532,33.04,32.69732666015625,0.1038,0.2101,-7.247058823529412
66.582,32.601,32.69732666015625,0.1038,0.2101,-7.152941176470589
66.632,32.43,32.69732666015625,0.1038,0.2101,-7.152941176470589
66.682,32.186,32.69732666015625,0.1037,0.2101,7.105882352941176
66.732,32.357,32.69732666015625,0.1038,0.2101,7.105882352941176
66.782,32.674,32.69732666015625,0.1037,0.2101,7.247058823529412
66.832,32.454,32.69732666015625,0.1038,0.2101,7.247058823529412
66.882,32.918,32.69732666015625,0.1038,0.2101,0.0
66.932,33.04,32.69732666015625,0.1038,0.2101,0.0
66.982,33.089,32.69732666015625,0.1038,0.2101,-7.152941176470589
67.032,33.089,32.69732666015625,0.1038,0.2101,-7.152941176470589
67.082,32.991,32.69732666015625,0.1038,0.2101,-7.2
67.132,32.821,32.69732666015625,0.1041,0.2101,-7.2
67.182,32.918,32.69732666015625,0.1041,0.2101,-7.152941176470589
67.232,32.674,32.69732666015625,0.1041,0.2101,-7.105882352941176
67.282,32.552,32.69732666015625,0.1042,0.2101,-7.105882352941176
67.332,32.381,32.434173583984375,0.1043,0.2101,0.0
67.382,32.332,32.434173583984375,0.1043,0.2101,0.0
67.432,32.332,32.434173583984375,0.1043,0.2101,0.0
67.482,32.234,32.434173583984375,0.1043,0.2101,7.105882352941176
67.532,32.479,32.434173583984375,0.1043,0.2101,7.105882352941176
67.582,32.576,32.434173583984375,0.1043,0.2101,7.152941176470589
67.632,32.405,32.434173583984375,0.1043,0.2101,7.152941176470589
67.682,33.089,32.434173583984375,0.1043,0.2101,-7.105882352941176
67.732,33.04,32.434173583984375,0.1043,0.2101,0.0
67.782,33.089,32.434173583984375,0.1043,0.2101,0.0
67.832,33.162,32.434173583984375,0.1043,0.2101,-7.294117647058823
67.882,33.26,32.434173583984375,0.1043,0.2101,-7.294117647058823
67.932,32.894,32.434173583984375,0.1043,0.2101,-7.341176470588235
67.982,32.894,32.434173583984375,0.1043,0.2101,-7.3882352941176475
68.032,32.894,32.434173583984375,0.1043,0.2101,-7.3882352941176475
68.084,32.576,32.434173583984375,0.1043,0.2101,-7.247058823529412
68.133,32.234,32.434173583984375,0.1043,0.2101,-7.247058823529412
68.183,32.43,32.434173583984375,0.1043,0.2101,-7.105882352941176
68.233,32.283,32.434173583984375,0.1043,0.2101,-7.105882352941176
68.283,31.966,32.434173583984375,0.1042,0.2101,0.0
68.333,32.039,32.97663879394531,0.1042,0.2101,0.0
68.383,31.966,32.97663879394531,0.1042,0.2101,7.247058823529412
68.433,32.088,32.97663879394531,0.104,0.2101,7.247058823529412
68.483,32.112,32.97663879394531,0.104,0.2101,7.435294117647059
68.533,32.503,32.97663879394531,0.104,0.2101,7.435294117647059
68.583,32.723,32.97663879394531,0.104,0.2101,7.3882352941176475
68.633,32.991,32.97663879394531,0.104,0.2101,7.3882352941176475
68.683,33.333,32.97663879394531,0.104,0.2101,7.152941176470589
68.733,33.626,32.97663879394531,0.104,0.2101,7.152941176470589
68.783,33.944,32.97663879394531,0.1039,0.2101,-7.2
68.833,33.822,32.97663879394531,0.1039,0.2101,-7.2
68.883,34.31,32.97663879394531,0.1039,0.2101,-7.435294117647059
68.933,33.455,32.97663879394531,0.1039,0.2101,-7.3882352941176475
68.983,33.651,32.97663879394531,0.1038,0.2101,-7.3882352941176475
69.033,33.333,32.97663879394531,0.1038,0.2101,-7.247058823529412
69.083,33.138,32.97663879394531,0.1038,0.2101,-7.247058823529412
69.133,33.089,32.97663879394531,0.1038,0.2101,-7.2
69.183,33.138,32.97663879394531,0.1038,0.2101,-7.105882352941176
69.233,32.894,32.97663879394531,0.1038,0.2101,-7.105882352941176
69.283,32.821,32.97663879394531,0.1038,0.2101,-7.105882352941176
69.333,32.576,32.75079345703125,0.1038,0.2101,-7.105882352941176
69.383,32.405,32.75079345703125,0.1038,0.2101,7.105882352941176
69.433,32.088,32.75079345703125,0.1039,0.2101,7.105882352941176
69.483,32.723,32.75079345703125,0.1039,0.2101,7.2
69.533,32.527,32.75079345703125,0.1039,0.2101,7.2
69.583,33.114,32.75079345703125,0.104,0.2101,0.0
69.633,33.138,32.75079345703125,0.1041,0.2101,0.0
69.683,33.187,32.75079345703125,0.1042,0.2101,-7.2
69.733,32.991,32.75079345703125,0.1042,0.2101,-7.2
69.783,33.48,32.75079345703125,0.1043,0.2101,-7.2
69.833,33.065,32.75079345703125,0.1043,0.2101,-7.2
69.883,32.894,32.75079345703125,0.1043,0.2101,-7.341176470588235
69.933,32.576,32.75079345703125,0.1043,0.2101,-7.2
69.983,32.698,32.75079345703125,0.1043,0.2101,-7.2
70.033,32.796,32.75079345703125,0.1043,0.2101,7.105882352941176
70.085,32.576,32.75079345703125,0.1043,0.2101,7.105882352941176
70.134,32.674,32.75079345703125,0.1043,0.2101,0.0
70.184,32.552,32.75079345703125,0.1043,0.2101,7.105882352941176
70.234,32.747,32.75079345703125,0.1043,0.2101,7.105882352941176
70.284,32.747,32.75079345703125,0.1042,0.2101,7.152941176470589
70.334,32.796,31.635683059692383,0.1041,0.2101,7.152941176470589
70.384,33.431,31.635683059692383,0.104,0.2101,0.0
70.434,33.284,31.635683059692383,0.104,0.2101,-7.482352941176471
70.484,33.602,31.635683059692383,0.104,0.2101,-7.482352941176471
70.534,33.358,31.635683059692383,0.1039,0.2101,-7.670588235294118
70.584,33.187,31.635683059692383,0.1038,0.2101,-7.670588235294118
70.634,32.991,31.635683059692383,0.1038,0.2101,-7.7176470588235295
70.684,32.796,31.635683059692383,0.1037,0.2101,-7.623529411764705
70.734,32.161,31.635683059692383,0.1037,0.2101,-7.623529411764705
70.784,32.357,31.635683059692383,0.1037,0.2101,-7.482352941176471
70.834,31.868,31.635683059692383,0.1037,0.2101,-7.482352941176471
70.884,32.137,31.635683059692383,0.1037,0.2101,-7.341176470588235
70.934,31.99,31.635683059692383,0.1037,0.2101,-7.152941176470589
70.984,31.893,31.635683059692383,0.1037,0.2101,-7.152941176470589
71.034,31.624,31.635683059692383,0.1037,0.2101,-7.2
71.084,31.575,31.635683059692383,0.1037,0.2101,-7.2
71.134,31.502,31.635683059692383,0.1037,0.2101,0.0
71.184,31.477,31.635683059692383,0.1037,0.2101,0.0
71.234,31.477,31.635683059692383,0.1037,0.2101,0.0
71.284,31.331,31.635683059692383,0.1037,0.2101,7.105882352941176
71.334,31.575,33.13568115234375,0.1037,0.2101,7.105882352941176
71.384,31.502,33.13568115234375,0.1037,0.2101,7.152941176470589
71.434,31.893,33.13568115234375,0.1037,0.2101,7.623529411764705
71.484,32.039,33.13568115234375,0.1037,0.2101,7.623529411764705
71.534,32.381,33.13568115234375,0.1037,0.2101,7.529411764705882
71.584,32.405,33.13568115234375,0.1037,0.2101,7.529411764705882
71.634,32.943,33.13568115234375,0.1037,0.2101,7.341176470588235
71.684,33.455,33.13568115234375,0.1037,0.2101,7.341176470588235
71.734,33.675,33.13568115234375,0.1037,0.2101,7.341176470588235
71.784,33.871,33.13568115234375,0.1037,0.2101,-7.2
71.834,33.871,33.13568115234375,0.1037,0.2101,-7.2
71.884,34.31,33.13568115234375,0.1037,0.2101,-7.341176470588235
71.934,33.578,33.13568115234375,0.1037,0.2101,-7.341176470588235
71.984,33.602,33.13568115234375,0.1037,0.2101,-7.341176470588235
72.034,32.967,33.13568115234375,0.1037,0.2101,-7.247058823529412
72.086,33.089,33.13568115234375,0.1037,0.2101,7.105882352941176
72.135,33.089,33.13568115234375,0.1037,0.2101,7.105882352941176
72.185,33.138,33.13568115234375,0.1037,0.2101,0.0
72.235,33.162,33.13568115234375,0.1037,0.2101,0.0
72.285,33.138,33.13568115234375,0.1037,0.2101,0.0
72.335,33.211,33.718570709228516,0.1037,0.2101,0.0
72.385,33.211,33.718570709228516,0.1037,0.2101,0.0
72.435,33.114,33.718570709228516,0.1037,0.2101,7.247058823529412
72.485,33.333,33.718570709228516,0.1038,0.2101,7.247058823529412
72.535,33.162,33.718570709228516,0.1038,0.2101,7.294117647058823
72.585,33.626,33.718570709228516,0.104,0.2101,7.294117647058823
72.635,34.09,33.718570709228516,0.104,0.2101,7.247058823529412
72.685,33.993,33.718570709228516,0.104,0.2101,7.105882352941176
72.735,34.383,33.718570709228516,0.104,0.2101,7.105882352941176
72.785,34.847,33.718570709228516,0.104,0.2101,-7.152941176470589
72.835,35.189,33.718570709228516,0.104,0.2101,-7.152941176470589
72.885,34.921,33.718570709228516,0.104,0.2101,-7.482352941176471
72.935,34.286,33.718570709228516,0.104,0.2101,-7.482352941176471
72.985,34.53,33.718570709228516,0.104,0.2101,-7.529411764705882
73.035,34.53,33.718570709228516,0.104,0.2101,-7.529411764705882
73.085,34.31,33.718570709228516,0.104,0.2101,-7.341176470588235
73.135,33.797,33.718570709228516,0.104,0.2101,-7.341176470588235
73.185,34.188,33.718570709228516,0.104,0.2101,-7.294117647058823
73.235,33.529,33.718570709228516,0.1039,0.2101,-7.294117647058823
73.285,33.553,33.718570709228516,0.1037,0.2101,-7.247058823529412
73.335,32.845,32.218570709228516,0.1037,0.2101,-7.247058823529412
73.385,32.063,32.218570709228516,0.1037,0.2101,7.105882352941176
73.435,33.382,32.218570709228516,0.1037,0.2101,-7.294117647058823
73.485,32.967,32.218570709228516,0.1037,0.2101,-7.294117647058823
73.535,32.918,32.218570709228516,0.1037,0.2101,-7.482352941176471
73.585,33.016,32.218570709228516,0.1037,0.2101,-7.482352941176471
73.635,33.114,32.218570709228516,0.1038,0.2101,-7.341176470588235
73.685,32.674,32.218570709228516,0.1038,0.2101,-7.341176470588235
73.735,32.283,32.218570709228516,0.104,0.2101,-7.341176470588235
73.785,32.381,32.218570709228516,0.104,0.2101,-7.247058823529412
73.835,32.186,32.218570709228516,0.104,0.2101,-7.247058823529412
73.885,32.112,32.218570709228516,0.104,0.2101,-7.105882352941176
73.935,31.966,32.218570709228516,0.104,0.2101,0.0
73.985,31.941,32.218570709228516,0.104,0.2101,0.0
74.035,32.063,32.218570709228516,0.104,0.2101,7.152941176470589
74.087,32.381,32.218570709228516,0.104,0.2101,7.152941176470589
74.136,32.357,32.218570709228516,0.104,0.2101,7.105882352941176
74.186,32.308,32.218570709228516,0.104,0.2101,-7.105882352941176
74.236,32.43,32.218570709228516,0.1039,0.2101,-7.105882352941176
74.286,32.674,32.218570709228516,0.1038,0.2101,-7.105882352941176
74.336,32.283,33.36863327026367,0.1038,0.2101,-7.105882352941176
74.386,32.186,33.36863327026367,0.1038,0.2101,-7.247058823529412
74.436,31.795,33.36863327026367,0.1037,0.2101,-7.247058823529412
74.486,32.088,33.36863327026367,0.1037,0.2101,7.482352941176471
74.536,31.893,33.36863327026367,0.1037,0.2101,7.482352941176471
74.586,31.893,33.36863327026367,0.1037,0.2101,7.529411764705882
74.636,32.186,33.36863327026367,0.1037,0.2101,7.529411764705882
74.686,32.576,33.36863327026367,0.1037,0.2101,7.623529411764705
74.736,32.967,33.36863327026367,0.1037,0.2101,7.623529411764705
74.786,33.309,33.36863327026367,0.1037,0.2101,7.341176470588235
74.836,33.236,33.36863327026367,0.1037,0.2101,7.341176470588235
74.886,33.871,33.36863327026367,0.1037,0.2101,0.0
74.936,33.871,33.36863327026367,0.1037,0.2101,0.0
74.986,33.919,33.36863327026367,0.1037,0.2101,-7.247058823529412
75.036,33.651,33.36863327026367,0.1037,0.2101,-7.247058823529412
75.086,33.968,33.36863327026367,0.1037,0.2101,-7.247058823529412
75.136,33.504,33.36863327026367,0.1037,0.2101,-7.247058823529412
75.186,33.407,33.36863327026367,0.1037,0.2101,-7.294117647058823
75.236,33.187,33.36863327026367,0.1037,0.2101,-7.294117647058823
75.286,33.114,33.36863327026367,0.1037,0.2101,0.0
75.336,33.089,31.86863136291504,0.1037,0.2101,0.0
75.386,32.967,31.86863136291504,0.1037,0.2101,7.152941176470589
75.436,33.284,31.86863136291504,0.1037,0.2101,-7.529411764705882
75.486,33.065,31.86863136291504,0.1037,0.2101,-7.529411764705882
75.536,32.918,31.86863136291504,0.1037,0.2101,-7.576470588235294
75.586,32.918,31.86863136291504,0.1038,0.2101,-7.576470588235294
75.636,32.308,31.86863136291504,0.1038,0.2101,-7.435294117647059
75.686,32.503,31.86863136291504,0.1039,0.2101,-7.435294117647059
75.736,32.161,31.86863136291504,0.104,0.2101,-7.247058823529412
75.786,32.21,31.86863136291504,0.104,0.2101,-7.247058823529412
75.836,32.088,31.86863136291504,0.104,0.2101,-7.152941176470589
75.886,31.99,31.86863136291504,0.1041,0.2101,-7.2
75.936,31.917,31.86863136291504,0.1042,0.2101,-7.2
75.986,31.77,31.86863136291504,0.1043,0.2101,-7.105882352941176
76.036,31.722,31.86863136291504,0.1043,0.2101,-7.105882352941176
76.088,31.355,31.86863136291504,0.1043,0.2101,7.105882352941176
76.137,31.697,31.86863136291504,0.1043,0.2101,7.105882352941176
76.187,31.697,31.86863136291504,0.1043,0.2101,7.105882352941176
76.237,31.893,31.86863136291504,0.1043,0.2101,7.105882352941176
76.287,32.186,31.86863136291504,0.1043,0.2101,7.105882352941176
76.337,32.357,31.654029846191406,0.1042,0.2101,0.0
76.387,32.479,31.654029846191406,0.1042,0.2101,-7.2
76.437,32.454,31.654029846191406,0.1042,0.2101,-7.2
76.487,32.527,31.654029846191406,0.104,0.2101,-7.3882352941176475
76.537,32.43,31.654029846191406,0.104,0.2101,-7.3882352941176475
76.587,32.259,31.654029846191406,0.1039,0.2101,-7.3882352941176475
76.637,31.917,31.654029846191406,0.1038,0.2101,-7.341176470588235
76.687,32.063,31.654029846191406,0.1037,0.2101,-7.341176470588235
76.737,31.404,31.654029846191406,0.1036,0.2101,-7.152941176470589
76.787,31.673,31.654029846191406,0.1035,0.2101,-7.152941176470589
76.837,31.453,31.654029846191406,0.1035,0.2101,7.152941176470589
76.887,31.502,31.654029846191406,0.1035,0.2101,0.0
76.937,31.526,31.654029846191406,0.1035,0.2101,0.0
76.987,31.697,31.654029846191406,0.1035,0.2101,7.105882352941176
77.037,31.355,31.654029846191406,0.1035,0.2101,7.105882352941176
77.087,31.722,31.654029846191406,0.1035,0.2101,0.0
77.137,31.673,31.654029846191406,0.1035,0.2101,7.152941176470589
77.187,31.917,31.654029846191406,0.1036,0.2101,7.152941176470589
77.237,31.966,31.654029846191406,0.1035,0.2101,0.0
77.287,32.186,31.654029846191406,0.1035,0.2101,0.0
77.337,32.137,31.16704750061035,0.1036,0.2101,-7.152941176470589
77.387,32.405,31.16704750061035,0.1036,0.2101,-7.247058823529412
77.437,32.137,31.16704750061035,0.1037,0.2101,-7.247058823529412
77.487,31.917,31.16704750061035,0.1038,0.2101,-7.529411764705882
77.537,31.722,31.16704750061035,0.1038,0.2101,-7.529411764705882
77.587,31.526,31.16704750061035,0.1038,0.2101,-7.341176470588235
77.637,31.233,31.16704750061035,0.1038,0.2101,-7.247058823529412
77.687,31.062,31.16704750061035,0.1038,0.2101,-7.247058823529412
77.737,31.282,31.16704750061035,0.1038,0.2101,-7.105882352941176
77.787,31.209,31.16704750061035,0.1038,0.2101,-7.105882352941176
77.837,31.038,31.16704750061035,0.1038,0.2101,-7.105882352941176
77.887,30.842,31.16704750061035,0.1039,0.2101,0.0
77.937,30.818,31.16704750061035,0.1039,0.2101,0.0
77.987,30.794,31.16704750061035,0.104,0.2101,7.2
78.037,30.696,31.16704750061035,0.104,0.2101,7.2
78.089,30.745,31.16704750061035,0.1041,0.2101,7.2
78.138,31.673,31.16704750061035,0.1042,0.2101,7.247058823529412
78.188,31.526,31.16704750061035,0.1043,0.2101,7.247058823529412
78.238,31.746,31.16704750061035,0.1044,0.2101,-7.247058823529412
78.288,31.893,31.16704750061035,0.1044,0.2101,-7.247058823529412
78.338,32.088,32.667049407958984,0.1044,0.2101,-7.294117647058823
78.388,31.6,32.667049407958984,0.1044,0.2101,-7.294117647058823
78.438,31.502,32.667049407958984,0.1044,0.2101,7.294117647058823
78.488,31.551,32.667049407958984,0.1044,0.2101,7.294117647058823
78.538,31.795,32.667049407958984,0.1044,0.2101,7.482352941176471
78.588,31.453,32.667049407958984,0.1043,0.2101,7.482352941176471
78.638,31.941,32.667049407958984,0.1042,0.2101,7.3882352941176475
78.688,32.357,32.667049407958984,0.1041,0.2101,7.3882352941176475
78.738,32.991,32.667049407958984,0.1039,0.2101,7.341176470588235
78.788,32.967,32.667049407958984,0.1038,0.2101,7.341176470588235
78.838,33.211,32.667049407958984,0.1038,0.2101,-7.2
78.888,33.382,32.667049407958984,0.1036,0.2101,-7.152941176470589
78.938,33.578,32.667049407958984,0.1036,0.2101,-7.152941176470589
78.988,33.065,32.667049407958984,0.1036,0.2101,-7.341176470588235
79.038,32.918,32.667049407958984,0.1035,0.2101,-7.341176470588235
79.088,32.845,32.667049407958984,0.1035,0.2101,-7.2
79.138,32.552,32.667049407958984,0.1035,0.2101,-7.152941176470589
79.188,32.454,32.667049407958984,0.1034,0.2101,-7.152941176470589
79.238,32.332,32.667049407958984,0.1035,0.2101,7.105882352941176
79.288,32.381,32.667049407958984,0.1035,0.2101,7.105882352941176
79.338,32.405,31.859886169433594,0.1035,0.2101,7.2
79.388,32.723,31.859886169433594,0.1035,0.2101,7.2
79.438,32.674,31.859886169433594,0.1036,0.2101,-7.247058823529412
79.488,33.016,31.859886169433594,0.1037,0.2101,-7.247058823529412
79.538,33.26,31.859886169433594,0.1037,0.2101,-7.3882352941176475
79.588,32.723,31.859886169433594,0.1037,0.2101,-7.3882352941176475
79.638,32.601,31.859886169433594,0.1038,0.2101,-7.576470588235294
79.688,32.43,31.859886169433594,0.1038,0.2101,-7.576470588235294
79.738,32.259,31.859886169433594,0.1038,0.2101,-7.341176470588235
79.788,32.063,31.859886169433594,0.1038,0.2101,-7.341176470588235
79.838,32.234,31.859886169433594,0.1038,0.2101,-7.2
79.888,31.795,31.859886169433594,0.1039,0.2101,-7.152941176470589
79.938,31.77,31.859886169433594,0.1039,0.2101,-7.152941176470589
79.988,31.648,31.859886169433594,0.1039,0.2101,7.105882352941176
80.038,31.722,31.859886169433594,0.1039,0.2101,7.105882352941176
80.09,31.6,31.859886169433594,0.1039,0.2101,7.105882352941176
80.139,31.819,31.859886169433594,0.1041,0.2101,7.105882352941176
80.189,32.161,31.859886169433594,0.1041,0.2101,7.105882352941176
80.239,32.405,31.859886169433594,0.1042,0.2101,0.0
80.289,32.479,31.859886169433594,0.1042,0.2101,0.0
80.339,32.601,32.71588897705078,0.1042,0.2101,-7.247058823529412
80.389,32.601,32.71588897705078,0.1042,0.2101,-7.247058823529412
80.439,32.479,32.71588897705078,0.1042,0.2101,7.105882352941176
80.489,32.454,32.71588897705078,0.1042,0.2101,7.105882352941176
80.539,32.283,32.71588897705078,0.1042,0.2101,7.152941176470589
80.589,32.527,32.71588897705078,0.1042,0.2101,7.152941176470589
80.639,32.869,32.71588897705078,0.1042,0.2101,7.2
80.689,33.065,32.71588897705078,0.1042,0.2101,7.2
80.739,33.382,32.71588897705078,0.1042,0.2101,-7.105882352941176
80.789,33.822,32.71588897705078,0.104,0.2101,-7.105882352941176
80.839,33.431,32.71588897705078,0.104,0.2101,-7.294117647058823
80.889,33.284,32.71588897705078,0.1038,0.2101,-7.482352941176471
80.939,33.236,32.71588897705078,0.1037,0.2101,-7.482352941176471
80.989,32.698,32.71588897705078,0.1036,0.2101,-7.294117647058823
81.039,32.747,32.71588897705078,0.1036,0.2101,-7.294117647058823
81.089,32.674,32.71588897705078,0.1034,0.2101,0.0
81.139,32.65,32.71588897705078,0.1034,0.2101,0.0
81.189,32.674,32.71588897705078,0.1034,0.2101,0.0
81.239,32.527,32.71588897705078,0.1034,0.2101,7.105882352941176
81.289,32.698,32.71588897705078,0.1034,0.2101,7.105882352941176
81.339,32.674,32.267208099365234,0.1034,0.2101,7.152941176470589
81.389,32.894,32.267208099365234,0.1034,0.2101,7.152941176470589
81.439,33.309,32.267208099365234,0.1035,0.2101,-7.2
81.489,33.407,32.267208099365234,0.1036,0.2101,-7.2
81.539,33.529,32.267208099365234,0.1036,0.2101,-7.435294117647059
81.589,33.382,32.267208099365234,0.1037,0.2101,-7.435294117647059
81.639,32.967,32.267208099365234,0.1037,0.2101,-7.529411764705882
81.689,32.894,32.267208099365234,0.1037,0.2101,-7.529411764705882
81.739,32.479,32.267208099365234,0.1037,0.2101,-7.341176470588235
81.789,32.503,32.267208099365234,0.1037,0.2101,-7.341176470588235
81.839,32.503,32.267208099365234,0.1037,0.2101,-7.152941176470589
81.889,32.112,32.267208099365234,0.1037,0.2101,-7.152941176470589
81.939,32.015,32.267208099365234,0.1038,0.2101,-7.152941176470589
81.989,31.917,32.267208099365234,0.1039,0.2101,7.105882352941176
82.039,32.039,32.267208099365234,0.104,0.2101,7.105882352941176
82.091,32.063,32.267208099365234,0.104,0.2101,7.2
82.14,32.405,32.267208099365234,0.104,0.2101,7.2
82.19,32.674,32.267208099365234,0.104,0.2101,7.152941176470589
82.24,33.065,32.267208099365234,0.104,0.2101,7.152941176470589
82.29,32.918,32.267208099365234,0.104,0.2101,-7.2
82.34,33.407,31.831382751464844,0.104,0.2101,-7.341176470588235
82.39,32.845,31.831382751464844,0.1042,0.2101,-7.341176470588235
82.44,32.991,31.831382751464844,0.1042,0.2101,-7.670588235294118
82.49,32.698,31.831382751464844,0.1042,0.2101,-7.670588235294118
82.54,32.039,31.831382751464844,0.1042,0.2101,-7.482352941176471
82.59,32.747,31.831382751464844,0.1042,0.2101,-7.3882352941176475
82.64,32.088,31.831382751464844,0.1042,0.2101,-7.3882352941176475
82.69,32.039,31.831382751464844,0.1042,0.2101,-7.3882352941176475
82.74,32.186,31.831382751464844,0.1042,0.2101,-7.3882352941176475
82.79,31.795,31.831382751464844,0.104,0.2101,-7.152941176470589
82.84,31.502,31.831382751464844,0.1037,0.2101,-7.2
82.89,31.355,31.831382751464844,0.1037,0.2101,-7.2
82.94,31.526,31.831382751464844,0.1037,0.2101,7.2
82.99,31.429,31.831382751464844,0.1037,0.2101,7.2
83.04,31.38,31.831382751464844,0.1037,0.2101,7.152941176470589
83.09,31.844,31.831382751464844,0.1037,0.2101,7.2
83.14,32.063,31.831382751464844,0.1037,0.2101,7.2
83.19,32.308,31.831382751464844,0.1037,0.2101,0.0
83.24,32.308,31.831382751464844,0.1037,0.2101,0.0
83.29,32.503,31.831382751464844,0.1037,0.2101,-7.247058823529412
83.34,32.43,31.62730598449707,0.1037,0.2101,-7.247058823529412
83.39,32.357,31.62730598449707,0.1037,0.2101,-7.247058823529412
83.44,31.893,31.62730598449707,0.1037,0.2101,-7.341176470588235
83.49,32.332,31.62730598449707,0.1037,0.2101,-7.341176470588235
83.54,31.868,31.62730598449707,0.1038,0.2101,-7.152941176470589
83.59,31.795,31.62730598449707,0.1038,0.2101,-7.341176470588235
83.64,31.6,31.62730598449707,0.1037,0.2101,-7.341176470588235
83.69,31.551,31.62730598449707,0.1037,0.2101,-7.105882352941176
83.74,31.453,31.62730598449707,0.1037,0.2101,-7.105882352941176
83.79,31.38,31.62730598449707,0.1037,0.2101,7.105882352941176
83.84,31.38,31.62730598449707,0.1037,0.2101,7.105882352941176
83.89,31.258,31.62730598449707,0.1036,0.2101,7.105882352941176
83.94,31.526,31.62730598449707,0.1036,0.2101,7.152941176470589
83.99,31.844,31.62730598449707,0.1036,0.2101,7.152941176470589
84.04,32.137,31.62730598449707,0.1037,0.2101,7.105882352941176
84.092,32.381,31.62730598449707,0.1038,0.2101,-7.152941176470589
84.141,32.552,31.62730598449707,0.1038,0.2101,-7.152941176470589
84.191,32.552,31.62730598449707,0.1039,0.2101,-7.341176470588235
84.241,31.966,31.62730598449707,0.1039,0.2101,-7.341176470588235
84.291,31.99,31.62730598449707,0.104,0.2101,-7.3882352941176475
84.341,31.868,31.361616134643555,0.104,0.2101,-7.2
84.391,31.893,31.361616134643555,0.104,0.2101,-7.2
84.441,31.429,31.361616134643555,0.104,0.2101,-7.247058823529412
84.491,31.746,31.361616134643555,0.104,0.2101,-7.247058823529412
84.541,31.502,31.361616134643555,0.104,0.2101,-7.105882352941176
84.591,31.233,31.361616134643555,0.104,0.2101,-7.2
84.641,31.062,31.361616134643555,0.1041,0.2101,-7.2
84.691,31.184,31.361616134643555,0.1041,0.2101,7.105882352941176
84.741,31.184,31.361616134643555,0.104,0.2101,7.105882352941176
84.791,31.258,31.361616134643555,0.104,0.2101,7.105882352941176
84.841,31.453,31.361616134643555,0.104,0.2101,7.105882352941176
84.891,31.77,31.361616134643555,0.104,0.2101,7.105882352941176
84.941,31.868,31.361616134643555,0.104,0.2101,-7.105882352941176
84.991,31.99,31.361616134643555,0.104,0.2101,-7.105882352941176
85.041,31.917,31.361616134643555,0.104,0.2101,-7.247058823529412
85.091,31.624,31.361616134643555,0.1039,0.2101,-7.247058823529412
85.141,31.404,31.361616134643555,0.1039,0.2101,-7.247058823529412
85.191,31.258,31.361616134643555,0.1039,0.2101,-7.247058823529412
85.241,31.38,31.361616134643555,0.1039,0.2101,0.0
85.291,31.331,31.361616134643555,0.1039,0.2101,0.0
85.341,31.355,32.86161422729492,0.1039,0.2101,0.0
85.391,31.331,32.86161422729492,0.1038,0.2101,0.0
85.441,31.258,32.86161422729492,0.1038,0.2101,7.623529411764705
85.491,31.551,32.86161422729492,0.1039,0.2101,7.623529411764705
85.541,31.6,32.86161422729492,0.1039,0.2101,7.670588235294118
85.591,31.917,32.86161422729492,0.1039,0.2101,7.529411764705882
85.641,32.137,32.86161422729492,0.1039,0.2101,7.529411764705882
85.691,32.186,32.86161422729492,0.1037,0.2101,7.435294117647059
85.741,32.723,32.86161422729492,0.1037,0.2101,7.341176470588235
85.791,33.065,32.86161422729492,0.1037,0.2101,7.341176470588235
85.841,33.407,32.86161422729492,0.1038,0.2101,7.105882352941176
85.891,33.333,32.86161422729492,0.1038,0.2101,7.105882352941176
85.941,33.724,32.86161422729492,0.1039,0.2101,-7.247058823529412
85.991,33.797,32.86161422729492,0.1039,0.2101,-7.247058823529412
86.041,33.553,32.86161422729492,0.1038,0.2101,-7.3882352941176475
86.093,33.309,32.86161422729492,0.1038,0.2101,-7.3882352941176475
86.142,33.48,32.86161422729492,0.1039,0.2101,-7.3882352941176475
86.192,33.284,32.86161422729492,0.1039,0.2101,-7.247058823529412
86.242,33.431,32.86161422729492,0.1038,0.2101,-7.247058823529412
86.292,32.454,32.86161422729492,0.1038,0.2101,-7.2
86.342,32.503,33.413665771484375,0.1038,0.2101,-7.294117647058823
86.392,32.479,33.413665771484375,0.1038,0.2101,-7.294117647058823
86.442,32.308,33.413665771484375,0.1039,0.2101,7.3882352941176475
86.492,32.381,33.413665771484375,0.1039,0.2101,7.3882352941176475
86.542,32.405,33.413665771484375,0.1039,0.2101,7.482352941176471
86.592,32.625,33.413665771484375,0.1039,0.2101,7.482352941176471
86.642,33.016,33.413665771484375,0.1041,0.2101,7.435294117647059
86.692,33.284,33.413665771484375,0.1041,0.2101,7.435294117647059
86.742,33.797,33.413665771484375,0.1042,0.2101,7.2
86.792,33.993,33.413665771484375,0.1043,0.2101,7.105882352941176
86.842,34.237,33.413665771484375,0.1043,0.2101,7.105882352941176
86.892,34.359,33.413665771484375,0.1043,0.2101,-7.294117647058823
86.942,34.53,33.413665771484375,0.1043,0.2101,-7.294117647058823
86.992,34.53,33.413665771484375,0.1043,0.2101,-7.435294117647059
87.042,34.335,33.413665771484375,0.1043,0.2101,-7.435294117647059
87.092,34.042,33.413665771484375,0.1043,0.2101,-7.482352941176471
87.142,33.382,33.413665771484375,0.1043,0.2101,-7.482352941176471
87.192,33.651,33.413665771484375,0.1043,0.2101,-7.294117647058823
87.242,33.065,33.413665771484375,0.1043,0.2101,-7.294117647058823
87.292,33.187,33.413665771484375,0.1042,0.2101,-7.152941176470589
87.342,33.04,32.903385162353516,0.1041,0.2101,-7.152941176470589
87.392,32.943,32.903385162353516,0.104,0.2101,7.152941176470589
87.442,33.016,32.903385162353516,0.104,0.2101,7.152941176470589
87.492,33.089,32.903385162353516,0.1039,0.2101,0.0
87.542,33.089,32.903385162353516,0.1039,0.2101,-7.105882352941176
87.592,33.26,32.903385162353516,0.1039,0.2101,-7.105882352941176
87.642,32.674,32.903385162353516,0.1039,0.2101,-7.105882352941176
87.692,32.821,32.903385162353516,0.1039,0.2101,-7.105882352941176
87.742,32.112,32.903385162353516,0.1039,0.2101,7.152941176470589
87.792,32.821,32.903385162353516,0.1039,0.2101,7.105882352941176
87.842,32.625,32.903385162353516,0.1039,0.2101,7.105882352941176
87.892,33.04,32.903385162353516,0.1039,0.2101,7.105882352941176
87.942,33.578,32.903385162353516,0.104,0.2101,7.105882352941176
87.992,33.724,32.903385162353516,0.104,0.2101,-7.105882352941176
88.042,33.48,32.903385162353516,0.104,0.2101,-7.294117647058823
88.094,33.48,32.903385162353516,0.104,0.2101,-7.294117647058823
88.143,33.382,32.903385162353516,0.1039,0.2101,-7.294117647058823
88.193,33.187,32.903385162353516,0.1039,0.2101,-7.294117647058823
88.243,32.747,32.903385162353516,0.1039,0.2101,-7.247058823529412
88.293,32.967,32.903385162353516,0.1039,0.2101,-7.152941176470589
88.343,32.967,32.58966827392578,0.1039,0.2101,-7.152941176470589
88.393,32.698,32.58966827392578,0.1039,0.2101,-7.105882352941176
88.443,32.772,32.58966827392578,0.1039,0.2101,-7.105882352941176
88.493,32.674,32.58966827392578,0.1039,0.2101,-7.105882352941176
88.543,32.503,32.58966827392578,0.1039,0.2101,-7.105882352941176
88.593,32.259,32.58966827392578,0.1038,0.2101,-7.105882352941176
88.643,32.357,32.58966827392578,0.1038,0.2101,7.105882352941176
88.693,32.332,32.58966827392578,0.1038,0.2101,7.105882352941176
88.743,32.112,32.58966827392578,0.1039,0.2101,7.152941176470589
88.793,32.698,32.58966827392578,0.1039,0.2101,7.152941176470589
88.843,32.845,32.58966827392578,0.104,0.2101,7.152941176470589
88.893,33.236,32.58966827392578,0.104,0.2101,-7.105882352941176
88.943,33.236,32.58966827392578,0.104,0.2101,-7.105882352941176
88.993,33.48,32.58966827392578,0.1041,0.2101,-7.294117647058823
89.043,32.869,32.58966827392578,0.1041,0.2101,-7.294117647058823
89.093,32.894,32.58966827392578,0.1041,0.2101,-7.294117647058823
89.143,32.65,32.58966827392578,0.1041,0.2101,-7.152941176470589
89.193,32.576,32.58966827392578,0.1041,0.2101,-7.152941176470589
89.243,32.357,32.58966827392578,0.1041,0.2101,0.0
89.293,32.357,32.58966827392578,0.1041,0.2101,0.0
89.343,32.332,32.33395767211914,0.1041,0.2101,0.0
89.393,32.112,32.33395767211914,0.1041,0.2101,7.152941176470589
89.443,32.357,32.33395767211914,0.104,0.2101,7.152941176470589
89.493,32.43,32.33395767211914,0.104,0.2101,7.152941176470589
89.543,32.698,32.33395767211914,0.1039,0.2101,0.0
89.593,32.698,32.33395767211914,0.1038,0.2101,0.0
89.643,32.991,32.33395767211914,0.1037,0.2101,-7.2
89.693,32.772,32.33395767211914,0.1037,0.2101,-7.2
89.743,32.601,32.33395767211914,0.1037,0.2101,-7.294117647058823
89.793,32.698,32.33395767211914,0.1037,0.2101,-7.247058823529412
89.843,32.625,32.33395767211914,0.1037,0.2101,-7.247058823529412
89.893,32.405,32.33395767211914,0.1037,0.2101,-7.2
89.943,32.21,32.33395767211914,0.1037,0.2101,-7.2
89.993,32.21,32.33395767211914,0.1038,0.2101,-7.105882352941176
90.043,31.966,32.33395767211914,0.1038,0.2101,7.105882352941176
90.095,32.21,32.33395767211914,0.1038,0.2101,7.105882352941176
90.144,32.161,32.33395767211914,0.1038,0.2101,7.2
90.194,32.43,32.33395767211914,0.1038,0.2101,7.2
90.244,32.527,32.33395767211914,0.1038,0.2101,7.105882352941176
90.294,32.869,32.33395767211914,0.1038,0.2101,-7.105882352941176
90.344,32.943,32.47605514526367,0.1038,0.2101,-7.105882352941176
90.394,33.162,32.47605514526367,0.1038,0.2101,-7.247058823529412
90.444,32.625,32.47605514526367,0.1038,0.2101,-7.247058823529412
90.494,32.723,32.47605514526367,0.1038,0.2101,-7.294117647058823
90.544,32.357,32.47605514526367,0.1038,0.2101,-7.105882352941176
90.594,32.21,32.47605514526367,0.1038,0.2101,-7.105882352941176
90.644,32.063,32.47605514526367,0.1038,0.2101,7.105882352941176
90.694,32.21,32.47605514526367,0.1038,0.2101,7.105882352941176
90.744,32.161,32.47605514526367,0.1038,0.2101,7.2
90.794,32.21,32.47605514526367,0.1038,0.2101,7.152941176470589
90.844,33.114,32.47605514526367,0.1038,0.2101,7.152941176470589
90.894,33.04,32.47605514526367,0.1038,0.2101,7.152941176470589
90.944,33.187,32.47605514526367,0.1038,0.2101,7.152941176470589
90.994,33.504,32.47605514526367,0.1039,0.2101,-7.294117647058823
91.044,33.284,32.47605514526367,0.1039,0.2101,-7.341176470588235
91.094,33.822,32.47605514526367,0.1039,0.2101,-7.341176470588235
91.144,32.869,32.47605514526367,0.1039,0.2101,-7.341176470588235
91.194,32.918,32.47605514526367,0.1039,0.2101,-7.341176470588235
91.244,32.601,32.47605514526367,0.104,0.2101,-7.2
91.294,32.65,32.47605514526367,0.1039,0.2101,-7.247058823529412
91.344,32.283,32.54821014404297,0.1039,0.2101,-7.247058823529412
91.394,32.552,32.54821014404297,0.1039,0.2101,-7.105882352941176
91.444,32.357,32.54821014404297,0.104,0.2101,-7.105882352941176
91.494,32.234,32.54821014404297,0.104,0.2101,0.0
91.544,32.308,32.54821014404297,0.104,0.2101,7.152941176470589
91.594,32.259,32.54821014404297,0.104,0.2101,7.152941176470589
91.644,32.283,32.54821014404297,0.104,0.2101,7.152941176470589
91.694,32.454,32.54821014404297,0.104,0.2101,7.152941176470589
91.744,32.698,32.54821014404297,0.104,0.2101,7.152941176470589
91.794,32.991,32.54821014404297,0.104,0.2101,7.105882352941176
91.844,33.309,32.54821014404297,0.104,0.2101,7.105882352941176
91.894,33.578,32.54821014404297,0.104,0.2101,-7.247058823529412
91.944,33.407,32.54821014404297,0.1041,0.2101,-7.247058823529412
91.994,33.895,32.54821014404297,0.1041,0.2101,-7.435294117647059
92.044,33.016,32.54821014404297,0.1041,0.2101,-7.3882352941176475
92.096,32.821,32.54821014404297,0.1041,0.2101,-7.3882352941176475
92.145,32.894,32.54821014404297,0.1041,0.2101,-7.247058823529412
92.195,32.772,32.54821014404297,0.1041,0.2101,-7.247058823529412
92.245,32.601,32.54821014404297,0.1041,0.2101,-7.2
92.295,32.65,32.54821014404297,0.1041,0.2101,-7.2
92.345,32.332,31.811630249023438,0.1039,0.2101,0.0
92.395,32.308,31.811630249023438,0.1039,0.2101,0.0
92.445,31.893,31.811630249023438,0.1038,0.2101,-7.247058823529412
92.495,32.308,31.811630249023438,0.1038,0.2101,-7.247058823529412
92.545,32.063,31.811630249023438,0.1038,0.2101,-7.247058823529412
92.595,32.063,31.811630249023438,0.1037,0.2101,-7.247058823529412
92.645,31.941,31.811630249023438,0.1037,0.2101,-7.247058823529412
92.695,31.893,31.811630249023438,0.1037,0.2101,-7.152941176470589
92.745,31.6,31.811630249023438,0.1037,0.2101,-7.152941176470589
92.795,31.746,31.811630249023438,0.1037,0.2101,-7.105882352941176
92.845,31.575,31.811630249023438,0.1037,0.2101,-7.105882352941176
92.895,31.258,31.811630249023438,0.1039,0.2101,7.105882352941176
92.945,31.551,31.811630249023438,0.104,0.2101,7.105882352941176
92.995,31.575,31.811630249023438,0.104,0.2101,7.247058823529412
93.045,31.673,31.811630249023438,0.104,0.2101,7.247058823529412
93.095,32.039,31.811630249023438,0.1041,0.2101,7.152941176470589
93.145,32.015,31.811630249023438,0.1042,0.2101,7.152941176470589
93.195,29.646,31.811630249023438,0.1042,0.2101,-7.152941176470589
93.245,32.576,31.811630249023438,0.1042,0.2101,-7.152941176470589
93.295,32.601,31.811630249023438,0.1042,0.2101,7.858823529411764
93.345,32.747,31.57280731201172,0.1042,0.2101,7.858823529411764
93.395,32.796,31.57280731201172,0.1042,0.2101,-7.341176470588235
93.445,32.576,31.57280731201172,0.1042,0.2101,-7.341176470588235
93.495,32.918,31.57280731201172,0.1042,0.2101,-7.529411764705882
93.545,32.65,31.57280731201172,0.1042,0.2101,-7.529411764705882
93.595,32.283,31.57280731201172,0.1042,0.2101,-7.576470588235294
93.645,31.697,31.57280731201172,0.104,0.2101,-7.576470588235294
93.695,32.088,31.57280731201172,0.104,0.2101,-7.341176470588235
93.745,31.893,31.57280731201172,0.1038,0.2101,-7.105882352941176
93.795,31.941,31.57280731201172,0.1038,0.2101,-7.105882352941176
93.845,31.624,31.57280731201172,0.1038,0.2101,-7.2
93.895,31.575,31.57280731201172,0.1038,0.2101,-7.2
93.945,31.453,31.57280731201172,0.1038,0.2101,0.0
93.995,31.429,31.57280731201172,0.1038,0.2101,0.0
94.045,31.404,31.57280731201172,0.1038,0.2101,7.105882352941176
94.097,31.429,31.57280731201172,0.1038,0.2101,7.105882352941176
94.146,31.697,31.57280731201172,0.104,0.2101,7.105882352941176
94.196,31.795,31.57280731201172,0.104,0.2101,7.105882352941176
94.246,32.039,31.57280731201172,0.104,0.2101,-7.105882352941176
94.296,32.088,31.57280731201172,0.1041,0.2101,-7.105882352941176
94.346,32.259,30.16500473022461,0.1041,0.2101,-7.247058823529412
94.396,31.941,30.16500473022461,0.1041,0.2101,-7.247058823529412
94.446,31.697,30.16500473022461,0.1041,0.2101,-7.858823529411764
94.496,31.6,30.16500473022461,0.1041,0.2101,-7.7176470588235295
94.546,31.306,30.16500473022461,0.1041,0.2101,-7.7176470588235295
94.596,31.111,30.16500473022461,0.1041,0.2101,-7.576470588235294
94.646,30.989,30.16500473022461,0.1041,0.2101,-7.576470588235294
94.696,30.794,30.16500473022461,0.104,0.2101,-7.435294117647059
94.746,30.256,30.16500473022461,0.1039,0.2101,-7.3882352941176475
94.796,30.501,30.16500473022461,0.1039,0.2101,-7.3882352941176475
94.846,30.33,30.16500473022461,0.1039,0.2101,-7.105882352941176
94.896,30.208,30.16500473022461,0.1039,0.2101,-7.105882352941176
94.946,30.183,30.16500473022461,0.1039,0.2101,-7.105882352941176
94.996,29.915,30.16500473022461,0.1039,0.2101,0.0
95.046,29.915,30.16500473022461,0.1039,0.2101,0.0
95.096,27.375,30.16500473022461,0.1039,0.2101,7.152941176470589
95.146,30.037,30.16500473022461,0.1039,0.2101,7.152941176470589
95.196,29.841,30.16500473022461,0.1041,0.2101,8.094117647058823
95.246,30.085,30.16500473022461,0.1041,0.2101,7.105882352941176
95.296,30.72,30.16500473022461,0.1041,0.2101,7.105882352941176
95.346,30.623,31.665002822875977,0.1041,0.2101,7.105882352941176
95.396,30.965,31.665002822875977,0.1041,0.2101,7.105882352941176
95.446,31.551,31.665002822875977,0.1041,0.2101,7.435294117647059
95.496,31.722,31.665002822875977,0.1041,0.2101,7.341176470588235
95.546,31.941,31.665002822875977,0.1041,0.2101,7.341176470588235
95.596,32.357,31.665002822875977,0.1041,0.2101,0.0
95.646,32.357,31.665002822875977,0.1041,0.2101,0.0
95.696,32.357,31.665002822875977,0.1039,0.2101,-7.341176470588235
95.746,32.625,31.665002822875977,0.1038,0.2101,-7.341176470588235
95.796,32.625,31.665002822875977,0.1037,0.2101,-7.341176470588235
95.846,31.99,31.665002822875977,0.1037,0.2101,-7.435294117647059
95.896,31.893,31.665002822875977,0.1036,0.2101,-7.435294117647059
95.946,31.624,31.665002822875977,0.1036,0.2101,-7.2
95.996,31.551,31.665002822875977,0.1036,0.2101,-7.152941176470589
96.046,31.453,31.665002822875977,0.1036,0.2101,-7.152941176470589
96.098,31.38,31.665002822875977,0.1036,0.2101,7.105882352941176
96.147,31.526,31.665002822875977,0.1036,0.2101,7.105882352941176
96.197,31.502,31.665002822875977,0.1036,0.2101,7.152941176470589
96.247,31.648,31.665002822875977,0.1036,0.2101,7.105882352941176
96.297,31.819,31.665002822875977,0.1036,0.2101,7.105882352941176
96.347,32.21,31.871986389160156,0.1037,0.2101,0.0
96.397,32.259,31.871986389160156,0.1038,0.2101,0.0
96.447,32.112,31.871986389160156,0.1039,0.2101,-7.2
96.497,32.112,31.871986389160156,0.1039,0.2101,-7.2
96.547,32.234,31.871986389160156,0.104,0.2101,-7.2
96.597,31.966,31.871986389160156,0.104,0.2101,-7.152941176470589
96.647,32.015,31.871986389160156,0.104,0.2101,-7.152941176470589
96.697,31.209,31.871986389160156,0.104,0.2101,-7.105882352941176
96.747,31.087,31.871986389160156,0.104,0.2101,-7.105882352941176
96.797,31.502,31.871986389160156,0.104,0.2101,-7.105882352941176
96.847,31.575,31.871986389160156,0.104,0.2101,7.341176470588235
96.897,31.502,31.871986389160156,0.104,0.2101,7.341176470588235
96.947,31.648,31.871986389160156,0.104,0.2101,7.152941176470589
96.997,31.819,31.871986389160156,0.104,0.2101,7.2
97.047,32.21,31.871986389160156,0.104,0.2101,7.2
97.097,32.357,31.871986389160156,0.104,0.2101,0.0
97.147,32.381,31.871986389160156,0.104,0.2101,0.0
97.197,32.894,31.871986389160156,0.104,0.2101,-7.247058823529412
97.247,32.308,31.871986389160156,0.104,0.2101,-7.247058823529412
97.297,32.015,31.871986389160156,0.1039,0.2101,-7.247058823529412
97.347,32.063,33.03712463378906,0.1039,0.2101,-7.2
97.397,31.795,33.03712463378906,0.1039,0.2101,-7.2
97.447,31.893,33.03712463378906,0.1039,0.2101,7.435294117647059
97.497,31.966,33.03712463378906,0.1039,0.2101,7.529411764705882
97.547,31.648,33.03712463378906,0.1039,0.2101,7.529411764705882
97.597,32.43,33.03712463378906,0.1039,0.2101,7.482352941176471
97.647,32.503,33.03712463378906,0.1039,0.2101,7.482352941176471
97.697,32.869,33.03712463378906,0.1038,0.2101,7.294117647058823
97.747,33.26,33.03712463378906,0.1038,0.2101,7.247058823529412
97.797,33.455,33.03712463378906,0.1037,0.2101,7.247058823529412
97.847,34.164,33.03712463378906,0.1037,0.2101,-7.152941176470589
97.897,33.309,33.03712463378906,0.1037,0.2101,-7.152941176470589
97.947,33.968,33.03712463378906,0.1037,0.2101,-7.482352941176471
97.997,33.26,33.03712463378906,0.1037,0.2101,-7.152941176470589
98.047,33.211,33.03712463378906,0.1037,0.2101,-7.152941176470589
98.099,33.114,33.03712463378906,0.1036,0.2101,-7.152941176470589
98.148,32.747,33.03712463378906,0.1037,0.2101,-7.152941176470589
98.198,32.625,33.03712463378906,0.1037,0.2101,-7.105882352941176
98.248,32.552,33.03712463378906,0.1037,0.2101,7.152941176470589
98.298,32.674,33.03712463378906,0.1037,0.2101,7.152941176470589
98.348,32.747,32.95160675048828,0.1037,0.2101,7.247058823529412
98.398,32.845,32.95160675048828,0.1037,0.2101,7.247058823529412
98.448,33.016,32.95160675048828,0.1038,0.2101,7.152941176470589
98.498,33.236,32.95160675048828,0.1038,0.2101,7.105882352941176
98.548,33.529,32.95160675048828,0.1039,0.2101,7.105882352941176
98.598,33.993,32.95160675048828,0.1039,0.2101,-7.152941176470589
98.648,34.164,32.95160675048828,0.104,0.2101,-7.152941176470589
98.698,34.432,32.95160675048828,0.1041,0.2101,-7.435294117647059
98.748,33.846,32.95160675048828,0.1041,0.2101,-7.529411764705882
98.798,33.675,32.95160675048828,0.1041,0.2101,-7.529411764705882
98.848,33.309,32.95160675048828,0.1041,0.2101,-7.3882352941176475
98.898,33.236,32.95160675048828,0.1041,0.2101,-7.3882352941176475
98.948,33.089,32.95160675048828,0.1041,0.2101,-7.2
98.998,33.187,32.95160675048828,0.1041,0.2101,-7.152941176470589
99.048,32.845,32.95160675048828,0.1041,0.2101,-7.152941176470589
99.098,32.772,32.95160675048828,0.1041,0.2101,-7.152941176470589
99.148,32.43,32.95160675048828,0.1041,0.2101,-7.152941176470589
99.198,32.234,32.95160675048828,0.1041,0.2101,7.105882352941176
99.248,32.552,32.95160675048828,0.1041,0.2101,7.105882352941176
99.298,32.479,32.95160675048828,0.1041,0.2101,7.341176470588235
99.348,32.552,32.54985046386719,0.104,0.2101,7.341176470588235
99.398,32.943,32.54985046386719,0.104,0.2101,7.247058823529412
99.448,33.382,32.54985046386719,0.104,0.2101,0.0
99.498,33.407,32.54985046386719,0.1041,0.2101,0.0
99.548,33.382,32.54985046386719,0.1041,0.2101,-7.3882352941176475
99.598,33.211,32.54985046386719,0.1041,0.2101,-7.3882352941176475
99.648,33.162,32.54985046386719,0.1041,0.2101,-7.3882352941176475
99.698,33.162,32.54985046386719,0.104,0.2101,-7.3882352941176475
99.748,32.918,32.54985046386719,0.104,0.2101,-7.294117647058823
99.798,32.821,32.54985046386719,0.104,0.2101,-7.294117647058823
99.848,32.894,32.54985046386719,0.104,0.2101,-7.2
99.898,32.454,32.54985046386719,0.1038,0.2101,-7.2
99.948,31.917,32.54985046386719,0.1037,0.2101,-7.2
99.998,32.259,32.54985046386719,0.1037,0.2101,7.105882352941176
100.048,32.283,32.54985046386719,0.1037,0.2101,7.105882352941176
100.1,32.308,32.54985046386719,0.1037,0.2101,7.152941176470589
100.149,32.625,32.54985046386719,0.1037,0.2101,7.152941176470589
100.199,32.625,32.54985046386719,0.1037,0.2101,7.152941176470589
100.249,32.918,32.54985046386719,0.1037,0.2101,7.152941176470589
100.299,33.382,32.54985046386719,0.1037,0.2101,-7.105882352941176
100.349,33.578,34.04985427856445,0.1037,0.2101,-7.105882352941176
100.399,32.967,34.04985427856445,0.1037,0.2101,-7.3882352941176475
100.449,33.04,34.04985427856445,0.1037,0.2101,7.247058823529412
100.499,33.162,34.04985427856445,0.1038,0.2101,7.247058823529412
100.549,32.869,34.04985427856445,0.1038,0.2101,7.435294117647059
100.599,33.04,34.04985427856445,0.1039,0.2101,7.435294117647059
100.649,33.7,34.04985427856445,0.1039,0.2101,7.482352941176471
100.699,33.919,34.04985427856445,0.1039,0.2101,7.482352941176471
100.749,34.237,34.04985427856445,0.1039,0.2101,7.2
100.799,34.579,34.04985427856445,0.1039,0.2101,7.2
100.849,34.457,34.04985427856445,0.1039,0.2101,-7.105882352941176
100.899,34.75,34.04985427856445,0.1039,0.2101,-7.105882352941176
100.949,34.359,34.04985427856445,0.1039,0.2101,-7.2
100.999,34.505,34.04985427856445,0.1039,0.2101,-7.2
101.049,34.286,34.04985427856445,0.1039,0.2101,-7.152941176470589
101.099,33.797,34.04985427856445,0.104,0.2101,-7.152941176470589
101.149,33.675,34.04985427856445,0.104,0.2101,-7.152941176470589
101.199,33.871,34.04985427856445,0.104,0.2101,7.152941176470589
101.249,33.773,34.04985427856445,0.104,0.2101,7.152941176470589
101.299,33.773,34.04985427856445,0.104,0.2101,7.105882352941176
101.349,33.822,34.091453552246094,0.104,0.2101,7.105882352941176
101.399,34.261,34.091453552246094,0.104,0.2101,7.152941176470589
101.449,34.579,34.091453552246094,0.1041,0.2101,7.152941176470589
101.499,35.018,34.091453552246094,0.1041,0.2101,7.152941176470589
101.549,35.116,34.091453552246094,0.1041,0.2101,-7.247058823529412
101.599,35.36,34.091453552246094,0.1041,0.2101,-7.247058823529412
101.649,34.994,34.091453552246094,0.1041,0.2101,-7.435294117647059
101.699,35.092,34.091453552246094,0.1041,0.2101,-7.529411764705882
101.749,34.261,34.091453552246094,0.1041,0.2101,-7.529411764705882
101.799,34.725,34.091453552246094,0.1041,0.2101,-7.435294117647059
101.849,34.017,34.091453552246094,0.1041,0.2101,-7.435294117647059
101.899,34.261,34.091453552246094,0.1041,0.2101,-7.294117647058823
101.949,34.017,34.091453552246094,0.104,0.2101,7.105882352941176
101.999,33.944,34.091453552246094,0.104,0.2101,7.105882352941176
102.049,34.017,34.091453552246094,0.104,0.2101,7.105882352941176
102.101,34.188,34.091453552246094,0.1039,0.2101,7.105882352941176
102.15,34.921,34.091453552246094,0.1039,0.2101,7.105882352941176
102.2,34.896,34.091453552246094,0.1039,0.2101,-7.105882352941176
102.25,34.799,34.091453552246094,0.1039,0.2101,-7.105882352941176
102.3,34.75,34.091453552246094,0.1039,0.2101,-7.341176470588235
102.35,34.481,32.8361930847168,0.1039,0.2101,-7.341176470588235
102.4,34.847,32.8361930847168,0.1039,0.2101,-7.294117647058823
102.45,34.408,32.8361930847168,0.1039,0.2101,-7.670588235294118
102.5,34.017,32.8361930847168,0.1038,0.2101,-7.670588235294118
102.55,33.993,32.8361930847168,0.1038,0.2101,-7.670588235294118
102.6,33.284,32.8361930847168,0.1038,0.2101,-7.670588235294118
102.65,33.773,32.8361930847168,0.1037,0.2101,-7.482352941176471
102.7,33.114,32.8361930847168,0.1037,0.2101,-7.247058823529412
102.75,33.016,32.8361930847168,0.1037,0.2101,-7.247058823529412
102.8,32.625,32.8361930847168,0.1038,0.2101,-7.152941176470589
102.85,32.796,32.8361930847168,0.1038,0.2101,-7.152941176470589
102.9,32.698,32.8361930847168,0.1039,0.2101,7.152941176470589
102.95,32.821,32.8361930847168,0.1039,0.2101,0.0
103.0,32.821,32.8361930847168,0.1039,0.2101,0.0
103.05,32.894,32.8361930847168,0.1039,0.2101,0.0
103.1,32.869,32.8361930847168,0.1039,0.2101,0.0
103.15,32.869,32.8361930847168,0.1039,0.2101,0.0
103.2,32.943,32.8361930847168,0.1039,0.2101,0.0
103.25,32.943,32.8361930847168,0.1039,0.2101,0.0
103.3,32.918,32.8361930847168,0.1039,0.2101,0.0
103.35,32.991,32.81978225708008,0.1039,0.2101,-7.105882352941176
103.4,32.869,32.81978225708008,0.1039,0.2101,-7.105882352941176
103.45,32.796,32.81978225708008,0.1039,0.2101,-7.105882352941176
103.5,32.65,32.81978225708008,0.1039,0.2101,-7.105882352941176
103.55,32.552,32.81978225708008,0.1039,0.2101,0.0
103.6,32.527,32.81978225708008,0.1039,0.2101,0.0
103.65,32.43,32.81978225708008,0.1038,0.2101,7.152941176470589
103.7,32.674,32.81978225708008,0.1038,0.2101,7.152941176470589
103.75,32.527,32.81978225708008,0.1038,0.2101,7.152941176470589
103.8,32.65,32.81978225708008,0.1037,0.2101,7.105882352941176
103.85,33.138,32.81978225708008,0.1037,0.2101,7.105882352941176
103.9,33.529,32.81978225708008,0.1037,0.2101,7.105882352941176
103.95,34.237,32.81978225708008,0.1037,0.2101,-7.2
104.0,33.553,32.81978225708008,0.1037,0.2101,-7.2
104.05,33.993,32.81978225708008,0.1037,0.2101,-7.576470588235294
104.102,33.284,32.81978225708008,0.1037,0.2101,-7.576470588235294
104.151,32.943,32.81978225708008,0.1037,0.2101,-7.482352941176471
104.201,32.698,32.81978225708008,0.1036,0.2101,-7.247058823529412
104.251,32.796,32.81978225708008,0.1036,0.2101,-7.247058823529412
104.301,32.601,32.81978225708008,0.1037,0.2101,7.105882352941176
104.351,32.625,31.792949676513672,0.1037,0.2101,7.105882352941176
104.401,32.894,31.792949676513672,0.1037,0.2101,7.152941176470589
104.451,33.016,31.792949676513672,0.1037,0.2101,-7.3882352941176475
104.501,32.527,31.792949676513672,0.1037,0.2101,-7.3882352941176475
104.551,33.016,31.792949676513672,0.1038,0.2101,-7.529411764705882
104.601,32.527,31.792949676513672,0.1038,0.2101,-7.529411764705882
104.651,32.674,31.792949676513672,0.1038,0.2101,-7.529411764705882
104.701,32.308,31.792949676513672,0.1038,0.2101,-7.341176470588235
104.751,32.405,31.792949676513672,0.1038,0.2101,-7.341176470588235
104.801,31.941,31.792949676513672,0.1039,0.2101,-7.247058823529412
104.851,31.99,31.792949676513672,0.1039,0.2101,-7.247058823529412
104.901,31.819,31.792949676513672,0.1039,0.2101,-7.105882352941176
104.951,31.795,31.792949676513672,0.1039,0.2101,-7.105882352941176
105.001,31.575,31.792949676513672,0.1039,0.2101,0.0
105.051,31.575,31.792949676513672,0.104,0.2101,0.0
105.101,31.502,31.792949676513672,0.104,0.2101,7.152941176470589
105.151,31.624,31.792949676513672,0.104,0.2101,7.152941176470589
105.201,31.893,31.792949676513672,0.104,0.2101,7.152941176470589
105.251,32.161,31.792949676513672,0.104,0.2101,7.152941176470589
105.301,32.308,31.792949676513672,0.1041,0.2101,-7.105882352941176
105.351,32.259,30.555742263793945,0.1041,0.2101,-7.105882352941176
105.401,32.161,30.555742263793945,0.1041,0.2101,-7.247058823529412
105.451,32.088,30.555742263793945,0.1041,0.2101,-7.7176470588235295
105.501,31.868,30.555742263793945,0.1041,0.2101,-7.7176470588235295
105.551,31.648,30.555742263793945,0.104,0.2101,-7.623529411764705
105.601,31.477,30.555742263793945,0.104,0.2101,-7.623529411764705
105.651,31.258,30.555742263793945,0.104,0.2101,-7.482352941176471
105.701,30.818,30.555742263793945,0.1039,0.2101,-7.3882352941176475
105.751,31.038,30.555742263793945,0.1038,0.2101,-7.3882352941176475
105.801,30.672,30.555742263793945,0.1038,0.2101,-7.152941176470589
105.851,30.525,30.555742263793945,0.1038,0.2101,-7.152941176470589
105.901,30.574,30.555742263793945,0.1037,0.2101,-7.105882352941176
105.951,30.452,30.555742263793945,0.1037,0.2101,0.0
106.001,30.427,30.555742263793945,0.1037,0.2101,0.0
106.051,30.574,30.555742263793945,0.1037,0.2101,7.105882352941176
106.103,30.623,30.555742263793945,0.1037,0.2101,7.105882352941176
106.152,30.647,30.555742263793945,0.1037,0.2101,0.0
106.202,30.965,30.555742263793945,0.1037,0.2101,-7.105882352941176
106.252,30.818,30.555742263793945,0.1038,0.2101,-7.105882352941176
106.302,30.745,30.555742263793945,0.1038,0.2101,-7.2
106.352,30.379,32.05574035644531,0.1039,0.2101,-7.2
106.402,30.452,32.05574035644531,0.1039,0.2101,-7.152941176470589
106.452,30.208,32.05574035644531,0.1039,0.2101,7.670588235294118
106.502,30.33,32.05574035644531,0.1039,0.2101,7.670588235294118
106.552,30.305,32.05574035644531,0.1039,0.2101,7.764705882352941
106.602,30.379,32.05574035644531,0.104,0.2101,7.764705882352941
106.652,31.062,32.05574035644531,0.104,0.2101,7.7176470588235295
106.702,30.965,32.05574035644531,0.104,0.2101,7.670588235294118
106.752,31.551,32.05574035644531,0.104,0.2101,7.670588235294118
106.802,31.941,32.05574035644531,0.1039,0.2101,7.482352941176471
106.852,32.088,32.05574035644531,0.1039,0.2101,7.482352941176471
106.902,32.698,32.05574035644531,0.1039,0.2101,7.105882352941176
106.952,32.894,32.05574035644531,0.1039,0.2101,0.0
107.002,32.894,32.05574035644531,0.1039,0.2101,0.0
107.052,33.138,32.05574035644531,0.1039,0.2101,-7.3882352941176475
107.102,32.698,32.05574035644531,0.1038,0.2101,-7.3882352941176475
107.152,32.552,32.05574035644531,0.1039,0.2101,-7.482352941176471
107.202,32.894,32.05574035644531,0.1039,0.2101,-7.482352941176471
107.252,32.234,32.05574035644531,0.1038,0.2101,-7.247058823529412
107.302,31.893,32.05574035644531,0.1038,0.2101,-7.247058823529412
107.352,31.941,32.89805221557617,0.1038,0.2101,-7.105882352941176
107.402,32.112,32.89805221557617,0.1038,0.2101,7.105882352941176
107.452,31.893,32.89805221557617,0.1038,0.2101,7.105882352941176
107.502,31.868,32.89805221557617,0.1039,0.2101,7.341176470588235
107.552,31.941,32.89805221557617,0.1039,0.2101,7.341176470588235
107.602,32.576,32.89805221557617,0.1039,0.2101,7.435294117647059
107.652,32.405,32.89805221557617,0.1039,0.2101,7.435294117647059
107.702,32.869,32.89805221557617,0.1041,0.2101,7.2
107.752,33.04,32.89805221557617,0.1041,0.2101,7.2
107.802,33.48,32.89805221557617,0.1041,0.2101,0.0
107.852,33.48,32.89805221557617,0.1042,0.2101,0.0
107.902,33.504,32.89805221557617,0.1042,0.2101,-7.294117647058823
107.952,33.333,32.89805221557617,0.1042,0.2101,-7.294117647058823
108.002,32.991,32.89805221557617,0.1042,0.2101,-7.294117647058823
108.052,33.162,32.89805221557617,0.1042,0.2101,-7.2
108.104,32.869,32.89805221557617,0.1042,0.2101,-7.152941176470589
108.153,32.796,32.89805221557617,0.1042,0.2101,-7.152941176470589
108.203,32.625,32.89805221557617,0.1042,0.2101,0.0
108.253,32.601,32.89805221557617,0.1041,0.2101,0.0
108.303,32.821,32.89805221557617,0.1041,0.2101,7.152941176470589
108.353,32.625,31.724437713623047,0.1041,0.2101,7.152941176470589
108.403,32.821,31.724437713623047,0.1041,0.2101,7.105882352941176
108.453,32.698,31.724437713623047,0.1041,0.2101,7.105882352941176
108.503,33.382,31.724437713623047,0.104,0.2101,-7.482352941176471
108.553,33.016,31.724437713623047,0.104,0.2101,-7.482352941176471
108.603,33.236,31.724437713623047,0.104,0.2101,-7.670588235294118
108.653,32.43,31.724437713623047,0.1039,0.2101,-7.529411764705882
108.703,32.723,31.724437713623047,0.1038,0.2101,-7.529411764705882
108.753,32.43,31.724437713623047,0.1038,0.2101,-7.341176470588235
108.803,32.796,31.724437713623047,0.1038,0.2101,-7.341176470588235
108.853,32.063,31.724437713623047,0.1038,0.2101,-7.341176470588235
108.903,32.234,31.724437713623047,0.1038,0.2101,-7.482352941176471
108.953,32.112,31.724437713623047,0.1038,0.2101,-7.482352941176471
109.003,31.893,31.724437713623047,0.1038,0.2101,-7.247058823529412
109.053,31.697,31.724437713623047,0.1038,0.2101,-7.247058823529412
109.103,31.6,31.724437713623047,0.1038,0.2101,-7.105882352941176
109.153,31.477,31.724437713623047,0.1037,0.2101,0.0
109.203,31.453,31.724437713623047,0.1037,0.2101,0.0
109.253,31.404,31.724437713623047,0.1038,0.2101,7.152941176470589
109.303,31.697,31.724437713623047,0.1038,0.2101,7.152941176470589
109.353,31.209,32.02578353881836,0.1038,0.2101,7.2
109.403,31.746,32.02578353881836,0.1038,0.2101,0.0
109.453,31.795,32.02578353881836,0.1038,0.2101,0.0
109.503,31.673,32.02578353881836,0.1039,0.2101,7.152941176470589
109.553,31.917,32.02578353881836,0.1039,0.2101,7.152941176470589
109.603,32.137,32.02578353881836,0.1039,0.2101,7.2
109.653,32.112,32.02578353881836,0.1039,0.2101,7.105882352941176
109.703,32.625,32.02578353881836,0.1039,0.2101,7.105882352941176
109.753,32.894,32.02578353881836,0.1039,0.2101,-7.105882352941176
109.803,32.869,32.02578353881836,0.1039,0.2101,-7.105882352941176
109.853,32.674,32.02578353881836,0.1039,0.2101,-7.3882352941176475
109.903,32.869,32.02578353881836,0.1039,0.2101,-7.3882352941176475
109.953,32.698,32.02578353881836,0.1039,0.2101,-7.3882352941176475
110.003,32.283,32.02578353881836,0.1038,0.2101,-7.3882352941176475
110.053,30.256,32.02578353881836,0.1038,0.2101,-7.3882352941176475
110.105,32.21,32.02578353881836,0.1038,0.2101,-7.152941176470589
110.154,31.77,32.02578353881836,0.1038,0.2101,7.7176470588235295
110.204,32.015,32.02578353881836,0.1038,0.2101,7.7176470588235295
110.254,31.502,32.02578353881836,0.1038,0.2101,7.152941176470589
110.304,32.552,32.02578353881836,0.1038,0.2101,7.152941176470589
110.354,32.21,31.916671752929688,0.1038,0.2101,7.247058823529412
110.404,32.821,31.916671752929688,0.1038,0.2101,-7.247058823529412
110.454,32.723,31.916671752929688,0.1038,0.2101,-7.247058823529412
110.504,32.845,31.916671752929688,0.1038,0.2101,-7.3882352941176475
110.554,32.332,31.916671752929688,0.1038,0.2101,-7.3882352941176475
110.604,32.503,31.916671752929688,0.1039,0.2101,-7.3882352941176475
110.654,32.186,31.916671752929688,0.1039,0.2101,-7.2
110.704,32.039,31.916671752929688,0.1039,0.2101,-7.2
110.754,31.917,31.916671752929688,0.104,0.2101,-7.152941176470589
110.804,31.404,31.916671752929688,0.104,0.2101,-7.152941176470589
110.854,31.673,31.916671752929688,0.104,0.2101,0.0
110.904,31.844,31.916671752929688,0.104,0.2101,7.247058823529412
110.954,31.722,31.916671752929688,0.104,0.2101,7.247058823529412
111.004,31.77,31.916671752929688,0.104,0.2101,7.105882352941176
111.054,32.088,31.916671752929688,0.104,0.2101,7.105882352941176
111.104,32.015,31.916671752929688,0.104,0.2101,7.105882352941176
111.154,32.674,31.916671752929688,0.104,0.2101,-7.105882352941176
111.204,33.04,31.916671752929688,0.1039,0.2101,-7.105882352941176
111.254,32.943,31.916671752929688,0.1039,0.2101,-7.341176470588235
111.304,32.552,31.916671752929688,0.1039,0.2101,-7.341176470588235
111.354,32.357,32.02885818481445,0.1039,0.2101,-7.435294117647059
111.404,31.966,32.02885818481445,0.1039,0.2101,-7.294117647058823
111.454,31.795,32.02885818481445,0.1039,0.2101,-7.294117647058823
111.504,31.819,32.02885818481445,0.1039,0.2101,7.105882352941176
111.554,31.746,32.02885818481445,0.1039,0.2101,7.105882352941176
111.604,31.795,32.02885818481445,0.1039,0.2101,7.152941176470589
111.654,31.819,32.02885818481445,0.1039,0.2101,7.152941176470589
111.704,32.308,32.02885818481445,0.1039,0.2101,7.152941176470589
111.754,32.332,32.02885818481445,0.1039,0.2101,7.152941176470589
111.804,32.723,32.02885818481445,0.1039,0.2101,7.152941176470589
111.854,34.042,32.02885818481445,0.1039,0.2101,-7.152941176470589
111.904,33.284,32.02885818481445,0.1039,0.2101,-7.341176470588235
111.954,33.529,32.02885818481445,0.1039,0.2101,-7.341176470588235
112.004,32.845,32.02885818481445,0.1039,0.2101,-7.529411764705882
112.054,32.259,32.02885818481445,0.1039,0.2101,-7.529411764705882
112.106,32.332,32.02885818481445,0.1039,0.2101,-7.3882352941176475
112.155,32.21,32.02885818481445,0.1039,0.2101,-7.3882352941176475
112.205,32.063,32.02885818481445,0.1039,0.2101,-7.152941176470589
112.255,31.404,32.02885818481445,0.1038,0.2101,-7.152941176470589
112.305,31.819,32.02885818481445,0.1038,0.2101,0.0
112.355,31.673,30.81774139404297,0.1038,0.2101,7.294117647058823
112.405,32.063,30.81774139404297,0.1038,0.2101,7.294117647058823
112.455,32.039,30.81774139404297,0.1038,0.2101,-7.3882352941176475
112.505,32.308,30.81774139404297,0.1038,0.2101,-7.3882352941176475
112.555,31.6,30.81774139404297,0.1038,0.2101,-7.529411764705882
112.605,31.624,30.81774139404297,0.1039,0.2101,-7.623529411764705
112.655,31.648,30.81774139404297,0.1039,0.2101,-7.623529411764705
112.705,31.258,30.81774139404297,0.1039,0.2101,-7.341176470588235
112.755,30.916,30.81774139404297,0.1039,0.2101,-7.341176470588235
112.805,31.209,30.81774139404297,0.104,0.2101,-7.247058823529412
112.855,30.818,30.81774139404297,0.104,0.2101,-7.247058823529412
112.905,30.818,30.81774139404297,0.104,0.2101,-7.2
112.955,30.72,30.81774139404297,0.104,0.2101,-7.2
113.005,30.427,30.81774139404297,0.104,0.2101,0.0
113.055,30.452,30.81774139404297,0.104,0.2101,0.0
113.105,30.354,30.81774139404297,0.1041,0.2101,7.2
113.155,30.647,30.81774139404297,0.1041,0.2101,7.2
113.205,30.549,30.81774139404297,0.1041,0.2101,7.2
113.255,30.598,30.81774139404297,0.1041,0.2101,7.105882352941176
113.305,31.038,30.81774139404297,0.1041,0.2101,7.105882352941176
113.355,31.331,32.03118133544922,0.1041,0.2101,7.152941176470589
113.405,31.526,32.03118133544922,0.1041,0.2101,7.152941176470589
113.455,31.868,32.03118133544922,0.1041,0.2101,7.341176470588235
113.505,32.259,32.03118133544922,0.1041,0.2101,7.341176470588235
113.555,32.088,32.03118133544922,0.1041,0.2101,7.105882352941176
113.605,32.674,32.03118133544922,0.1041,0.2101,7.105882352941176
113.655,32.796,32.03118133544922,0.1041,0.2101,0.0
113.705,32.869,32.03118133544922,0.1041,0.2101,0.0
113.755,32.601,32.03118133544922,0.1041,0.2101,-7.341176470588235
113.805,32.796,32.03118133544922,0.1041,0.2101,-7.341176470588235
113.855,32.747,32.03118133544922,0.1038,0.2101,-7.294117647058823
113.905,32.625,32.03118133544922,0.1038,0.2101,-7.294117647058823
113.955,32.576,32.03118133544922,0.1037,0.2101,-7.341176470588235
114.005,32.21,32.03118133544922,0.1038,0.2101,-7.341176470588235
114.055,31.893,32.03118133544922,0.1038,0.2101,-7.247058823529412
114.107,31.893,32.03118133544922,0.1038,0.2101,-7.105882352941176
114.156,31.722,32.03118133544922,0.1038,0.2101,-7.105882352941176
114.206,31.819,32.03118133544922,0.1038,0.2101,7.105882352941176
114.256,31.551,32.03118133544922,0.1038,0.2101,7.105882352941176
114.306,31.673,32.03118133544922,0.1039,0.2101,7.152941176470589
114.356,31.868,31.907453536987305,0.1039,0.2101,7.247058823529412
114.406,31.868,31.907453536987305,0.1041,0.2101,7.247058823529412
114.456,32.405,31.907453536987305,0.1043,0.2101,0.0
114.506,32.43,31.907453536987305,0.1043,0.2101,0.0
114.556,32.747,31.907453536987305,0.1043,0.2101,-7.247058823529412
114.606,32.503,31.907453536987305,0.1043,0.2101,-7.247058823529412
114.656,32.381,31.907453536987305,0.1043,0.2101,-7.247058823529412
114.706,32.43,31.907453536987305,0.1043,0.2101,-7.294117647058823
114.756,32.039,31.907453536987305,0.1044,0.2101,-7.294117647058823
114.806,31.99,31.907453536987305,0.1044,0.2101,-7.247058823529412
114.856,31.917,31.907453536987305,0.1044,0.2101,-7.105882352941176
114.906,31.722,31.907453536987305,0.1044,0.2101,-7.105882352941176
114.956,31.526,31.907453536987305,0.1043,0.2101,0.0
115.006,31.526,31.907453536987305,0.1043,0.2101,0.0
115.056,31.502,31.907453536987305,0.1042,0.2101,7.2
115.106,31.575,31.907453536987305,0.1042,0.2101,7.2
115.156,31.77,31.907453536987305,0.1042,0.2101,7.2
115.206,31.917,31.907453536987305,0.1042,0.2101,7.2
115.256,32.088,31.907453536987305,0.1042,0.2101,7.2
115.306,32.405,31.907453536987305,0.1041,0.2101,0.0
115.356,32.43,33.05523681640625,0.1041,0.2101,-7.105882352941176
115.406,32.527,33.05523681640625,0.1041,0.2101,-7.105882352941176
115.456,32.357,33.05523681640625,0.1041,0.2101,7.294117647058823
115.506,32.308,33.05523681640625,0.1041,0.2101,7.294117647058823
115.556,32.43,33.05523681640625,0.1041,0.2101,7.341176470588235
115.606,32.723,33.05523681640625,0.104,0.2101,7.341176470588235
115.656,32.723,33.05523681640625,0.104,0.2101,7.341176470588235
115.706,32.918,33.05523681640625,0.104,0.2101,7.2
115.756,33.553,33.05523681640625,0.104,0.2101,7.2
115.806,33.748,33.05523681640625,0.104,0.2101,7.105882352941176
115.856,33.993,33.05523681640625,0.1039,0.2101,-7.247058823529412
115.906,34.09,33.05523681640625,0.1039,0.2101,-7.247058823529412
115.956,33.651,33.05523681640625,0.1039,0.2101,-7.435294117647059
116.006,33.7,33.05523681640625,0.1039,0.2101,-7.435294117647059
116.056,33.602,33.05523681640625,0.1039,0.2101,-7.294117647058823
116.108,33.578,33.05523681640625,0.1038,0.2101,-7.294117647058823
116.157,32.845,33.05523681640625,0.1038,0.2101,-7.294117647058823
116.207,32.796,33.05523681640625,0.1038,0.2101,-7.247058823529412
116.257,32.65,33.05523681640625,0.1038,0.2101,-7.247058823529412
116.307,32.503,33.05523681640625,0.1039,0.2101,7.152941176470589
116.357,32.601,31.555234909057617,0.1039,0.2101,7.152941176470589
116.407,32.576,31.555234909057617,0.1039,0.2101,7.247058823529412
116.457,33.04,31.555234909057617,0.1039,0.2101,7.247058823529412
116.507,34.042,31.555234909057617,0.1039,0.2101,-7.435294117647059
116.557,33.48,31.555234909057617,0.104,0.2101,-7.435294117647059
116.607,33.382,31.555234909057617,0.1041,0.2101,-8.0
116.657,33.138,31.555234909057617,0.1041,0.2101,-8.0
116.707,32.943,31.555234909057617,0.1042,0.2101,-7.764705882352941
116.757,32.454,31.555234909057617,0.1043,0.2101,-7.764705882352941
116.807,32.186,31.555234909057617,0.1043,0.2101,-7.576470588235294
116.857,32.308,31.555234909057617,0.1043,0.2101,-7.3882352941176475
116.907,32.015,31.555234909057617,0.1043,0.2101,-7.3882352941176475
116.957,31.648,31.555234909057617,0.1044,0.2101,-7.341176470588235
117.007,31.673,31.555234909057617,0.1044,0.2101,-7.341176470588235
117.057,31.38,31.555234909057617,0.1045,0.2101,-7.105882352941176
117.107,30.867,31.555234909057617,0.1045,0.2101,-7.105882352941176
117.157,31.355,31.555234909057617,0.1045,0.2101,7.105882352941176
117.207,31.233,31.555234909057617,0.1045,0.2101,7.105882352941176
117.257,31.087,31.555234909057617,0.1045,0.2101,7.152941176470589
117.307,31.38,31.555234909057617,0.1045,0.2101,7.152941176470589
117.357,31.575,32.93698501586914,0.1044,0.2101,7.247058823529412
117.407,31.893,32.93698501586914,0.1043,0.2101,7.247058823529412
117.457,32.283,32.93698501586914,0.1043,0.2101,7.576470588235294
117.507,32.332,32.93698501586914,0.1043,0.2101,7.576470588235294
117.557,32.601,32.93698501586914,0.1043,0.2101,7.294117647058823
117.607,33.382,32.93698501586914,0.1043,0.2101,7.294117647058823
117.657,33.138,32.93698501586914,0.1043,0.2101,7.294117647058823
117.707,33.504,32.93698501586914,0.1043,0.2101,-7.247058823529412
117.757,33.455,32.93698501586914,0.1042,0.2101,-7.247058823529412
117.807,33.724,32.93698501586914,0.1042,0.2101,-7.294117647058823
117.857,33.162,32.93698501586914,0.1042,0.2101,-7.247058823529412
117.907,33.236,32.93698501586914,0.104,0.2101,-7.247058823529412
117.957,32.674,32.93698501586914,0.1039,0.2101,-7.152941176470589
118.007,32.65,32.93698501586914,0.1038,0.2101,-7.152941176470589
118.057,32.503,32.93698501586914,0.1038,0.2101,7.152941176470589
118.109,32.332,32.93698501586914,0.1038,0.2101,7.152941176470589
118.158,32.796,32.93698501586914,0.1038,0.2101,7.152941176470589
118.208,32.552,32.93698501586914,0.1038,0.2101,7.294117647058823
118.258,33.187,32.93698501586914,0.1038,0.2101,7.294117647058823
118.308,33.431,32.93698501586914,0.1038,0.2101,7.2
118.358,34.066,32.613311767578125,0.1038,0.2101,-7.152941176470589
118.408,33.919,32.613311767578125,0.1039,0.2101,-7.152941176470589
118.458,33.553,32.613311767578125,0.1039,0.2101,-7.623529411764705
118.508,33.578,32.613311767578125,0.104,0.2101,-7.623529411764705
118.558,33.333,32.613311767578125,0.104,0.2101,-7.435294117647059
118.608,32.943,32.613311767578125,0.1041,0.2101,-7.435294117647059
118.658,32.772,32.613311767578125,0.1041,0.2101,-7.341176470588235
118.708,32.576,32.613311767578125,0.1042,0.2101,-7.341176470588235
118.758,32.405,32.613311767578125,0.1042,0.2101,-7.105882352941176
118.808,32.259,32.613311767578125,0.1043,0.2101,0.0
118.858,32.234,32.613311767578125,0.1043,0.2101,0.0
118.908,32.332,32.613311767578125,0.1044,0.2101,7.2
118.958,32.039,32.613311767578125,0.1044,0.2101,7.2
119.008,32.332,32.613311767578125,0.1044,0.2101,7.152941176470589
119.058,32.503,32.613311767578125,0.1044,0.2101,7.294117647058823
119.108,32.698,32.613311767578125,0.1045,0.2101,7.294117647058823
119.158,32.772,32.613311767578125,0.1045,0.2101,7.105882352941176
119.208,33.407,32.613311767578125,0.1045,0.2101,7.105882352941176
119.258,33.846,32.613311767578125,0.1045,0.2101,-7.105882352941176
119.308,33.871,32.613311767578125,0.1044,0.2101,-7.341176470588235
119.358,33.651,33.748531341552734,0.1044,0.2101,-7.341176470588235
119.408,33.602,33.748531341552734,0.1044,0.2101,-7.529411764705882
119.458,33.358,33.748531341552734,0.1044,0.2101,-7.529411764705882
119.508,31.673,33.748531341552734,0.1044,0.2101,7.105882352941176
119.558,32.845,33.748531341552734,0.1043,0.2101,7.105882352941176
119.608,33.089,33.748531341552734,0.1042,0.2101,7.858823529411764
119.658,33.089,33.748531341552734,0.1042,0.2101,7.858823529411764
119.708,33.162,33.748531341552734,0.1042,0.2101,7.294117647058823
119.758,33.919,33.748531341552734,0.1041,0.2101,7.294117647058823
119.808,34.042,33.748531341552734,0.1041,0.2101,7.294117647058823
119.858,34.286,33.748531341552734,0.1041,0.2101,-7.105882352941176
119.908,34.53,33.748531341552734,0.104,0.2101,-7.105882352941176
119.958,34.31,33.748531341552734,0.104,0.2101,-7.247058823529412
120.008,34.31,33.748531341552734,0.1039,0.2101,-7.247058823529412
120.058,33.846,33.748531341552734,0.1039,0.2101,-7.247058823529412
120.11,33.675,33.748531341552734,0.1039,0.2101,-7.247058823529412
120.159,33.602,33.748531341552734,0.1037,0.2101,-7.247058823529412
120.209,33.431,33.748531341552734,0.1037,0.2101,7.105882352941176
120.259,33.187,33.748531341552734,0.1037,0.2101,7.105882352941176
120.309,33.431,33.748531341552734,0.1037,0.2101,7.2
120.359,33.602,32.729637145996094,0.1037,0.2101,7.247058823529412
120.409,33.968,32.729637145996094,0.1037,0.2101,7.247058823529412
120.459,34.31,32.729637145996094,0.1037,0.2101,-7.3882352941176475
120.509,34.554,32.729637145996094,0.1038,0.2101,-7.3882352941176475
120.559,34.31,32.729637145996094,0.1038,0.2101,-7.670588235294118
120.609,33.944,32.729637145996094,0.1038,0.2101,-7.670588235294118
120.659,33.773,32.729637145996094,0.1039,0.2101,-7.670588235294118
120.709,33.529,32.729637145996094,0.1041,0.2101,-7.670588235294118
120.759,33.529,32.729637145996094,0.1042,0.2101,-7.435294117647059
120.809,33.333,32.729637145996094,0.1043,0.2101,-7.341176470588235
120.859,33.089,32.729637145996094,0.1043,0.2101,-7.341176470588235
120.909,32.747,32.729637145996094,0.1043,0.2101,-7.294117647058823
120.959,32.503,32.729637145996094,0.1044,0.2101,-7.294117647058823
121.009,32.479,32.729637145996094,0.1044,0.2101,0.0
121.059,32.576,32.729637145996094,0.1044,0.2101,7.152941176470589
121.109,32.601,32.729637145996094,0.1044,0.2101,7.152941176470589
121.159,32.527,32.729637145996094,0.1045,0.2101,7.105882352941176
121.209,32.918,32.729637145996094,0.1045,0.2101,7.105882352941176
121.259,33.138,32.729637145996094,0.1045,0.2101,7.152941176470589
121.309,33.309,32.729637145996094,0.1046,0.2101,7.152941176470589
121.359,33.822,31.894222259521484,0.1046,0.2101,-7.2
121.409,34.066,31.894222259521484,0.1046,0.2101,-7.2
121.459,33.651,31.894222259521484,0.1045,0.2101,-7.764705882352941
121.509,33.407,31.894222259521484,0.1045,0.2101,-7.764705882352941
121.559,33.065,31.894222259521484,0.1045,0.2101,-7.7176470588235295
121.609,32.991,31.894222259521484,0.1045,0.2101,-7.7176470588235295
121.659,32.772,31.894222259521484,0.1045,0.2101,-7.482352941176471
121.709,32.674,31.894222259521484,0.1044,0.2101,-7.482352941176471
121.759,31.941,31.894222259521484,0.1044,0.2101,-7.3882352941176475
121.809,32.063,31.894222259521484,0.1044,0.2101,-7.341176470588235
121.859,31.917,31.894222259521484,0.1041,0.2101,-7.341176470588235
121.909,32.039,31.894222259521484,0.1041,0.2101,-7.105882352941176
121.959,31.99,31.894222259521484,0.1041,0.2101,-7.105882352941176
122.009,31.99,31.894222259521484,0.104,0.2101,-7.105882352941176
122.059,31.6,31.894222259521484,0.104,0.2101,-7.105882352941176
122.111,31.6,31.894222259521484,0.1039,0.2101,-7.105882352941176
122.16,31.331,31.894222259521484,0.1039,0.2101,7.152941176470589
122.21,31.38,31.894222259521484,0.1039,0.2101,7.152941176470589
122.26,31.38,31.894222259521484,0.1039,0.2101,7.294117647058823
122.31,31.526,31.894222259521484,0.104,0.2101,7.247058823529412
122.36,31.893,30.955427169799805,0.104,0.2101,7.247058823529412
122.41,32.308,30.955427169799805,0.104,0.2101,7.2
122.46,32.308,30.955427169799805,0.104,0.2101,7.2
122.51,32.772,30.955427169799805,0.104,0.2101,-7.576470588235294
122.56,32.479,30.955427169799805,0.104,0.2101,-7.576470588235294
122.61,32.894,30.955427169799805,0.104,0.2101,-7.576470588235294
122.66,32.357,30.955427169799805,0.104,0.2101,-7.623529411764705
122.71,32.088,30.955427169799805,0.104,0.2101,-7.623529411764705
122.76,31.99,30.955427169799805,0.104,0.2101,-7.576470588235294
122.81,31.624,30.955427169799805,0.104,0.2101,-7.482352941176471
122.86,31.306,30.955427169799805,0.104,0.2101,-7.482352941176471
122.91,31.38,30.955427169799805,0.104,0.2101,-7.294117647058823
122.96,31.087,30.955427169799805,0.1041,0.2101,-7.294117647058823
123.01,31.062,30.955427169799805,0.1041,0.2101,-7.2
123.06,31.013,30.955427169799805,0.1041,0.2101,-7.105882352941176
123.11,30.94,30.955427169799805,0.1042,0.2101,-7.105882352941176
123.16,30.745,30.955427169799805,0.1042,0.2101,0.0
123.21,30.745,30.955427169799805,0.1042,0.2101,0.0
123.26,31.013,30.955427169799805,0.1043,0.2101,7.152941176470589
123.31,30.916,30.955427169799805,0.1043,0.2101,7.152941176470589
123.36,30.94,30.585203170776367,0.1043,0.2101,7.152941176470589
123.41,31.111,30.585203170776367,0.1044,0.2101,0.0
123.46,31.111,30.585203170776367,0.1044,0.2101,0.0
123.51,31.184,30.585203170776367,0.1044,0.2101,-7.247058823529412
123.56,31.136,30.585203170776367,0.1044,0.2101,-7.247058823529412
123.61,30.672,30.585203170776367,0.1044,0.2101,-7.247058823529412
123.66,30.696,30.585203170776367,0.1044,0.2101,-7.247058823529412
123.71,30.94,30.585203170776367,0.1044,0.2101,-7.247058823529412
123.76,30.598,30.585203170776367,0.1044,0.2101,-7.105882352941176
123.81,30.549,30.585203170776367,0.1044,0.2101,-7.2
123.86,30.379,30.585203170776367,0.1043,0.2101,-7.2
123.91,30.305,30.585203170776367,0.1042,0.2101,0.0
123.96,30.33,30.585203170776367,0.1041,0.2101,0.0
124.01,30.281,30.585203170776367,0.104,0.2101,7.152941176470589
124.06,30.183,30.585203170776367,0.104,0.2101,7.152941176470589
124.112,30.33,30.585203170776367,0.1039,0.2101,7.2
124.161,30.818,30.585203170776367,0.1039,0.2101,7.2
124.211,30.696,30.585203170776367,0.1039,0.2101,7.2
124.261,30.965,30.585203170776367,0.1039,0.2101,-7.152941176470589
124.311,30.72,30.585203170776367,0.1039,0.2101,-7.105882352941176
124.361,31.233,32.085205078125,0.1039,0.2101,-7.105882352941176
124.411,30.769,32.085205078125,0.1039,0.2101,-7.105882352941176
124.461,30.818,32.085205078125,0.1039,0.2101,-7.105882352941176
124.511,30.623,32.085205078125,0.1039,0.2101,7.576470588235294
124.561,30.696,32.085205078125,0.1039,0.2101,7.576470588235294
124.611,30.867,32.085205078125,0.1039,0.2101,7.623529411764705
124.661,30.94,32.085205078125,0.1039,0.2101,7.623529411764705
124.711,31.38,32.085205078125,0.1039,0.2101,7.529411764705882
124.761,31.77,32.085205078125,0.1039,0.2101,7.529411764705882
124.811,31.893,32.085205078125,0.1039,0.2101,7.341176470588235
124.861,32.259,32.085205078125,0.1039,0.2101,7.341176470588235
124.911,32.576,32.085205078125,0.1039,0.2101,7.152941176470589
124.961,32.747,32.085205078125,0.1038,0.2101,7.152941176470589
125.011,33.089,32.085205078125,0.1038,0.2101,-7.247058823529412
125.061,32.967,32.085205078125,0.1038,0.2101,-7.294117647058823
125.111,32.991,32.085205078125,0.1038,0.2101,-7.294117647058823
125.161,32.772,32.085205078125,0.1038,0.2101,-7.3882352941176475
125.211,32.601,32.085205078125,0.1039,0.2101,-7.3882352941176475
125.261,32.088,32.085205078125,0.1039,0.2101,-7.294117647058823
125.311,32.137,32.085205078125,0.1039,0.2101,-7.247058823529412
125.361,31.648,33.585201263427734,0.1039,0.2101,-7.247058823529412
125.411,31.648,33.585201263427734,0.104,0.2101,0.0
125.461,31.6,33.585201263427734,0.1041,0.2101,0.0
125.511,31.77,33.585201263427734,0.1041,0.2101,7.764705882352941
125.561,31.624,33.585201263427734,0.1041,0.2101,7.811764705882353
125.611,31.673,33.585201263427734,0.1041,0.2101,7.811764705882353
125.661,32.283,33.585201263427734,0.1041,0.2101,7.811764705882353
125.711,32.503,33.585201263427734,0.1041,0.2101,7.811764705882353
125.761,32.869,33.585201263427734,0.1042,0.2101,7.529411764705882
125.811,32.991,33.585201263427734,0.1042,0.2101,7.482352941176471
125.861,33.504,33.585201263427734,0.1042,0.2101,7.482352941176471
125.911,33.626,33.585201263427734,0.1042,0.2101,7.294117647058823
125.961,33.871,33.585201263427734,0.1042,0.2101,7.294117647058823
126.011,34.212,33.585201263427734,0.1042,0.2101,0.0
126.061,34.164,33.585201263427734,0.1042,0.2101,-7.152941176470589
126.113,34.701,33.585201263427734,0.1041,0.2101,-7.152941176470589
126.162,34.139,33.585201263427734,0.104,0.2101,-7.294117647058823
126.212,34.359,33.585201263427734,0.104,0.2101,-7.294117647058823
126.262,33.504,33.585201263427734,0.1039,0.2101,-7.247058823529412
126.312,33.309,33.585201263427734,0.1036,0.2101,-7.247058823529412
126.362,33.236,32.7492790222168,0.1036,0.2101,7.105882352941176
126.412,33.187,32.7492790222168,0.1036,0.2101,7.105882352941176
126.462,33.553,32.7492790222168,0.1036,0.2101,-7.247058823529412
126.512,33.797,32.7492790222168,0.1036,0.2101,-7.247058823529412
126.562,33.211,32.7492790222168,0.1036,0.2101,-7.247058823529412
126.612,33.138,32.7492790222168,0.1036,0.2101,-7.435294117647059
126.662,32.772,32.7492790222168,0.1036,0.2101,-7.435294117647059
126.712,33.04,32.7492790222168,0.1036,0.2101,-7.2
126.762,32.869,32.7492790222168,0.1036,0.2101,-7.2
126.812,32.869,32.7492790222168,0.1036,0.2101,-7.152941176470589
126.862,32.43,32.7492790222168,0.1037,0.2101,-7.152941176470589
126.912,32.332,32.7492790222168,0.1037,0.2101,-7.105882352941176
126.962,32.039,32.7492790222168,0.1038,0.2101,-7.105882352941176
127.012,32.21,32.7492790222168,0.1038,0.2101,7.2
127.062,32.137,32.7492790222168,0.1039,0.2101,7.2
127.112,32.039,32.7492790222168,0.1039,0.2101,7.247058823529412
127.162,32.259,32.7492790222168,0.1039,0.2101,7.247058823529412
127.212,32.576,32.7492790222168,0.104,0.2101,7.341176470588235
127.262,33.114,32.7492790222168,0.104,0.2101,7.247058823529412
127.312,33.236,32.7492790222168,0.104,0.2101,7.247058823529412
127.362,33.846,31.355201721191406,0.104,0.2101,-7.2
127.412,33.993,31.355201721191406,0.1042,0.2101,-7.2
127.462,33.724,31.355201721191406,0.1042,0.2101,-8.0
127.512,33.187,31.355201721191406,0.1041,0.2101,-8.0
127.562,33.162,31.355201721191406,0.1041,0.2101,-7.952941176470588
127.612,32.845,31.355201721191406,0.1041,0.2101,-7.952941176470588
127.662,32.43,31.355201721191406,0.1041,0.2101,-7.7176470588235295
127.712,32.43,31.355201721191406,0.1041,0.2101,-7.7176470588235295
127.762,32.088,31.355201721191406,0.104,0.2101,-7.482352941176471
127.812,31.893,31.355201721191406,0.104,0.2101,-7.482352941176471
127.862,31.551,31.355201721191406,0.1039,0.2101,-7.341176470588235
127.912,31.697,31.355201721191406,0.1039,0.2101,-7.341176470588235
127.962,31.355,31.355201721191406,0.1039,0.2101,-7.152941176470589
128.012,31.429,31.355201721191406,0.1039,0.2101,-7.2
128.062,31.111,31.355201721191406,0.1039,0.2101,-7.2
128.114,31.062,31.355201721191406,0.1039,0.2101,-7.105882352941176
128.163,30.745,31.355201721191406,0.1039,0.2101,-7.105882352941176
128.213,30.696,31.355201721191406,0.1039,0.2101,7.152941176470589
128.263,30.867,31.355201721191406,0.1039,0.2101,7.294117647058823
128.313,30.818,31.355201721191406,0.104,0.2101,7.294117647058823
128.363,30.989,31.131479263305664,0.104,0.2101,7.247058823529412
128.413,31.233,31.131479263305664,0.104,0.2101,7.247058823529412
128.463,31.355,31.131479263305664,0.104,0.2101,7.105882352941176
128.513,32.039,31.131479263305664,0.104,0.2101,-7.105882352941176
128.563,32.063,31.131479263305664,0.104,0.2101,-7.105882352941176
128.613,32.259,31.131479263305664,0.104,0.2101,-7.3882352941176475
128.663,31.673,31.131479263305664,0.104,0.2101,-7.3882352941176475
128.713,31.453,31.131479263305664,0.1039,0.2101,-7.482352941176471
128.763,31.258,31.131479263305664,0.1039,0.2101,-7.247058823529412
128.813,31.013,31.131479263305664,0.1039,0.2101,-7.247058823529412
128.863,31.062,31.131479263305664,0.1037,0.2101,-7.105882352941176
128.913,30.916,31.131479263305664,0.1036,0.2101,-7.105882352941176
128.963,30.769,31.131479263305664,0.1036,0.2101,7.105882352941176
129.013,30.818,31.131479263305664,0.1036,0.2101,7.105882352941176
129.063,30.891,31.131479263305664,0.1036,0.2101,7.2
129.113,30.989,31.131479263305664,0.1036,0.2101,7.2
129.163,31.258,31.131479263305664,0.1036,0.2101,7.152941176470589
129.213,31.648,31.131479263305664,0.1036,0.2101,7.152941176470589
129.263,32.039,31.131479263305664,0.1036,0.2101,-7.105882352941176
129.313,32.088,31.131479263305664,0.1037,0.2101,-7.105882352941176
129.363,31.746,31.955650329589844,0.1039,0.2101,-7.3882352941176475
129.413,31.746,31.955650329589844,0.104,0.2101,-7.3882352941176475
129.463,32.503,31.955650329589844,0.104,0.2101,7.152941176470589
129.513,31.355,31.955650329589844,0.104,0.2101,7.152941176470589
129.563,31.502,31.955650329589844,0.104,0.2101,7.152941176470589
129.613,31.429,31.955650329589844,0.104,0.2101,7.294117647058823
129.663,31.893,31.955650329589844,0.104,0.2101,7.294117647058823
129.713,32.015,31.955650329589844,0.104,0.2101,7.247058823529412
129.763,32.65,31.955650329589844,0.104,0.2101,7.105882352941176
129.813,32.747,31.955650329589844,0.104,0.2101,7.105882352941176
129.863,33.138,31.955650329589844,0.104,0.2101,-7.341176470588235
129.913,33.187,31.955650329589844,0.104,0.2101,-7.341176470588235
129.963,32.796,31.955650329589844,0.104,0.2101,-7.482352941176471
130.013,32.747,31.955650329589844,0.104,0.2101,-7.529411764705882
130.063,32.137,31.955650329589844,0.104,0.2101,-7.529411764705882
130.115,32.332,31.955650329589844,0.104,0.2101,-7.341176470588235
130.164,31.917,31.955650329589844,0.104,0.2101,-7.341176470588235
130.214,31.844,31.955650329589844,0.104,0.2101,-7.2
130.264,31.575,31.955650329589844,0.104,0.2101,-7.2
130.314,31.624,31.955650329589844,0.104,0.2101,7.105882352941176
130.364,31.477,32.80459213256836,0.104,0.2101,7.105882352941176
130.414,31.795,32.80459213256836,0.104,0.2101,7.2
130.464,31.673,32.80459213256836,0.104,0.2101,7.576470588235294
130.514,31.844,32.80459213256836,0.104,0.2101,7.576470588235294
130.564,32.308,32.80459213256836,0.104,0.2101,7.482352941176471
130.614,32.308,32.80459213256836,0.104,0.2101,7.482352941176471
130.664,32.991,32.80459213256836,0.104,0.2101,7.247058823529412
130.714,33.04,32.80459213256836,0.104,0.2101,7.247058823529412
130.764,33.578,32.80459213256836,0.104,0.2101,-7.105882352941176
130.814,33.602,32.80459213256836,0.104,0.2101,-7.105882352941176
130.864,33.382,32.80459213256836,0.104,0.2101,-7.341176470588235
130.914,33.358,32.80459213256836,0.1039,0.2101,-7.341176470588235
130.964,33.211,32.80459213256836,0.1039,0.2101,-7.294117647058823
131.014,33.187,32.80459213256836,0.1038,0.2101,-7.247058823529412
131.064,32.43,32.80459213256836,0.1038,0.2101,-7.247058823529412
131.114,32.454,32.80459213256836,0.1038,0.2101,-7.2
131.164,32.259,32.80459213256836,0.1038,0.2101,-7.2
131.214,32.112,32.80459213256836,0.1037,0.2101,7.2
131.264,32.186,32.80459213256836,0.1037,0.2101,7.247058823529412
131.314,32.161,32.80459213256836,0.1037,0.2101,7.247058823529412
131.364,32.357,31.30459213256836,0.1037,0.2101,7.294117647058823
131.414,32.479,31.30459213256836,0.1037,0.2101,7.294117647058823
131.464,33.284,31.30459213256836,0.1037,0.2101,-7.435294117647059
131.514,33.114,31.30459213256836,0.1037,0.2101,-7.435294117647059
131.564,32.991,31.30459213256836,0.1037,0.2101,-7.811764705882353
131.614,33.04,31.30459213256836,0.1038,0.2101,-7.811764705882353
131.664,32.479,31.30459213256836,0.1039,0.2101,-7.670588235294118
131.714,32.308,31.30459213256836,0.104,0.2101,-7.7176470588235295
131.764,31.99,31.30459213256836,0.104,0.2101,-7.7176470588235295
131.814,31.6,31.30459213256836,0.104,0.2101,-7.435294117647059
131.864,31.429,31.30459213256836,0.104,0.2101,-7.435294117647059
131.914,31.6,31.30459213256836,0.104,0.2101,-7.152941176470589
131.964,31.355,31.30459213256836,0.104,0.2101,-7.105882352941176
132.014,31.258,31.30459213256836,0.1041,0.2101,-7.105882352941176
132.064,31.062,31.30459213256836,0.1041,0.2101,0.0
132.116,31.111,31.30459213256836,0.104,0.2101,7.152941176470589
132.165,31.087,31.30459213256836,0.104,0.2101,7.152941176470589
132.215,31.111,31.30459213256836,0.104,0.2101,7.152941176470589
132.265,31.331,31.30459213256836,0.104,0.2101,7.152941176470589
132.315,31.722,31.30459213256836,0.104,0.2101,7.152941176470589
132.365,32.015,32.61635208129883,0.104,0.2101,7.152941176470589
132.415,32.088,32.61635208129883,0.104,0.2101,-7.2
132.465,32.234,32.61635208129883,0.104,0.2101,7.294117647058823
132.515,32.283,32.61635208129883,0.104,0.2101,7.294117647058823
132.565,32.405,32.61635208129883,0.104,0.2101,7.2
132.615,32.601,32.61635208129883,0.104,0.2101,7.2
132.665,32.674,32.61635208129883,0.1039,0.2101,7.152941176470589
132.715,33.065,32.61635208129883,0.1039,0.2101,0.0
132.765,33.065,32.61635208129883,0.1038,0.2101,0.0
132.815,33.114,32.61635208129883,0.1038,0.2101,-7.247058823529412
132.865,33.114,32.61635208129883,0.1038,0.2101,-7.247058823529412
132.915,33.358,32.61635208129883,0.1038,0.2101,-7.247058823529412
132.965,32.674,32.61635208129883,0.1037,0.2101,-7.247058823529412
133.015,32.772,32.61635208129883,0.1037,0.2101,-7.247058823529412
133.065,32.259,32.61635208129883,0.1036,0.2101,0.0
133.115,32.283,32.61635208129883,0.1036,0.2101,0.0
133.165,32.381,32.61635208129883,0.1036,0.2101,7.2
133.215,32.234,32.61635208129883,0.1036,0.2101,7.2
133.265,32.039,32.61635208129883,0.1036,0.2101,7.2
133.315,32.479,32.61635208129883,0.1036,0.2101,7.2
133.365,32.527,32.41789245605469,0.1036,0.2101,7.2
133.415,33.236,32.41789245605469,0.1037,0.2101,7.105882352941176
133.465,33.578,32.41789245605469,0.1037,0.2101,-7.105882352941176
133.515,33.48,32.41789245605469,0.1037,0.2101,-7.105882352941176
133.565,33.553,32.41789245605469,0.1038,0.2101,-7.482352941176471
133.615,33.358,32.41789245605469,0.1039,0.2101,-7.482352941176471
133.665,32.601,32.41789245605469,0.1039,0.2101,-7.482352941176471
133.715,33.065,32.41789245605469,0.1039,0.2101,-7.435294117647059
133.765,32.186,32.41789245605469,0.1039,0.2101,-7.435294117647059
133.815,32.552,32.41789245605469,0.104,0.2101,-7.294117647058823
133.865,32.405,32.41789245605469,0.104,0.2101,-7.294117647058823
133.915,32.063,32.41789245605469,0.104,0.2101,-7.105882352941176
133.965,31.917,32.41789245605469,0.104,0.2101,0.0
134.015,31.893,32.41789245605469,0.104,0.2101,0.0
134.065,31.893,32.41789245605469,0.104,0.2101,7.247058823529412
134.117,31.819,32.41789245605469,0.104,0.2101,7.247058823529412
134.166,31.844,32.41789245605469,0.104,0.2101,7.247058823529412
134.216,31.819,32.41789245605469,0.104,0.2101,7.294117647058823
134.266,32.527,32.41789245605469,0.104,0.2101,7.294117647058823
134.316,32.869,32.41789245605469,0.104,0.2101,7.294117647058823
134.366,33.162,33.01874542236328,0.104,0.2101,7.294117647058823
134.416,33.504,33.01874542236328,0.104,0.2101,-7.247058823529412
134.466,33.382,33.01874542236328,0.104,0.2101,-7.105882352941176
134.516,33.382,33.01874542236328,0.104,0.2101,-7.105882352941176
134.566,33.089,33.01874542236328,0.104,0.2101,-7.2
134.616,33.162,33.01874542236328,0.104,0.2101,-7.2
134.666,32.747,33.01874542236328,0.104,0.2101,-7.105882352941176
134.716,32.552,33.01874542236328,0.1039,0.2101,-7.105882352941176
134.766,32.357,33.01874542236328,0.1039,0.2101,-7.105882352941176
134.816,32.357,33.01874542236328,0.1039,0.2101,7.247058823529412
134.866,32.088,33.01874542236328,0.1038,0.2101,7.247058823529412
134.916,32.21,33.01874542236328,0.1038,0.2101,7.294117647058823
134.966,32.454,33.01874542236328,0.1038,0.2101,7.3882352941176475
135.016,32.991,33.01874542236328,0.1036,0.2101,7.3882352941176475
135.066,33.04,33.01874542236328,0.1036,0.2101,7.294117647058823
135.116,33.431,33.01874542236328,0.1036,0.2101,7.294117647058823
135.166,33.578,33.01874542236328,0.1036,0.2101,0.0
135.216,33.748,33.01874542236328,0.1036,0.2101,-7.2
135.266,33.773,33.01874542236328,0.1036,0.2101,-7.2
135.316,34.09,33.01874542236328,0.1036,0.2101,-7.341176470588235
135.366,33.114,31.92473602294922,0.1036,0.2101,-7.341176470588235
135.416,33.138,31.92473602294922,0.1036,0.2101,-7.482352941176471
135.466,33.04,31.92473602294922,0.1037,0.2101,-7.529411764705882
135.516,32.918,31.92473602294922,0.1037,0.2101,-7.529411764705882
135.566,32.015,31.92473602294922,0.1038,0.2101,-7.482352941176471
135.616,32.454,31.92473602294922,0.1038,0.2101,-7.482352941176471
135.666,31.77,31.92473602294922,0.1038,0.2101,-7.105882352941176
135.716,32.039,31.92473602294922,0.1038,0.2101,-7.247058823529412
135.766,31.893,31.92473602294922,0.1038,0.2101,-7.247058823529412
135.816,32.112,31.92473602294922,0.1039,0.2101,-7.105882352941176
135.866,31.697,31.92473602294922,0.1038,0.2101,-7.105882352941176
135.916,31.673,31.92473602294922,0.1039,0.2101,-7.105882352941176
135.966,31.355,31.92473602294922,0.1039,0.2101,7.152941176470589
136.016,31.673,31.92473602294922,0.1039,0.2101,7.152941176470589
136.066,31.477,31.92473602294922,0.1039,0.2101,7.294117647058823
136.118,31.941,31.92473602294922,0.104,0.2101,7.294117647058823
136.167,31.893,31.92473602294922,0.104,0.2101,7.247058823529412
136.217,32.357,31.92473602294922,0.1041,0.2101,0.0
136.267,32.43,31.92473602294922,0.1042,0.2101,0.0
136.317,32.625,31.92473602294922,0.1042,0.2101,-7.2
136.367,32.405,30.843263626098633,0.1042,0.2101,-7.2
136.417,32.601,30.843263626098633,0.1042,0.2101,-7.341176470588235
136.467,32.308,30.843263626098633,0.1042,0.2101,-7.623529411764705
136.517,31.966,30.843263626098633,0.1042,0.2101,-7.623529411764705
136.567,31.746,30.843263626098633,0.1042,0.2101,-7.623529411764705
136.617,31.526,30.843263626098633,0.1042,0.2101,-7.623529411764705
136.667,31.282,30.843263626098633,0.1041,0.2101,-7.3882352941176475
136.717,31.282,30.843263626098633,0.1039,0.2101,-7.294117647058823
136.767,30.94,30.843263626098633,0.1037,0.2101,-7.294117647058823
136.817,30.965,30.843263626098633,0.1037,0.2101,-7.247058823529412
136.867,30.696,30.843263626098633,0.1036,0.2101,-7.247058823529412
136.917,30.623,30.843263626098633,0.1037,0.2101,-7.105882352941176
136.967,30.867,30.843263626098633,0.1036,0.2101,7.105882352941176
137.017,30.574,30.843263626098633,0.1036,0.2101,7.105882352941176
137.067,30.745,30.843263626098633,0.1036,0.2101,0.0
137.117,30.745,30.843263626098633,0.1036,0.2101,0.0
137.167,30.696,30.843263626098633,0.1036,0.2101,7.105882352941176
137.217,30.867,30.843263626098633,0.1037,0.2101,7.105882352941176
137.267,30.965,30.843263626098633,0.1037,0.2101,7.105882352941176
137.317,31.038,30.843263626098633,0.1038,0.2101,7.105882352941176
137.367,31.526,31.608646392822266,0.1038,0.2101,-7.105882352941176
137.417,31.795,31.608646392822266,0.1038,0.2101,-7.105882352941176
137.467,31.453,31.608646392822266,0.1038,0.2101,7.105882352941176
137.517,31.306,31.608646392822266,0.1038,0.2101,7.105882352941176
137.567,31.16,31.608646392822266,0.1038,0.2101,7.105882352941176
137.617,31.429,31.608646392822266,0.1038,0.2101,7.105882352941176
137.667,31.844,31.608646392822266,0.1038,0.2101,7.247058823529412
137.717,32.137,31.608646392822266,0.1038,0.2101,7.105882352941176
137.767,32.332,31.608646392822266,0.1038,0.2101,7.105882352941176
137.817,32.625,31.608646392822266,0.1038,0.2101,-7.247058823529412
137.867,32.552,31.608646392822266,0.1038,0.2101,-7.247058823529412
137.917,32.821,31.608646392822266,0.1038,0.2101,-7.435294117647059
137.967,32.65,31.608646392822266,0.1038,0.2101,-7.435294117647059
138.017,32.405,31.608646392822266,0.1038,0.2101,-7.435294117647059
138.067,31.575,31.608646392822266,0.1038,0.2101,-7.435294117647059
138.119,31.526,31.608646392822266,0.1038,0.2101,0.0
138.168,31.502,31.608646392822266,0.1038,0.2101,0.0
138.218,31.477,31.608646392822266,0.1039,0.2101,7.105882352941176
138.268,31.477,31.608646392822266,0.104,0.2101,7.105882352941176
138.318,31.209,31.608646392822266,0.104,0.2101,7.105882352941176
138.368,31.819,32.57402801513672,0.104,0.2101,7.105882352941176
138.418,31.966,32.57402801513672,0.1041,0.2101,7.2
138.468,32.21,32.57402801513672,0.1041,0.2101,7.2
138.518,32.772,32.57402801513672,0.1041,0.2101,7.294117647058823
138.568,32.723,32.57402801513672,0.1041,0.2101,7.294117647058823
138.618,33.138,32.57402801513672,0.1041,0.2101,-7.152941176470589
138.668,32.991,32.57402801513672,0.1041,0.2101,-7.152941176470589
138.718,33.26,32.57402801513672,0.1041,0.2101,-7.294117647058823
138.768,32.625,32.57402801513672,0.1041,0.2101,-7.294117647058823
138.818,32.698,32.57402801513672,0.1041,0.2101,-7.294117647058823
138.868,32.308,32.57402801513672,0.1041,0.2101,-7.294117647058823
138.918,32.332,32.57402801513672,0.1041,0.2101,-7.105882352941176
138.968,31.551,32.57402801513672,0.104,0.2101,-7.105882352941176
139.018,31.99,32.57402801513672,0.104,0.2101,7.152941176470589
139.068,31.844,32.57402801513672,0.1039,0.2101,7.152941176470589
139.118,31.844,32.57402801513672,0.1039,0.2101,7.294117647058823
139.168,32.186,32.57402801513672,0.1038,0.2101,7.341176470588235
139.218,32.65,32.57402801513672,0.1038,0.2101,7.341176470588235
139.268,32.698,32.57402801513672,0.1038,0.2101,7.2
139.318,33.187,32.57402801513672,0.1038,0.2101,7.2
139.368,33.114,32.938785552978516,0.1037,0.2101,-7.105882352941176
139.418,33.162,32.938785552978516,0.1037,0.2101,-7.105882352941176
139.468,33.529,32.938785552978516,0.1037,0.2101,-7.105882352941176
139.518,33.162,32.938785552978516,0.1037,0.2101,-7.105882352941176
139.568,33.211,32.938785552978516,0.1037,0.2101,-7.294117647058823
139.618,32.821,32.938785552978516,0.1038,0.2101,-7.294117647058823
139.668,32.43,32.938785552978516,0.1038,0.2101,-7.152941176470589
139.718,32.357,32.938785552978516,0.1038,0.2101,7.105882352941176
139.768,32.308,32.938785552978516,0.1038,0.2101,7.105882352941176
139.818,32.332,32.938785552978516,0.1038,0.2101,7.294117647058823
139.868,32.454,32.938785552978516,0.1038,0.2101,7.294117647058823
139.918,32.796,32.938785552978516,0.1038,0.2101,7.294117647058823
139.968,32.747,32.938785552978516,0.1038,0.2101,7.294117647058823
140.018,33.236,32.938785552978516,0.1039,0.2101,7.105882352941176
140.068,33.431,32.938785552978516,0.1039,0.2101,7.105882352941176
140.12,33.455,32.938785552978516,0.104,0.2101,-7.152941176470589
140.169,33.7,32.938785552978516,0.104,0.2101,-7.247058823529412
140.219,33.455,32.938785552978516,0.104,0.2101,-7.247058823529412
140.269,33.333,32.938785552978516,0.1041,0.2101,-7.341176470588235
140.319,33.504,32.938785552978516,0.1041,0.2101,-7.341176470588235
140.369,32.991,33.40144348144531,0.104,0.2101,-7.2
140.419,33.04,33.40144348144531,0.1041,0.2101,-7.294117647058823
140.469,32.527,33.40144348144531,0.1041,0.2101,-7.294117647058823
140.519,32.601,33.40144348144531,0.1041,0.2101,7.2
140.569,32.503,33.40144348144531,0.1041,0.2101,7.2
140.619,32.894,33.40144348144531,0.1041,0.2101,7.341176470588235
140.669,32.747,33.40144348144531,0.1042,0.2101,7.3882352941176475
140.719,33.04,33.40144348144531,0.1042,0.2101,7.3882352941176475
140.769,33.431,33.40144348144531,0.1042,0.2101,7.294117647058823
140.819,33.675,33.40144348144531,0.1042,0.2101,7.294117647058823
140.869,33.919,33.40144348144531,0.1041,0.2101,0.0
140.919,34.042,33.40144348144531,0.104,0.2101,-7.152941176470589
140.969,33.553,33.40144348144531,0.104,0.2101,-7.152941176470589
141.019,33.993,33.40144348144531,0.104,0.2101,-7.294117647058823
141.069,33.529,33.40144348144531,0.104,0.2101,-7.294117647058823
141.119,33.407,33.40144348144531,0.1041,0.2101,-7.294117647058823
141.169,33.236,33.40144348144531,0.1041,0.2101,-7.105882352941176
141.219,33.211,33.40144348144531,0.104,0.2101,-7.105882352941176
141.269,33.114,33.40144348144531,0.104,0.2101,7.105882352941176
141.319,33.04,33.40144348144531,0.104,0.2101,7.105882352941176
141.369,32.967,32.98760223388672,0.104,0.2101,7.152941176470589
141.419,33.211,32.98760223388672,0.104,0.2101,7.2
141.469,33.333,32.98760223388672,0.104,0.2101,7.2
141.519,33.797,32.98760223388672,0.104,0.2101,-7.152941176470589
141.569,33.871,32.98760223388672,0.104,0.2101,-7.152941176470589
141.619,33.871,32.98760223388672,0.104,0.2101,-7.341176470588235
141.669,33.553,32.98760223388672,0.1037,0.2101,-7.3882352941176475
141.719,33.309,32.98760223388672,0.1037,0.2101,-7.3882352941176475
141.769,33.089,32.98760223388672,0.1037,0.2101,-7.294117647058823
141.819,33.211,32.98760223388672,0.1037,0.2101,-7.294117647058823
141.869,32.869,32.98760223388672,0.1037,0.2101,-7.105882352941176
141.919,32.723,32.98760223388672,0.1037,0.2101,-7.152941176470589
141.969,32.65,32.98760223388672,0.1037,0.2101,-7.152941176470589
142.019,32.601,32.98760223388672,0.1037,0.2101,7.152941176470589
142.069,32.259,32.98760223388672,0.1036,0.2101,7.152941176470589
142.121,32.479,32.98760223388672,0.1036,0.2101,7.2
142.17,32.576,32.98760223388672,0.1036,0.2101,7.341176470588235
142.22,32.845,32.98760223388672,0.1037,0.2101,7.341176470588235
142.27,33.333,32.98760223388672,0.1037,0.2101,7.2
142.32,33.407,32.98760223388672,0.1038,0.2101,7.2
142.37,33.919,33.74317169189453,0.1038,0.2101,-7.2
142.42,33.895,33.74317169189453,0.1038,0.2101,-7.2
142.47,33.748,33.74317169189453,0.104,0.2101,-7.2
142.52,33.846,33.74317169189453,0.104,0.2101,-7.105882352941176
142.57,33.333,33.74317169189453,0.104,0.2101,-7.105882352941176
142.62,33.114,33.74317169189453,0.104,0.2101,-7.105882352941176
142.67,32.894,33.74317169189453,0.104,0.2101,7.2
142.72,32.723,33.74317169189453,0.1039,0.2101,7.2
142.77,32.894,33.74317169189453,0.1039,0.2101,7.3882352941176475
142.82,33.407,33.74317169189453,0.1039,0.2101,7.3882352941176475
142.87,33.504,33.74317169189453,0.1039,0.2101,7.3882352941176475
142.92,33.626,33.74317169189453,0.1039,0.2101,7.2
142.97,33.724,33.74317169189453,0.1039,0.2101,7.2
143.02,34.286,33.74317169189453,0.1039,0.2101,7.105882352941176
143.07,34.237,33.74317169189453,0.1039,0.2101,7.105882352941176
143.12,34.701,33.74317169189453,0.1039,0.2101,-7.247058823529412
143.17,34.505,33.74317169189453,0.1039,0.2101,-7.247058823529412
143.22,34.652,33.74317169189453,0.1039,0.2101,-7.247058823529412
143.27,34.212,33.74317169189453,0.1039,0.2101,-7.341176470588235
143.32,34.286,33.74317169189453,0.1039,0.2101,-7.341176470588235
143.37,33.895,32.6634521484375,0.1039,0.2101,-7.247058823529412
143.42,33.773,32.6634521484375,0.1039,0.2101,-7.247058823529412
143.47,33.309,32.6634521484375,0.1039,0.2101,-7.247058823529412
143.52,33.431,32.6634521484375,0.1039,0.2101,-7.482352941176471
143.57,32.943,32.6634521484375,0.1039,0.2101,-7.482352941176471
143.62,33.236,32.6634521484375,0.1038,0.2101,-7.341176470588235
143.67,32.967,32.6634521484375,0.1038,0.2101,-7.152941176470589
143.72,32.821,32.6634521484375,0.1038,0.2101,-7.152941176470589
143.77,32.698,32.6634521484375,0.1038,0.2101,-7.152941176470589
143.82,32.576,32.6634521484375,0.1038,0.2101,-7.152941176470589
143.87,32.357,32.6634521484375,0.1038,0.2101,0.0
143.92,32.527,32.6634521484375,0.1038,0.2101,7.105882352941176
143.97,32.503,32.6634521484375,0.1038,0.2101,7.105882352941176
144.02,32.381,32.6634521484375,0.1038,0.2101,7.105882352941176
144.07,32.674,32.6634521484375,0.1039,0.2101,7.105882352941176
144.122,33.016,32.6634521484375,0.1039,0.2101,0.0
144.171,33.065,32.6634521484375,0.1039,0.2101,0.0
144.221,33.065,32.6634521484375,0.1039,0.2101,0.0
144.271,33.065,32.6634521484375,0.1039,0.2101,-7.2
144.321,32.943,32.6634521484375,0.1039,0.2101,-7.2
144.371,32.918,31.163454055786133,0.1039,0.2101,-7.2
144.421,32.918,31.163454055786133,0.1039,0.2101,-7.2
144.471,32.674,31.163454055786133,0.1039,0.2101,-7.7176470588235295
144.521,32.381,31.163454055786133,0.1039,0.2101,-7.7176470588235295
144.571,32.332,31.163454055786133,0.1038,0.2101,-7.623529411764705
144.621,32.357,31.163454055786133,0.1037,0.2101,-7.529411764705882
144.671,32.015,31.163454055786133,0.1037,0.2101,-7.529411764705882
144.721,31.77,31.163454055786133,0.1037,0.2101,-7.529411764705882
144.771,31.575,31.163454055786133,0.1037,0.2101,-7.529411764705882
144.821,31.38,31.163454055786133,0.1037,0.2101,-7.294117647058823
144.871,31.209,31.163454055786133,0.1037,0.2101,-7.294117647058823
144.921,31.209,31.163454055786133,0.1038,0.2101,-7.152941176470589
144.971,31.087,31.163454055786133,0.1038,0.2101,-7.152941176470589
145.021,30.794,31.163454055786133,0.1039,0.2101,0.0
145.071,30.794,31.163454055786133,0.1039,0.2101,0.0
145.121,30.989,31.163454055786133,0.1039,0.2101,7.2
145.171,30.965,31.163454055786133,0.1039,0.2101,7.2
145.221,31.013,31.163454055786133,0.1039,0.2101,7.2
145.271,31.209,31.163454055786133,0.1039,0.2101,7.152941176470589
145.321,31.6,31.163454055786133,0.1039,0.2101,7.152941176470589
145.371,31.77,32.6634521484375,0.104,0.2101,0.0
145.421,31.917,32.6634521484375,0.104,0.2101,-7.2
145.471,31.795,32.6634521484375,0.1039,0.2101,-7.2
145.521,31.795,32.6634521484375,0.1039,0.2101,7.341176470588235
145.571,31.795,32.6634521484375,0.1039,0.2101,7.341176470588235
145.621,31.795,32.6634521484375,0.1039,0.2101,7.3882352941176475
145.671,31.868,32.6634521484375,0.1039,0.2101,7.3882352941176475
145.721,31.868,32.6634521484375,0.1039,0.2101,7.3882352941176475
145.771,32.674,32.6634521484375,0.1038,0.2101,7.3882352941176475
145.821,32.601,32.6634521484375,0.1038,0.2101,7.341176470588235
145.871,33.016,32.6634521484375,0.1038,0.2101,7.341176470588235
145.921,33.138,32.6634521484375,0.1038,0.2101,0.0
145.971,33.162,32.6634521484375,0.1038,0.2101,0.0
146.021,33.358,32.6634521484375,0.1038,0.2101,-7.247058823529412
146.071,33.236,32.6634521484375,0.1038,0.2101,-7.247058823529412
146.123,33.651,32.6634521484375,0.1038,0.2101,-7.341176470588235
146.172,32.894,32.6634521484375,0.1038,0.2101,-7.341176470588235
146.222,32.625,32.6634521484375,0.1038,0.2101,-7.435294117647059
146.272,32.601,32.6634521484375,0.1038,0.2101,-7.435294117647059
146.322,32.21,32.6634521484375,0.1038,0.2101,0.0
146.372,32.21,32.63504409790039,0.1039,0.2101,0.0
146.422,32.234,32.63504409790039,0.1039,0.2101,0.0
146.472,31.575,32.63504409790039,0.1039,0.2101,7.2
146.522,32.308,32.63504409790039,0.1039,0.2101,7.2
146.572,32.21,32.63504409790039,0.1039,0.2101,7.435294117647059
146.622,32.405,32.63504409790039,0.1039,0.2101,7.2
146.672,32.454,32.63504409790039,0.1039,0.2101,7.2
146.722,33.138,32.63504409790039,0.1039,0.2101,7.152941176470589
146.772,33.309,32.63504409790039,0.1039,0.2101,7.152941176470589
146.822,33.529,32.63504409790039,0.1039,0.2101,-7.247058823529412
146.872,33.431,32.63504409790039,0.1039,0.2101,-7.294117647058823
146.922,33.724,32.63504409790039,0.1038,0.2101,-7.294117647058823
146.972,33.138,32.63504409790039,0.1038,0.2101,-7.341176470588235
147.022,33.089,32.63504409790039,0.1039,0.2101,-7.341176470588235
147.072,32.576,32.63504409790039,0.1038,0.2101,-7.247058823529412
147.122,32.405,32.63504409790039,0.1038,0.2101,-7.247058823529412
147.172,32.405,32.63504409790039,0.1038,0.2101,-7.247058823529412
147.222,32.308,32.63504409790039,0.1038,0.2101,7.152941176470589
147.272,32.332,32.63504409790039,0.1038,0.2101,7.152941176470589
147.322,32.43,32.63504409790039,0.1038,0.2101,7.2
147.372,32.576,31.872631072998047,0.1038,0.2101,7.152941176470589
147.422,32.747,31.872631072998047,0.1038,0.2101,7.152941176470589
147.472,33.04,31.872631072998047,0.1038,0.2101,-7.341176470588235
147.522,33.309,31.872631072998047,0.1038,0.2101,-7.341176470588235
147.572,33.382,31.872631072998047,0.1038,0.2101,-7.482352941176471
147.622,32.943,31.872631072998047,0.1038,0.2101,-7.576470588235294
147.672,32.723,31.872631072998047,0.1038,0.2101,-7.576470588235294
147.722,32.381,31.872631072998047,0.1038,0.2101,-7.482352941176471
147.772,32.234,31.872631072998047,0.1038,0.2101,-7.482352941176471
147.822,31.99,31.872631072998047,0.1038,0.2101,-7.247058823529412
147.872,32.137,31.872631072998047,0.1038,0.2101,-7.2
147.922,31.893,31.872631072998047,0.1038,0.2101,-7.2
147.972,31.111,31.872631072998047,0.1038,0.2101,-7.152941176470589
148.022,31.551,31.872631072998047,0.1038,0.2101,-7.152941176470589
148.072,31.6,31.872631072998047,0.1038,0.2101,7.341176470588235
148.124,31.062,31.872631072998047,0.1038,0.2101,7.2
148.173,31.38,31.872631072998047,0.1038,0.2101,7.2
148.223,31.722,31.872631072998047,0.1038,0.2101,7.341176470588235
148.273,32.161,31.872631072998047,0.1039,0.2101,7.341176470588235
148.323,32.234,31.872631072998047,0.1039,0.2101,7.105882352941176
148.373,32.747,32.48188400268555,0.1039,0.2101,-7.152941176470589
148.423,32.479,32.48188400268555,0.1039,0.2101,-7.152941176470589
148.473,32.65,32.48188400268555,0.1039,0.2101,-7.152941176470589
148.523,32.308,32.48188400268555,0.1039,0.2101,-7.152941176470589
148.573,32.112,32.48188400268555,0.1039,0.2101,-7.105882352941176
148.623,31.844,32.48188400268555,0.1039,0.2101,7.105882352941176
148.673,32.039,32.48188400268555,0.1039,0.2101,7.105882352941176
148.723,31.99,32.48188400268555,0.1039,0.2101,7.294117647058823
148.773,32.063,32.48188400268555,0.1039,0.2101,7.294117647058823
148.823,32.259,32.48188400268555,0.1039,0.2101,7.247058823529412
148.873,32.65,32.48188400268555,0.1039,0.2101,7.2
148.923,32.894,32.48188400268555,0.1038,0.2101,7.2
148.973,33.651,32.48188400268555,0.1038,0.2101,-7.105882352941176
149.023,33.114,32.48188400268555,0.1038,0.2101,-7.105882352941176
149.073,32.796,32.48188400268555,0.1038,0.2101,-7.482352941176471
149.123,32.772,32.48188400268555,0.1038,0.2101,-7.294117647058823
149.173,32.601,32.48188400268555,0.1038,0.2101,-7.294117647058823
149.223,32.112,32.48188400268555,0.1038,0.2101,-7.152941176470589
149.273,32.259,32.48188400268555,0.1038,0.2101,-7.152941176470589
149.323,31.99,32.48188400268555,0.1038,0.2101,7.2
149.373,32.063,32.262840270996094,0.1038,0.2101,7.152941176470589
149.423,32.186,32.262840270996094,0.1038,0.2101,7.152941176470589
149.473,31.99,32.262840270996094,0.1038,0.2101,7.152941176470589
149.523,32.601,32.262840270996094,0.1039,0.2101,7.152941176470589
149.573,32.894,32.262840270996094,0.1039,0.2101,7.152941176470589
149.623,33.089,32.262840270996094,0.1039,0.2101,7.152941176470589
149.673,33.309,32.262840270996094,0.104,0.2101,-7.294117647058823
149.723,33.553,32.262840270996094,0.104,0.2101,-7.294117647058823
149.773,33.138,32.262840270996094,0.1039,0.2101,-7.435294117647059
149.823,33.211,32.262840270996094,0.1039,0.2101,-7.435294117647059
149.873,33.016,32.262840270996094,0.1039,0.2101,-7.3882352941176475
149.923,32.674,32.262840270996094,0.1039,0.2101,-7.3882352941176475
149.973,32.747,32.262840270996094,0.1039,0.2101,-7.341176470588235
150.023,32.332,32.262840270996094,0.1039,0.2101,-7.341176470588235
150.073,31.966,32.262840270996094,0.1039,0.2101,-7.247058823529412
150.125,32.161,32.262840270996094,0.1039,0.2101,-7.105882352941176
150.174,31.917,32.262840270996094,0.1039,0.2101,-7.105882352941176
150.224,31.819,32.262840270996094,0.1039,0.2101,7.105882352941176
150.274,31.819,32.262840270996094,0.1039,0.2101,7.105882352941176
150.324,31.844,32.262840270996094,0.1039,0.2101,7.247058823529412
150.374,32.063,31.279521942138672,0.1039,0.2101,7.247058823529412
150.424,32.503,31.279521942138672,0.1039,0.2101,7.2
150.474,32.259,31.279521942138672,0.1039,0.2101,7.2
150.524,32.796,31.279521942138672,0.1039,0.2101,-7.529411764705882
150.574,32.747,31.279521942138672,0.1039,0.2101,-7.435294117647059
150.624,33.162,31.279521942138672,0.1039,0.2101,-7.435294117647059
150.674,32.088,31.279521942138672,0.1039,0.2101,-7.623529411764705
150.724,32.405,31.279521942138672,0.1039,0.2101,-7.623529411764705
150.774,31.966,31.279521942138672,0.1038,0.2101,-7.341176470588235
150.824,31.868,31.279521942138672,0.1038,0.2101,-7.482352941176471
150.874,31.77,31.279521942138672,0.1038,0.2101,-7.482352941176471
150.924,31.575,31.279521942138672,0.1038,0.2101,-7.294117647058823
150.974,31.355,31.279521942138672,0.1038,0.2101,-7.294117647058823
151.024,31.306,31.279521942138672,0.1038,0.2101,-7.152941176470589
151.074,30.379,31.279521942138672,0.1038,0.2101,-7.152941176470589
151.124,31.013,31.279521942138672,0.1038,0.2101,0.0
151.174,30.989,31.279521942138672,0.1038,0.2101,0.0
151.224,30.916,31.279521942138672,0.1038,0.2101,7.152941176470589
151.274,31.16,31.279521942138672,0.1038,0.2101,7.152941176470589
151.324,30.989,31.279521942138672,0.1038,0.2101,7.2
151.374,31.551,30.804670333862305,0.1038,0.2101,7.105882352941176
151.424,31.6,30.804670333862305,0.1038,0.2101,7.105882352941176
151.474,31.99,30.804670333862305,0.1039,0.2101,-7.341176470588235
151.524,31.575,30.804670333862305,0.1039,0.2101,-7.341176470588235
151.574,32.308,30.804670333862305,0.1039,0.2101,-7.482352941176471
151.624,31.77,30.804670333862305,0.1039,0.2101,-7.341176470588235
151.674,31.062,30.804670333862305,0.1039,0.2101,-7.341176470588235
151.724,31.16,30.804670333862305,0.1039,0.2101,-7.435294117647059
151.774,30.891,30.804670333862305,0.1039,0.2101,-7.435294117647059
151.824,30.818,30.804670333862305,0.1039,0.2101,-7.2
151.874,30.769,30.804670333862305,0.1039,0.2101,-7.105882352941176
151.924,30.769,30.804670333862305,0.1039,0.2101,-7.105882352941176
151.974,30.379,30.804670333862305,0.1039,0.2101,0.0
152.024,30.379,30.804670333862305,0.1039,0.2101,0.0
152.074,30.305,30.804670333862305,0.1039,0.2101,7.2
152.126,30.549,30.804670333862305,0.1039,0.2101,7.2
152.175,30.647,30.804670333862305,0.1039,0.2101,7.2
152.225,30.623,30.804670333862305,0.1039,0.2101,7.152941176470589
152.275,31.062,30.804670333862305,0.1039,0.2101,7.152941176470589
152.325,31.331,30.804670333862305,0.1039,0.2101,7.105882352941176
152.375,31.477,32.02430725097656,0.1039,0.2101,7.105882352941176
152.425,31.697,32.02430725097656,0.1039,0.2101,-7.247058823529412
152.475,31.746,32.02430725097656,0.1039,0.2101,-7.247058823529412
152.525,31.526,32.02430725097656,0.1039,0.2101,7.2
152.575,31.722,32.02430725097656,0.1039,0.2101,7.152941176470589
152.625,31.697,32.02430725097656,0.1039,0.2101,7.152941176470589
152.675,31.77,32.02430725097656,0.1039,0.2101,7.152941176470589
152.725,32.234,32.02430725097656,0.1039,0.2101,7.152941176470589
152.775,32.283,32.02430725097656,0.104,0.2101,7.152941176470589
152.825,32.674,32.02430725097656,0.104,0.2101,-7.152941176470589
152.875,32.357,32.02430725097656,0.104,0.2101,-7.152941176470589
152.925,32.991,32.02430725097656,0.104,0.2101,-7.294117647058823
152.975,32.405,32.02430725097656,0.1039,0.2101,-7.294117647058823
153.025,32.576,32.02430725097656,0.1038,0.2101,-7.435294117647059
153.075,31.844,32.02430725097656,0.1038,0.2101,-7.2
153.125,31.673,32.02430725097656,0.1038,0.2101,-7.2
153.175,31.575,32.02430725097656,0.1038,0.2101,7.105882352941176
153.225,31.6,32.02430725097656,0.1038,0.2101,7.105882352941176
153.275,31.648,32.02430725097656,0.1038,0.2101,7.247058823529412
153.325,31.893,32.02430725097656,0.1038,0.2101,7.2
153.375,31.697,32.811885833740234,0.1038,0.2101,7.2
153.425,32.43,32.811885833740234,0.1038,0.2101,7.105882352941176
153.475,32.601,32.811885833740234,0.1039,0.2101,7.105882352941176
153.525,32.869,32.811885833740234,0.1039,0.2101,7.2
153.575,32.869,32.811885833740234,0.1039,0.2101,7.152941176470589
153.625,33.236,32.811885833740234,0.1039,0.2101,7.152941176470589
153.675,33.455,32.811885833740234,0.1041,0.2101,0.0
153.725,33.431,32.811885833740234,0.1041,0.2101,0.0
153.775,33.309,32.811885833740234,0.1041,0.2101,-7.294117647058823
153.825,33.553,32.811885833740234,0.1041,0.2101,-7.294117647058823
153.875,33.504,32.811885833740234,0.1041,0.2101,-7.294117647058823
153.925,33.211,32.811885833740234,0.1039,0.2101,-7.341176470588235
153.975,32.723,32.811885833740234,0.1039,0.2101,-7.341176470588235
154.025,32.674,32.811885833740234,0.1039,0.2101,-7.2
154.075,32.43,32.811885833740234,0.1039,0.2101,7.105882352941176
154.127,32.332,32.811885833740234,0.1039,0.2101,7.2
154.176,32.308,32.811885833740234,0.1039,0.2101,7.2
154.226,32.43,32.811885833740234,0.1039,0.2101,7.2
154.276,32.991,32.811885833740234,0.1039,0.2101,7.247058823529412
154.326,33.162,32.811885833740234,0.1039,0.2101,7.2
154.376,33.211,32.5428352355957,0.1039,0.2101,7.2
154.426,33.773,32.5428352355957,0.1039,0.2101,-7.2
154.476,33.602,32.5428352355957,0.1039,0.2101,-7.2
154.526,33.822,32.5428352355957,0.1039,0.2101,-7.529411764705882
154.576,33.578,32.5428352355957,0.1039,0.2101,-7.435294117647059
154.626,32.796,32.5428352355957,0.1039,0.2101,-7.435294117647059
154.676,32.747,32.5428352355957,0.1039,0.2101,-7.435294117647059
154.726,32.845,32.5428352355957,0.1039,0.2101,-7.435294117647059
154.776,32.381,32.5428352355957,0.1039,0.2101,-7.152941176470589
154.826,31.917,32.5428352355957,0.1039,0.2101,-7.152941176470589
154.876,32.186,32.5428352355957,0.1038,0.2101,-7.152941176470589
154.926,32.137,32.5428352355957,0.1039,0.2101,7.294117647058823
154.976,31.941,32.5428352355957,0.1038,0.2101,7.294117647058823
155.026,32.063,32.5428352355957,0.1038,0.2101,7.2
155.076,32.259,32.5428352355957,0.1039,0.2101,7.294117647058823
155.126,32.454,32.5428352355957,0.1039,0.2101,7.294117647058823
155.176,33.162,32.5428352355957,0.1039,0.2101,7.152941176470589
155.226,33.578,32.5428352355957,0.1039,0.2101,7.152941176470589
155.276,33.529,32.5428352355957,0.1039,0.2101,-7.294117647058823
155.326,33.675,32.5428352355957,0.1039,0.2101,-7.435294117647059
155.376,33.236,33.32301330566406,0.1039,0.2101,-7.435294117647059
155.426,33.358,33.32301330566406,0.1039,0.2101,-7.482352941176471
155.476,32.845,33.32301330566406,0.1039,0.2101,-7.482352941176471
155.526,32.674,33.32301330566406,0.1039,0.2101,0.0
155.576,32.821,33.32301330566406,0.1039,0.2101,7.247058823529412
155.626,32.674,33.32301330566406,0.1039,0.2101,7.247058823529412
155.676,32.65,33.32301330566406,0.1039,0.2101,7.247058823529412
155.726,33.114,33.32301330566406,0.1039,0.2101,7.247058823529412
155.776,33.162,33.32301330566406,0.104,0.2101,7.294117647058823
155.826,33.651,33.32301330566406,0.1039,0.2101,7.152941176470589
155.876,33.7,33.32301330566406,0.1039,0.2101,7.152941176470589
155.926,33.968,33.32301330566406,0.1039,0.2101,-7.2
155.976,33.675,33.32301330566406,0.1038,0.2101,-7.2
156.026,34.017,33.32301330566406,0.1038,0.2101,-7.294117647058823
156.076,33.626,33.32301330566406,0.1038,0.2101,-7.294117647058823
156.128,33.455,33.32301330566406,0.1038,0.2101,-7.341176470588235
156.177,33.04,33.32301330566406,0.1038,0.2101,-7.341176470588235
156.227,33.016,33.32301330566406,0.1038,0.2101,-7.105882352941176
156.277,32.821,33.32301330566406,0.1038,0.2101,7.152941176470589
156.327,32.821,33.32301330566406,0.1039,0.2101,7.152941176470589
156.377,32.943,32.11552429199219,0.1039,0.2101,7.247058823529412
156.427,33.333,32.11552429199219,0.1039,0.2101,7.247058823529412
156.477,33.578,32.11552429199219,0.1039,0.2101,-7.3882352941176475
156.527,33.284,32.11552429199219,0.1039,0.2101,-7.3882352941176475
156.577,33.04,32.11552429199219,0.1039,0.2101,-7.623529411764705
156.627,33.358,32.11552429199219,0.1039,0.2101,-7.623529411764705
156.677,32.601,32.11552429199219,0.1039,0.2101,-7.3882352941176475
156.727,32.918,32.11552429199219,0.104,0.2101,-7.3882352941176475
156.777,32.698,32.11552429199219,0.104,0.2101,-7.247058823529412
156.827,32.601,32.11552429199219,0.104,0.2101,-7.247058823529412
156.877,32.259,32.11552429199219,0.104,0.2101,-7.294117647058823
156.927,32.186,32.11552429199219,0.104,0.2101,-7.294117647058823
156.977,32.063,32.11552429199219,0.104,0.2101,-7.105882352941176
157.027,32.161,32.11552429199219,0.104,0.2101,-7.105882352941176
157.077,31.819,32.11552429199219,0.104,0.2101,0.0
157.127,31.844,32.11552429199219,0.104,0.2101,0.0
157.177,31.746,32.11552429199219,0.104,0.2101,7.152941176470589
157.227,31.868,32.11552429199219,0.104,0.2101,7.152941176470589
157.277,31.917,32.11552429199219,0.104,0.2101,7.2
157.327,32.063,32.11552429199219,0.104,0.2101,7.152941176470589
157.377,32.088,33.3331413269043,0.104,0.2101,7.152941176470589
157.427,32.674,33.3331413269043,0.104,0.2101,0.0
157.477,32.674,33.3331413269043,0.104,0.2101,0.0
157.527,32.625,33.3331413269043,0.104,0.2101,7.294117647058823
157.577,32.576,33.3331413269043,0.104,0.2101,7.294117647058823
157.627,33.187,33.3331413269043,0.104,0.2101,7.294117647058823
157.677,33.065,33.3331413269043,0.104,0.2101,7.341176470588235
157.727,33.407,33.3331413269043,0.104,0.2101,7.341176470588235
157.777,33.553,33.3331413269043,0.104,0.2101,7.152941176470589
157.827,33.7,33.3331413269043,0.104,0.2101,-7.105882352941176
157.877,33.675,33.3331413269043,0.104,0.2101,-7.105882352941176
157.927,33.993,33.3331413269043,0.104,0.2101,-7.2
157.977,33.578,33.3331413269043,0.1039,0.2101,-7.2
158.027,33.382,33.3331413269043,0.1039,0.2101,-7.294117647058823
158.077,32.991,33.3331413269043,0.1039,0.2101,-7.152941176470589
158.129,32.821,33.3331413269043,0.1038,0.2101,-7.152941176470589
158.178,32.65,33.3331413269043,0.1039,0.2101,7.2
158.228,32.772,33.3331413269043,0.1039,0.2101,7.2
158.278,32.405,33.3331413269043,0.1039,0.2101,7.294117647058823
158.328,33.236,33.3331413269043,0.1039,0.2101,7.294117647058823
158.378,33.309,32.527225494384766,0.1038,0.2101,7.3882352941176475
158.428,33.309,32.527225494384766,0.1039,0.2101,7.3882352941176475
158.478,33.968,32.527225494384766,0.1039,0.2101,-7.341176470588235
158.528,33.846,32.527225494384766,0.1039,0.2101,-7.341176470588235
158.578,34.09,32.527225494384766,0.1039,0.2101,-7.341176470588235
158.628,33.602,32.527225494384766,0.104,0.2101,-7.576470588235294
158.678,33.138,32.527225494384766,0.1041,0.2101,-7.576470588235294
158.728,33.162,32.527225494384766,0.1042,0.2101,-7.482352941176471
158.778,32.576,32.527225494384766,0.1042,0.2101,-7.294117647058823
158.828,32.65,32.527225494384766,0.1042,0.2101,-7.294117647058823
158.878,32.405,32.527225494384766,0.1043,0.2101,0.0
158.928,32.405,32.527225494384766,0.1043,0.2101,0.0
158.978,32.527,32.527225494384766,0.1043,0.2101,7.105882352941176
159.028,32.479,32.527225494384766,0.1042,0.2101,7.105882352941176
159.078,32.332,32.527225494384766,0.1042,0.2101,7.105882352941176
159.128,32.723,32.527225494384766,0.1042,0.2101,0.0
159.178,32.747,32.527225494384766,0.1042,0.2101,0.0
159.228,32.796,32.527225494384766,0.1041,0.2101,-7.152941176470589
159.278,32.65,32.527225494384766,0.1041,0.2101,-7.152941176470589
159.328,32.723,32.527225494384766,0.1041,0.2101,-7.152941176470589
159.378,32.527,33.47513198852539,0.1041,0.2101,-7.105882352941176
159.428,32.601,33.47513198852539,0.1041,0.2101,-7.105882352941176
159.478,32.405,33.47513198852539,0.1041,0.2101,7.435294117647059
159.528,32.405,33.47513198852539,0.1041,0.2101,7.3882352941176475
159.578,32.332,33.47513198852539,0.1041,0.2101,7.3882352941176475
159.628,32.625,33.47513198852539,0.1041,0.2101,7.482352941176471
159.678,32.943,33.47513198852539,0.1041,0.2101,7.482352941176471
159.728,33.089,33.47513198852539,0.1041,0.2101,7.3882352941176475
159.778,33.236,33.47513198852539,0.1041,0.2101,7.247058823529412
159.828,33.626,33.47513198852539,0.104,0.2101,7.247058823529412
159.878,33.919,33.47513198852539,0.104,0.2101,7.152941176470589
159.928,34.261,33.47513198852539,0.1039,0.2101,7.152941176470589
159.978,33.822,33.47513198852539,0.1039,0.2101,-7.247058823529412
160.028,34.359,33.47513198852539,0.1039,0.2101,-7.341176470588235
160.078,34.676,33.47513198852539,0.1038,0.2101,-7.341176470588235
160.13,33.675,33.47513198852539,0.1038,0.2101,-7.3882352941176475
160.179,33.675,33.47513198852539,0.1038,0.2101,-7.3882352941176475
160.229,33.553,33.47513198852539,0.1038,0.2101,-7.152941176470589
160.279,33.26,33.47513198852539,0.1038,0.2101,-7.152941176470589
160.329,33.162,33.47513198852539,0.1038,0.2101,-7.152941176470589
160.379,33.138,31.97513198852539,0.1038,0.2101,7.152941176470589
160.429,32.991,31.97513198852539,0.1038,0.2101,7.152941176470589
160.479,32.821,31.97513198852539,0.1038,0.2101,-7.482352941176471
160.529,33.187,31.97513198852539,0.1038,0.2101,-7.435294117647059
160.579,32.625,31.97513198852539,0.1038,0.2101,-7.435294117647059
160.629,32.796,31.97513198852539,0.1038,0.2101,-7.529411764705882
160.679,32.357,31.97513198852539,0.1039,0.2101,-7.529411764705882
160.729,32.65,31.97513198852539,0.1039,0.2101,-7.3882352941176475
160.779,32.259,31.97513198852539,0.104,0.2101,-7.2
160.829,32.137,31.97513198852539,0.1041,0.2101,-7.2
160.879,32.015,31.97513198852539,0.1041,0.2101,-7.152941176470589
160.929,32.063,31.97513198852539,0.1042,0.2101,-7.152941176470589
160.979,31.77,31.97513198852539,0.1042,0.2101,0.0
161.029,31.722,31.97513198852539,0.1042,0.2101,0.0
161.079,31.648,31.97513198852539,0.1042,0.2101,7.152941176470589
161.129,31.893,31.97513198852539,0.1042,0.2101,7.152941176470589
161.179,31.722,31.97513198852539,0.1043,0.2101,7.2
161.229,31.893,31.97513198852539,0.1043,0.2101,7.2
161.279,32.405,31.97513198852539,0.1043,0.2101,7.152941176470589
161.329,32.65,31.97513198852539,0.1042,0.2101,7.152941176470589
161.379,32.747,32.92215347290039,0.1042,0.2101,-7.2
161.429,33.016,32.92215347290039,0.1042,0.2101,-7.2
161.479,32.943,32.92215347290039,0.1042,0.2101,7.105882352941176
161.529,32.967,32.92215347290039,0.1041,0.2101,-7.105882352941176
161.579,32.845,32.92215347290039,0.104,0.2101,-7.105882352941176
161.629,32.65,32.92215347290039,0.1039,0.2101,0.0
161.679,32.65,32.92215347290039,0.1039,0.2101,0.0
161.729,32.576,32.92215347290039,0.1039,0.2101,7.152941176470589
161.779,32.576,32.92215347290039,0.1039,0.2101,7.152941176470589
161.829,32.698,32.92215347290039,0.1038,0.2101,7.152941176470589
161.879,32.747,32.92215347290039,0.1038,0.2101,7.2
161.929,33.065,32.92215347290039,0.1037,0.2101,7.2
161.979,33.504,32.92215347290039,0.1037,0.2101,7.105882352941176
162.029,33.529,32.92215347290039,0.1035,0.2101,-7.105882352941176
162.079,33.553,32.92215347290039,0.1035,0.2101,-7.105882352941176
162.131,33.333,32.92215347290039,0.1035,0.2101,-7.294117647058823
162.18,32.894,32.92215347290039,0.1035,0.2101,-7.294117647058823
162.23,33.236,32.92215347290039,0.1035,0.2101,-7.2
162.28,32.674,32.92215347290039,0.1035,0.2101,-7.2
162.33,32.698,32.92215347290039,0.1035,0.2101,-7.2
162.38,32.479,31.422149658203125,0.1036,0.2101,-7.2
162.43,32.381,31.422149658203125,0.1036,0.2101,7.152941176470589
162.48,32.283,31.422149658203125,0.1036,0.2101,7.152941176470589
162.53,32.357,31.422149658203125,0.1036,0.2101,-7.435294117647059
162.58,32.503,31.422149658203125,0.1036,0.2101,-7.435294117647059
162.63,32.332,31.422149658203125,0.1036,0.2101,-7.3882352941176475
162.68,31.819,31.422149658203125,0.1036,0.2101,-7.3882352941176475
162.73,32.161,31.422149658203125,0.1037,0.2101,-7.3882352941176475
162.78,31.844,31.422149658203125,0.1038,0.2101,-7.2
162.83,31.77,31.422149658203125,0.1039,0.2101,-7.2
162.88,31.502,31.422149658203125,0.1039,0.2101,-7.2
162.93,31.477,31.422149658203125,0.1039,0.2101,-7.2
162.98,31.038,31.422149658203125,0.1039,0.2101,-7.105882352941176
163.03,31.184,31.422149658203125,0.104,0.2101,0.0
163.08,31.209,31.422149658203125,0.104,0.2101,0.0
163.13,30.72,31.422149658203125,0.1041,0.2101,7.152941176470589
163.18,31.38,31.422149658203125,0.1041,0.2101,7.152941176470589
163.23,31.16,31.422149658203125,0.1041,0.2101,7.341176470588235
163.28,31.551,31.422149658203125,0.1041,0.2101,0.0
163.33,31.551,31.422149658203125,0.1041,0.2101,0.0
163.38,31.551,32.92215347290039,0.1041,0.2101,-7.105882352941176
163.43,32.015,32.92215347290039,0.104,0.2101,-7.105882352941176
163.48,31.551,32.92215347290039,0.104,0.2101,7.576470588235294
163.53,31.551,32.92215347290039,0.104,0.2101,7.576470588235294
163.58,31.722,32.92215347290039,0.104,0.2101,7.576470588235294
163.63,31.648,32.92215347290039,0.104,0.2101,7.576470588235294
163.68,32.161,32.92215347290039,0.1039,0.2101,7.529411764705882
163.73,32.674,32.92215347290039,0.1039,0.2101,7.529411764705882
163.78,32.918,32.92215347290039,0.1038,0.2101,7.529411764705882
163.83,33.284,32.92215347290039,0.1036,0.2101,7.152941176470589
163.88,33.284,32.92215347290039,0.1036,0.2101,7.152941176470589
163.93,33.48,32.92215347290039,0.1036,0.2101,-7.2
163.98,33.48,32.92215347290039,0.1035,0.2101,-7.2
164.03,33.626,32.92215347290039,0.1035,0.2101,-7.247058823529412
164.08,32.991,32.92215347290039,0.1035,0.2101,-7.247058823529412
164.132,33.26,32.92215347290039,0.1035,0.2101,-7.341176470588235
164.181,32.454,32.92215347290039,0.1035,0.2101,-7.341176470588235
164.231,32.479,32.92215347290039,0.1035,0.2101,-7.2
164.281,32.234,32.92215347290039,0.1035,0.2101,-7.2
164.331,31.795,32.92215347290039,0.1035,0.2101,7.247058823529412
164.381,32.112,31.459352493286133,0.1036,0.2101,7.247058823529412
164.431,32.21,31.459352493286133,0.1036,0.2101,7.482352941176471
164.481,32.43,31.459352493286133,0.1036,0.2101,-7.294117647058823
164.531,32.796,31.459352493286133,0.1036,0.2101,-7.294117647058823
164.581,32.698,31.459352493286133,0.1036,0.2101,-7.435294117647059
164.631,32.283,31.459352493286133,0.1036,0.2101,-7.435294117647059
164.681,32.039,31.459352493286133,0.1036,0.2101,-7.529411764705882
164.731,31.893,31.459352493286133,0.1037,0.2101,-7.3882352941176475
164.781,31.575,31.459352493286133,0.1038,0.2101,-7.3882352941176475
164.831,31.551,31.459352493286133,0.1038,0.2101,-7.2
164.881,31.697,31.459352493286133,0.1038,0.2101,-7.2
164.931,31.38,31.459352493286133,0.104,0.2101,-7.105882352941176
164.981,30.672,31.459352493286133,0.104,0.2101,-7.152941176470589
165.031,31.136,31.459352493286133,0.1041,0.2101,-7.152941176470589
165.081,31.184,31.459352493286133,0.1041,0.2101,7.341176470588235
165.131,31.062,31.459352493286133,0.1041,0.2101,7.341176470588235
165.181,31.087,31.459352493286133,0.1041,0.2101,7.152941176470589
165.231,31.233,31.459352493286133,0.1041,0.2101,7.2
165.281,31.6,31.459352493286133,0.1042,0.2101,7.2
165.331,31.966,31.459352493286133,0.1042,0.2101,7.152941176470589
165.381,31.844,31.382305145263672,0.1042,0.2101,7.152941176470589
165.431,32.332,31.382305145263672,0.1042,0.2101,-7.247058823529412
165.481,32.283,31.382305145263672,0.1042,0.2101,-7.247058823529412
165.531,32.405,31.382305145263672,0.1042,0.2101,-7.247058823529412
165.581,31.844,31.382305145263672,0.1042,0.2101,-7.3882352941176475
165.631,31.868,31.382305145263672,0.1041,0.2101,-7.3882352941176475
165.681,31.697,31.382305145263672,0.104,0.2101,-7.247058823529412
165.731,31.551,31.382305145263672,0.104,0.2101,-7.247058823529412
165.781,31.038,31.382305145263672,0.104,0.2101,-7.247058823529412
165.831,31.16,31.382305145263672,0.1039,0.2101,-7.105882352941176
165.881,31.087,31.382305145263672,0.1038,0.2101,-7.105882352941176
165.931,30.965,31.382305145263672,0.1037,0.2101,7.152941176470589
165.981,30.745,31.382305145263672,0.1036,0.2101,7.152941176470589
166.031,31.111,31.382305145263672,0.1036,0.2101,7.152941176470589
166.081,31.062,31.382305145263672,0.1036,0.2101,7.294117647058823
166.133,31.453,31.382305145263672,0.1035,0.2101,7.294117647058823
166.182,31.917,31.382305145263672,0.1035,0.2101,7.2
166.232,32.015,31.382305145263672,0.1035,0.2101,-7.105882352941176
166.282,32.088,31.382305145263672,0.1035,0.2101,-7.105882352941176
166.332,32.234,31.382305145263672,0.1035,0.2101,-7.294117647058823
166.382,31.77,31.603797912597656,0.1035,0.2101,-7.294117647058823
166.432,31.648,31.603797912597656,0.1035,0.2101,-7.3882352941176475
166.482,31.038,31.603797912597656,0.1035,0.2101,-7.3882352941176475
166.532,31.087,31.603797912597656,0.1036,0.2101,0.0
166.582,31.087,31.603797912597656,0.1036,0.2101,0.0
166.632,31.013,31.603797912597656,0.1036,0.2101,7.247058823529412
166.682,31.16,31.603797912597656,0.1037,0.2101,7.247058823529412
166.732,31.184,31.603797912597656,0.1037,0.2101,7.294117647058823
166.782,31.477,31.603797912597656,0.1037,0.2101,7.294117647058823
166.832,31.746,31.603797912597656,0.1037,0.2101,7.2
166.882,31.697,31.603797912597656,0.1038,0.2101,7.2
166.932,32.308,31.603797912597656,0.1038,0.2101,-7.105882352941176
166.982,32.234,31.603797912597656,0.1039,0.2101,-7.105882352941176
167.032,32.357,31.603797912597656,0.1039,0.2101,-7.105882352941176
167.082,31.819,31.603797912597656,0.104,0.2101,-7.294117647058823
167.132,31.819,31.603797912597656,0.104,0.2101,-7.294117647058823
167.182,31.526,31.603797912597656,0.104,0.2101,-7.152941176470589
167.232,31.477,31.603797912597656,0.104,0.2101,-7.152941176470589
167.282,31.209,31.603797912597656,0.104,0.2101,7.105882352941176
167.332,31.184,31.603797912597656,0.104,0.2101,7.105882352941176
167.382,31.184,32.454689025878906,0.104,0.2101,7.2
167.432,31.526,32.454689025878906,0.104,0.2101,7.2
167.482,31.722,32.454689025878906,0.104,0.2101,7.529411764705882
167.532,31.941,32.454689025878906,0.104,0.2101,7.529411764705882
167.582,32.161,32.454689025878906,0.1039,0.2101,7.341176470588235
167.632,32.601,32.454689025878906,0.1039,0.2101,7.341176470588235
167.682,32.601,32.454689025878906,0.1039,0.2101,7.152941176470589
167.732,32.918,32.454689025878906,0.1038,0.2101,-7.105882352941176
167.782,32.527,32.454689025878906,0.1038,0.2101,-7.105882352941176
167.832,33.309,32.454689025878906,0.1037,0.2101,-7.247058823529412
167.882,32.65,32.454689025878906,0.1037,0.2101,-7.247058823529412
167.932,32.454,32.454689025878906,0.1037,0.2101,-7.3882352941176475
167.982,32.015,32.454689025878906,0.1037,0.2101,-7.152941176470589
168.032,31.893,32.454689025878906,0.1037,0.2101,-7.152941176470589
168.082,31.893,32.454689025878906,0.1036,0.2101,7.247058823529412
168.134,31.453,32.454689025878906,0.1036,0.2101,7.247058823529412
168.183,31.966,32.454689025878906,0.1036,0.2101,7.247058823529412
168.233,32.039,32.454689025878906,0.1036,0.2101,7.435294117647059
168.283,32.405,32.454689025878906,0.1035,0.2101,7.435294117647059
168.333,32.625,32.454689025878906,0.1035,0.2101,7.2
168.383,33.016,31.587940216064453,0.1035,0.2101,7.2
168.433,33.211,31.587940216064453,0.1035,0.2101,-7.105882352941176
168.483,33.284,31.587940216064453,0.1036,0.2101,-7.576470588235294
168.533,32.943,31.587940216064453,0.1036,0.2101,-7.576470588235294
168.583,32.821,31.587940216064453,0.1036,0.2101,-7.7176470588235295
168.633,32.161,31.587940216064453,0.1036,0.2101,-7.7176470588235295
168.683,32.039,31.587940216064453,0.1036,0.2101,-7.529411764705882
168.733,31.746,31.587940216064453,0.1036,0.2101,-7.529411764705882
168.783,31.722,31.587940216064453,0.1037,0.2101,-7.247058823529412
168.833,31.648,31.587940216064453,0.1037,0.2101,-7.247058823529412
168.883,31.575,31.587940216064453,0.1038,0.2101,-7.105882352941176
168.933,31.404,31.587940216064453,0.1038,0.2101,-7.105882352941176
168.983,31.355,31.587940216064453,0.1038,0.2101,0.0
169.033,31.38,31.587940216064453,0.1038,0.2101,0.0
169.083,31.306,31.587940216064453,0.1039,0.2101,7.152941176470589
169.133,31.502,31.587940216064453,0.1039,0.2101,7.152941176470589
169.183,31.453,31.587940216064453,0.1039,0.2101,7.152941176470589
169.233,31.648,31.587940216064453,0.1039,0.2101,7.105882352941176
169.283,31.746,31.587940216064453,0.104,0.2101,7.105882352941176
169.333,32.234,31.587940216064453,0.104,0.2101,0.0
169.383,32.21,33.00164794921875,0.104,0.2101,0.0
169.433,32.161,33.00164794921875,0.104,0.2101,-7.294117647058823
169.483,32.283,33.00164794921875,0.104,0.2101,7.341176470588235
169.533,32.137,33.00164794921875,0.104,0.2101,7.341176470588235
169.583,32.015,33.00164794921875,0.104,0.2101,7.341176470588235
169.633,32.576,33.00164794921875,0.104,0.2101,7.341176470588235
169.683,32.796,33.00164794921875,0.104,0.2101,7.435294117647059
169.733,33.162,33.00164794921875,0.104,0.2101,7.2
169.783,33.211,33.00164794921875,0.1039,0.2101,7.2
169.833,33.455,33.00164794921875,0.1038,0.2101,-7.105882352941176
169.883,33.919,33.00164794921875,0.1038,0.2101,-7.105882352941176
169.933,33.919,33.00164794921875,0.1037,0.2101,-7.247058823529412
169.983,33.162,33.00164794921875,0.1037,0.2101,-7.247058823529412
170.033,32.943,33.00164794921875,0.1036,0.2101,-7.3882352941176475
170.083,32.503,33.00164794921875,0.1036,0.2101,-7.3882352941176475
170.135,32.357,33.00164794921875,0.1036,0.2101,0.0
170.184,32.283,33.00164794921875,0.1036,0.2101,7.247058823529412
170.234,32.283,33.00164794921875,0.1035,0.2101,7.247058823529412
170.284,32.43,33.00164794921875,0.1035,0.2101,7.341176470588235
170.334,32.723,33.00164794921875,0.1035,0.2101,7.341176470588235
170.384,32.918,34.32578659057617,0.1035,0.2101,7.294117647058823
170.434,33.236,34.32578659057617,0.1036,0.2101,7.152941176470589
170.484,33.431,34.32578659057617,0.1035,0.2101,7.152941176470589
170.534,33.7,34.32578659057617,0.1036,0.2101,7.482352941176471
170.584,33.919,34.32578659057617,0.1035,0.2101,7.482352941176471
170.634,34.188,34.32578659057617,0.1036,0.2101,7.294117647058823
170.684,34.457,34.32578659057617,0.1036,0.2101,7.2
170.734,34.457,34.32578659057617,0.1036,0.2101,7.2
170.784,34.505,34.32578659057617,0.1037,0.2101,-7.105882352941176
170.834,34.774,34.32578659057617,0.1037,0.2101,-7.105882352941176
170.884,34.676,34.32578659057617,0.1037,0.2101,-7.105882352941176
170.934,34.481,34.32578659057617,0.1036,0.2101,-7.247058823529412
170.984,34.261,34.32578659057617,0.1037,0.2101,-7.247058823529412
171.034,34.408,34.32578659057617,0.1037,0.2101,-7.105882352941176
171.084,33.309,34.32578659057617,0.1037,0.2101,-7.105882352941176
171.134,33.919,34.32578659057617,0.1037,0.2101,-7.105882352941176
171.184,33.578,34.32578659057617,0.1037,0.2101,-7.105882352941176
171.234,33.382,34.32578659057617,0.1037,0.2101,7.2
171.284,33.382,34.32578659057617,0.1038,0.2101,7.2
171.334,33.553,34.32578659057617,0.1039,0.2101,7.435294117647059
171.384,33.651,32.82578659057617,0.1039,0.2101,7.435294117647059
171.434,34.115,32.82578659057617,0.104,0.2101,7.341176470588235
171.484,34.237,32.82578659057617,0.104,0.2101,-7.3882352941176475
171.534,34.31,32.82578659057617,0.104,0.2101,-7.3882352941176475
171.584,34.31,32.82578659057617,0.104,0.2101,-7.576470588235294
171.634,34.383,32.82578659057617,0.104,0.2101,-7.623529411764705
171.684,33.602,32.82578659057617,0.104,0.2101,-7.623529411764705
171.734,33.358,32.82578659057617,0.104,0.2101,-7.623529411764705
171.784,33.211,32.82578659057617,0.104,0.2101,-7.623529411764705
171.834,33.065,32.82578659057617,0.104,0.2101,-7.247058823529412
171.884,32.869,32.82578659057617,0.1039,0.2101,-7.247058823529412
171.934,33.065,32.82578659057617,0.1039,0.2101,-7.152941176470589
171.984,32.576,32.82578659057617,0.1038,0.2101,-7.152941176470589
172.034,32.747,32.82578659057617,0.1038,0.2101,-7.152941176470589
172.084,32.357,32.82578659057617,0.1037,0.2101,-7.152941176470589
172.136,32.308,32.82578659057617,0.1036,0.2101,7.105882352941176
172.185,32.405,32.82578659057617,0.1036,0.2101,7.247058823529412
172.235,32.357,32.82578659057617,0.1036,0.2101,7.247058823529412
172.285,32.625,32.82578659057617,0.1035,0.2101,7.2
172.335,32.918,32.82578659057617,0.1035,0.2101,7.2
172.385,33.26,33.59539031982422,0.1035,0.2101,7.152941176470589
172.435,33.553,33.59539031982422,0.1035,0.2101,-7.105882352941176
172.485,33.407,33.59539031982422,0.1035,0.2101,-7.105882352941176
172.535,33.407,33.59539031982422,0.1035,0.2101,0.0
172.585,33.407,33.59539031982422,0.1035,0.2101,0.0
172.635,33.602,33.59539031982422,0.1035,0.2101,7.152941176470589
172.685,33.455,33.59539031982422,0.1035,0.2101,7.152941176470589
172.735,33.431,33.59539031982422,0.1035,0.2101,7.152941176470589
172.785,33.724,33.59539031982422,0.1035,0.2101,7.105882352941176
172.835,33.724,33.59539031982422,0.1035,0.2101,7.105882352941176
172.885,33.919,33.59539031982422,0.1035,0.2101,-7.105882352941176
172.935,34.09,33.59539031982422,0.1036,0.2101,-7.105882352941176
172.985,34.115,33.59539031982422,0.1036,0.2101,-7.105882352941176
173.035,33.993,33.59539031982422,0.1036,0.2101,-7.247058823529412
173.085,33.748,33.59539031982422,0.1036,0.2101,-7.247058823529412
173.135,33.504,33.59539031982422,0.1037,0.2101,-7.2
173.185,32.943,33.59539031982422,0.1037,0.2101,-7.105882352941176
173.235,33.065,33.59539031982422,0.1037,0.2101,-7.105882352941176
173.285,32.601,33.59539031982422,0.1037,0.2101,7.294117647058823
173.335,32.943,33.59539031982422,0.1037,0.2101,7.294117647058823
173.385,32.796,32.09538650512695,0.1037,0.2101,7.435294117647059
173.435,33.114,32.09538650512695,0.1037,0.2101,7.294117647058823
173.485,33.431,32.09538650512695,0.1038,0.2101,7.294117647058823
173.535,33.797,32.09538650512695,0.1038,0.2101,-7.435294117647059
173.585,33.529,32.09538650512695,0.1038,0.2101,-7.435294117647059
173.635,33.748,32.09538650512695,0.104,0.2101,-7.7176470588235295
173.685,33.724,32.09538650512695,0.1041,0.2101,-7.7176470588235295
173.735,33.333,32.09538650512695,0.1041,0.2101,-7.670588235294118
173.785,32.845,32.09538650512695,0.1041,0.2101,-7.670588235294118
173.835,32.894,32.09538650512695,0.1041,0.2101,-7.529411764705882
173.885,32.601,32.09538650512695,0.1041,0.2101,-7.529411764705882
173.935,32.283,32.09538650512695,0.1041,0.2101,-7.341176470588235
173.985,32.332,32.09538650512695,0.1041,0.2101,-7.341176470588235
174.035,32.088,32.09538650512695,0.1041,0.2101,-7.152941176470589
174.085,31.966,32.09538650512695,0.1041,0.2101,-7.152941176470589
174.137,31.819,32.09538650512695,0.104,0.2101,0.0
174.186,31.844,32.09538650512695,0.104,0.2101,0.0
174.236,32.015,32.09538650512695,0.1039,0.2101,7.152941176470589
174.286,31.917,32.09538650512695,0.1039,0.2101,7.152941176470589
174.336,31.697,32.09538650512695,0.1039,0.2101,7.105882352941176
174.386,31.941,32.15690231323242,0.1038,0.2101,7.105882352941176
174.436,32.381,32.15690231323242,0.1038,0.2101,7.2
174.486,32.552,32.15690231323242,0.1038,0.2101,7.2
174.536,32.869,32.15690231323242,0.1038,0.2101,-7.152941176470589
174.586,32.845,32.15690231323242,0.1037,0.2101,-7.152941176470589
174.636,33.309,32.15690231323242,0.1037,0.2101,-7.341176470588235
174.686,32.527,32.15690231323242,0.1037,0.2101,-7.341176470588235
174.736,32.747,32.15690231323242,0.1037,0.2101,-7.341176470588235
174.786,32.015,32.15690231323242,0.1037,0.2101,-7.2
174.836,31.99,32.15690231323242,0.1035,0.2101,-7.2
174.886,31.77,32.15690231323242,0.1036,0.2101,7.105882352941176
174.936,31.917,32.15690231323242,0.1035,0.2101,7.105882352941176
174.986,31.575,32.15690231323242,0.1034,0.2101,7.105882352941176
175.036,31.966,32.15690231323242,0.1034,0.2101,7.152941176470589
175.086,32.21,32.15690231323242,0.1034,0.2101,7.152941176470589
175.136,32.576,32.15690231323242,0.1034,0.2101,7.152941176470589
175.186,32.772,32.15690231323242,0.1034,0.2101,0.0
175.236,32.845,32.15690231323242,0.1035,0.2101,0.0
175.286,32.869,32.15690231323242,0.1035,0.2101,-7.294117647058823
175.336,32.943,32.15690231323242,0.1035,0.2101,-7.294117647058823
175.386,32.747,33.21714401245117,0.1036,0.2101,-7.341176470588235
175.436,32.869,33.21714401245117,0.1036,0.2101,-7.341176470588235
175.486,32.332,33.21714401245117,0.1038,0.2101,7.247058823529412
175.536,32.283,33.21714401245117,0.1038,0.2101,7.247058823529412
175.586,32.405,33.21714401245117,0.1038,0.2101,7.3882352941176475
175.636,32.625,33.21714401245117,0.1039,0.2101,7.3882352941176475
175.686,32.845,33.21714401245117,0.1039,0.2101,7.341176470588235
175.736,32.943,33.21714401245117,0.104,0.2101,7.341176470588235
175.786,33.529,33.21714401245117,0.104,0.2101,7.2
175.836,33.309,33.21714401245117,0.104,0.2101,7.2
175.886,33.651,33.21714401245117,0.104,0.2101,-7.152941176470589
175.936,33.651,33.21714401245117,0.104,0.2101,-7.105882352941176
175.986,33.382,33.21714401245117,0.104,0.2101,-7.105882352941176
176.036,33.602,33.21714401245117,0.104,0.2101,-7.2
176.086,33.211,33.21714401245117,0.104,0.2101,-7.2
176.138,33.114,33.21714401245117,0.1039,0.2101,-7.2
176.187,32.723,33.21714401245117,0.1039,0.2101,0.0
176.237,32.698,33.21714401245117,0.1038,0.2101,0.0
176.287,32.552,33.21714401245117,0.1038,0.2101,7.247058823529412
176.337,32.527,33.21714401245117,0.1036,0.2101,7.247058823529412
176.387,32.894,33.35087585449219,0.1036,0.2101,7.294117647058823
176.437,33.016,33.35087585449219,0.1036,0.2101,7.341176470588235
176.487,33.187,33.35087585449219,0.1036,0.2101,7.341176470588235
176.537,33.578,33.35087585449219,0.1036,0.2101,7.2
176.587,33.797,33.35087585449219,0.1036,0.2101,7.2
176.637,33.993,33.35087585449219,0.1036,0.2101,-7.152941176470589
176.687,34.115,33.35087585449219,0.1036,0.2101,-7.247058823529412
176.737,34.237,33.35087585449219,0.1036,0.2101,-7.247058823529412
176.787,33.846,33.35087585449219,0.1036,0.2101,-7.341176470588235
176.837,33.7,33.35087585449219,0.1036,0.2101,-7.341176470588235
176.887,33.553,33.35087585449219,0.1036,0.2101,-7.247058823529412
176.937,33.138,33.35087585449219,0.1036,0.2101,-7.2
176.987,32.991,33.35087585449219,0.1036,0.2101,-7.2
177.037,32.796,33.35087585449219,0.1036,0.2101,7.152941176470589
177.087,32.625,33.35087585449219,0.1036,0.2101,7.2
177.137,32.698,33.35087585449219,0.1036,0.2101,7.2
177.187,32.918,33.35087585449219,0.1036,0.2101,7.341176470588235
177.237,33.382,33.35087585449219,0.1036,0.2101,7.341176470588235
177.287,33.748,33.35087585449219,0.1036,0.2101,7.2
177.337,33.822,33.35087585449219,0.1036,0.2101,7.2
177.387,33.822,32.61920166015625,0.1036,0.2101,-7.2
177.437,34.09,32.61920166015625,0.1036,0.2101,-7.2
177.487,34.066,32.61920166015625,0.1037,0.2101,-7.529411764705882
177.537,33.944,32.61920166015625,0.1037,0.2101,-7.529411764705882
177.587,33.578,32.61920166015625,0.1037,0.2101,-7.623529411764705
177.637,33.626,32.61920166015625,0.1038,0.2101,-7.576470588235294
177.687,33.016,32.61920166015625,0.1038,0.2101,-7.576470588235294
177.737,33.089,32.61920166015625,0.1038,0.2101,-7.435294117647059
177.787,32.698,32.61920166015625,0.1038,0.2101,-7.435294117647059
177.837,32.576,32.61920166015625,0.1038,0.2101,-7.247058823529412
177.887,32.381,32.61920166015625,0.1038,0.2101,-7.247058823529412
177.937,32.259,32.61920166015625,0.1039,0.2101,0.0
177.987,32.234,32.61920166015625,0.1039,0.2101,0.0
178.037,29.67,32.61920166015625,0.1039,0.2101,7.2
178.087,32.332,32.61920166015625,0.1039,0.2101,7.2
178.139,31.941,32.61920166015625,0.1039,0.2101,7.152941176470589
178.188,32.698,32.61920166015625,0.1039,0.2101,7.152941176470589
178.238,32.967,32.61920166015625,0.1039,0.2101,7.152941176470589
178.288,33.04,32.61920166015625,0.1038,0.2101,-7.105882352941176
178.338,32.967,32.61920166015625,0.1039,0.2101,-7.105882352941176
178.388,33.089,31.119203567504883,0.1039,0.2101,-7.2
178.438,32.943,31.119203567504883,0.1039,0.2101,-7.2
178.488,32.674,31.119203567504883,0.1039,0.2101,-7.2
178.538,32.723,31.119203567504883,0.1038,0.2101,-7.764705882352941
178.588,32.259,31.119203567504883,0.1038,0.2101,-7.764705882352941
178.638,32.088,31.119203567504883,0.1038,0.2101,-7.670588235294118
178.688,31.868,31.119203567504883,0.1038,0.2101,-7.670588235294118
178.738,31.477,31.119203567504883,0.1037,0.2101,-7.435294117647059
178.788,31.673,31.119203567504883,0.1038,0.2101,-7.435294117647059
178.838,31.331,31.119203567504883,0.1037,0.2101,-7.2
178.888,31.233,31.119203567504883,0.1036,0.2101,-7.247058823529412
178.938,31.111,31.119203567504883,0.1036,0.2101,-7.247058823529412
178.988,30.965,31.119203567504883,0.1036,0.2101,-7.105882352941176
179.038,30.891,31.119203567504883,0.1036,0.2101,-7.105882352941176
179.088,30.867,31.119203567504883,0.1036,0.2101,7.105882352941176
179.138,30.745,31.119203567504883,0.1036,0.2101,7.152941176470589
179.188,30.574,31.119203567504883,0.1036,0.2101,7.152941176470589
179.238,30.916,31.119203567504883,0.1036,0.2101,7.2
179.288,31.258,31.119203567504883,0.1036,0.2101,7.2
179.338,31.38,31.119203567504883,0.1036,0.2101,7.152941176470589
179.388,31.697,32.03109359741211,0.1036,0.2101,-7.105882352941176
179.438,31.38,32.03109359741211,0.1036,0.2101,-7.105882352941176
179.488,31.77,32.03109359741211,0.1037,0.2101,7.2
179.538,31.795,32.03109359741211,0.1036,0.2101,7.2
179.588,31.795,32.03109359741211,0.1036,0.2101,7.152941176470589
179.638,32.039,32.03109359741211,0.1037,0.2101,7.152941176470589
179.688,32.234,32.03109359741211,0.1037,0.2101,7.152941176470589
179.738,32.43,32.03109359741211,0.1037,0.2101,0.0
179.788,32.454,32.03109359741211,0.1037,0.2101,0.0
179.838,32.625,32.03109359741211,0.1037,0.2101,-7.2
179.888,32.405,32.03109359741211,0.1037,0.2101,-7.2
179.938,32.381,32.03109359741211,0.1037,0.2101,-7.2
179.988,32.234,32.03109359741211,0.1037,0.2101,-7.2
180.038,31.746,32.03109359741211,0.1037,0.2101,-7.2
180.088,31.673,32.03109359741211,0.1037,0.2101,-7.152941176470589
180.14,31.453,32.03109359741211,0.1037,0.2101,7.152941176470589
180.189,31.331,32.03109359741211,0.1038,0.2101,7.152941176470589
180.239,31.502,32.03109359741211,0.1038,0.2101,7.294117647058823
180.289,31.502,32.03109359741211,0.1039,0.2101,7.294117647058823
180.339,31.966,32.03109359741211,0.1039,0.2101,7.247058823529412
180.389,32.259,31.519737243652344,0.1039,0.2101,7.247058823529412
180.439,32.503,31.519737243652344,0.1039,0.2101,7.247058823529412
180.489,32.772,31.519737243652344,0.1039,0.2101,-7.341176470588235
180.539,32.845,31.519737243652344,0.104,0.2101,-7.341176470588235
180.589,32.723,31.519737243652344,0.104,0.2101,-7.529411764705882
180.639,32.552,31.519737243652344,0.104,0.2101,-7.576470588235294
180.689,32.137,31.519737243652344,0.104,0.2101,-7.576470588235294
180.739,32.234,31.519737243652344,0.104,0.2101,-7.435294117647059
180.789,31.722,31.519737243652344,0.104,0.2101,-7.435294117647059
180.839,31.551,31.519737243652344,0.1039,0.2101,-7.341176470588235
180.889,31.306,31.519737243652344,0.1039,0.2101,-7.152941176470589
180.939,31.233,31.519737243652344,0.1038,0.2101,-7.152941176470589
180.989,30.965,31.519737243652344,0.1037,0.2101,7.152941176470589
181.039,31.233,31.519737243652344,0.1037,0.2101,7.152941176470589
181.089,31.062,31.519737243652344,0.1035,0.2101,7.247058823529412
181.139,31.331,31.519737243652344,0.1035,0.2101,7.247058823529412
181.189,31.575,31.519737243652344,0.1035,0.2101,7.247058823529412
181.239,32.381,31.519737243652344,0.1035,0.2101,7.247058823529412
181.289,32.234,31.519737243652344,0.1035,0.2101,0.0
181.339,32.796,31.519737243652344,0.1037,0.2101,-7.3882352941176475
181.389,31.917,33.01974105834961,0.1037,0.2101,-7.3882352941176475
181.439,31.893,33.01974105834961,0.1035,0.2101,-7.529411764705882
181.489,31.526,33.01974105834961,0.1035,0.2101,-7.529411764705882
181.539,31.526,33.01974105834961,0.1037,0.2101,7.482352941176471
181.589,31.282,33.01974105834961,0.1035,0.2101,7.482352941176471
181.639,31.648,33.01974105834961,0.1035,0.2101,7.623529411764705
181.689,31.941,33.01974105834961,0.1035,0.2101,7.623529411764705
181.739,32.112,33.01974105834961,0.1037,0.2101,7.576470588235294
181.789,32.527,33.01974105834961,0.1037,0.2101,7.576470588235294
181.839,33.089,33.01974105834961,0.1037,0.2101,7.3882352941176475
181.889,33.211,33.01974105834961,0.1036,0.2101,7.247058823529412
181.939,33.211,33.01974105834961,0.1036,0.2101,7.247058823529412
181.989,33.358,33.01974105834961,0.1036,0.2101,-7.152941176470589
182.039,33.48,33.01974105834961,0.1036,0.2101,-7.152941176470589
182.089,33.455,33.01974105834961,0.1036,0.2101,-7.2
182.141,32.991,33.01974105834961,0.1036,0.2101,-7.247058823529412
182.19,32.698,33.01974105834961,0.1036,0.2101,-7.247058823529412
182.24,32.674,33.01974105834961,0.1036,0.2101,0.0
182.29,32.65,33.01974105834961,0.1036,0.2101,0.0
182.34,32.625,33.01974105834961,0.1036,0.2101,7.2
182.39,32.625,31.519737243652344,0.1036,0.2101,7.2
182.44,32.674,31.519737243652344,0.1036,0.2101,7.2
182.49,33.26,31.519737243652344,0.1036,0.2101,-7.482352941176471
182.54,32.625,31.519737243652344,0.1036,0.2101,-7.482352941176471
182.59,32.918,31.519737243652344,0.1036,0.2101,-7.7176470588235295
182.64,32.674,31.519737243652344,0.1036,0.2101,-7.7176470588235295
182.69,32.063,31.519737243652344,0.1037,0.2101,-7.576470588235294
182.74,32.186,31.519737243652344,0.1038,0.2101,-7.576470588235294
182.79,31.917,31.519737243652344,0.1038,0.2101,-7.247058823529412
182.84,31.746,31.519737243652344,0.1038,0.2101,-7.247058823529412
182.89,31.77,31.519737243652344,0.1039,0.2101,-7.2
182.94,31.502,31.519737243652344,0.1039,0.2101,-7.2
182.99,31.575,31.519737243652344,0.1039,0.2101,-7.152941176470589
183.04,31.111,31.519737243652344,0.1039,0.2101,-7.152941176470589
183.09,31.258,31.519737243652344,0.1039,0.2101,0.0
183.14,31.16,31.519737243652344,0.1039,0.2101,7.2
183.19,31.209,31.519737243652344,0.1039,0.2101,7.2
183.24,31.111,31.519737243652344,0.1039,0.2101,7.2
183.29,31.38,31.519737243652344,0.1039,0.2101,7.2
183.34,31.844,31.519737243652344,0.1039,0.2101,7.2
183.39,31.893,31.40837860107422,0.1039,0.2101,7.2
183.44,32.43,31.40837860107422,0.1039,0.2101,-7.2
183.49,32.283,31.40837860107422,0.1038,0.2101,-7.2
183.54,32.186,31.40837860107422,0.1037,0.2101,-7.435294117647059
183.59,31.917,31.40837860107422,0.1037,0.2101,-7.435294117647059
183.64,32.137,31.40837860107422,0.1037,0.2101,-7.341176470588235
183.69,31.453,31.40837860107422,0.1037,0.2101,-7.341176470588235
183.74,31.184,31.40837860107422,0.1037,0.2101,-7.341176470588235
183.79,31.136,31.40837860107422,0.1036,0.2101,-7.341176470588235
183.84,31.184,31.40837860107422,0.1035,0.2101,7.152941176470589
183.89,30.891,31.40837860107422,0.1035,0.2101,7.152941176470589
183.94,31.111,31.40837860107422,0.1035,0.2101,7.152941176470589
183.99,31.355,31.40837860107422,0.1035,0.2101,7.152941176470589
184.04,31.306,31.40837860107422,0.1035,0.2101,7.152941176470589
184.09,31.893,31.40837860107422,0.1035,0.2101,0.0
184.142,31.941,31.40837860107422,0.1035,0.2101,-7.247058823529412
184.191,31.917,31.40837860107422,0.1035,0.2101,-7.247058823529412
184.241,32.137,31.40837860107422,0.1035,0.2101,-7.247058823529412
184.291,31.404,31.40837860107422,0.1035,0.2101,-7.247058823529412
184.341,31.77,31.40837860107422,0.1035,0.2101,-7.341176470588235
184.391,30.989,32.90837860107422,0.1036,0.2101,-7.341176470588235
184.441,31.062,32.90837860107422,0.1037,0.2101,-7.2
184.491,30.842,32.90837860107422,0.1038,0.2101,-7.2
184.541,30.745,32.90837860107422,0.1038,0.2101,7.764705882352941
184.591,30.745,32.90837860107422,0.1038,0.2101,7.858823529411764
184.641,30.891,32.90837860107422,0.1038,0.2101,7.858823529411764
184.691,31.404,32.90837860107422,0.1038,0.2101,7.858823529411764
184.741,31.6,32.90837860107422,0.1038,0.2101,7.858823529411764
184.791,31.917,32.90837860107422,0.1038,0.2101,7.623529411764705
184.841,32.259,32.90837860107422,0.1038,0.2101,7.529411764705882
184.891,32.283,32.90837860107422,0.1038,0.2101,7.529411764705882
184.941,32.918,32.90837860107422,0.1038,0.2101,7.294117647058823
184.991,33.04,32.90837860107422,0.1038,0.2101,7.294117647058823
185.041,33.138,32.90837860107422,0.1039,0.2101,0.0
185.091,33.016,32.90837860107422,0.1039,0.2101,-7.105882352941176
185.141,32.869,32.90837860107422,0.1039,0.2101,-7.105882352941176
185.191,32.698,32.90837860107422,0.1039,0.2101,-7.105882352941176
185.241,33.114,32.90837860107422,0.1039,0.2101,-7.105882352941176
185.291,32.796,32.90837860107422,0.1039,0.2101,7.152941176470589
185.341,32.674,32.90837860107422,0.1039,0.2101,-7.152941176470589
185.391,32.747,31.40837860107422,0.1038,0.2101,-7.152941176470589
185.441,32.137,31.40837860107422,0.1038,0.2101,7.152941176470589
185.491,32.454,31.40837860107422,0.1037,0.2101,7.152941176470589
185.541,32.552,31.40837860107422,0.1037,0.2101,-7.341176470588235
185.591,32.308,31.40837860107422,0.1036,0.2101,-7.435294117647059
185.641,32.479,31.40837860107422,0.1036,0.2101,-7.435294117647059
185.691,32.503,31.40837860107422,0.1036,0.2101,-7.3882352941176475
185.741,32.21,31.40837860107422,0.1036,0.2101,-7.3882352941176475
185.791,31.624,31.40837860107422,0.1035,0.2101,-7.482352941176471
185.841,31.77,31.40837860107422,0.1035,0.2101,-7.341176470588235
185.891,31.453,31.40837860107422,0.1035,0.2101,-7.341176470588235
185.941,31.404,31.40837860107422,0.1035,0.2101,-7.2
185.991,31.209,31.40837860107422,0.1036,0.2101,-7.2
186.041,31.111,31.40837860107422,0.1036,0.2101,0.0
186.091,31.136,31.40837860107422,0.1036,0.2101,7.152941176470589
186.143,31.062,31.40837860107422,0.1036,0.2101,7.152941176470589
186.192,31.258,31.40837860107422,0.1037,0.2101,7.152941176470589
186.242,31.38,31.40837860107422,0.1037,0.2101,7.152941176470589
186.292,31.868,31.40837860107422,0.1037,0.2101,7.105882352941176
186.342,31.941,31.40837860107422,0.1037,0.2101,0.0
186.392,31.941,31.784332275390625,0.1037,0.2101,0.0
186.442,32.015,31.784332275390625,0.1037,0.2101,-7.247058823529412
186.492,31.844,31.784332275390625,0.1037,0.2101,-7.247058823529412
186.542,31.917,31.784332275390625,0.1037,0.2101,-7.152941176470589
186.592,31.575,31.784332275390625,0.1038,0.2101,0.0
186.642,31.551,31.784332275390625,0.1037,0.2101,0.0
186.692,31.526,31.784332275390625,0.1037,0.2101,7.152941176470589
186.742,31.551,31.784332275390625,0.1037,0.2101,7.152941176470589
186.792,31.673,31.784332275390625,0.1037,0.2101,7.152941176470589
186.842,32.039,31.784332275390625,0.1037,0.2101,7.152941176470589
186.892,32.088,31.784332275390625,0.1038,0.2101,7.152941176470589
186.942,32.43,31.784332275390625,0.1037,0.2101,-7.152941176470589
186.992,32.43,31.784332275390625,0.1037,0.2101,-7.152941176470589
187.042,32.552,31.784332275390625,0.1037,0.2101,-7.294117647058823
187.092,32.015,31.784332275390625,0.1037,0.2101,-7.294117647058823
187.142,32.088,31.784332275390625,0.1036,0.2101,-7.294117647058823
187.192,31.6,31.784332275390625,0.1035,0.2101,-7.152941176470589
187.242,31.917,31.784332275390625,0.1035,0.2101,-7.152941176470589
187.292,30.989,31.784332275390625,0.1036,0.2101,7.105882352941176
187.342,31.258,31.784332275390625,0.1036,0.2101,-7.105882352941176
187.392,31.282,30.99881935119629,0.1036,0.2101,-7.105882352941176
187.442,31.282,30.99881935119629,0.1036,0.2101,7.247058823529412
187.492,31.013,30.99881935119629,0.1038,0.2101,7.247058823529412
187.542,31.306,30.99881935119629,0.1038,0.2101,-7.152941176470589
187.592,31.184,30.99881935119629,0.1039,0.2101,0.0
187.642,31.209,30.99881935119629,0.1039,0.2101,0.0
187.692,30.916,30.99881935119629,0.1039,0.2101,-7.105882352941176
187.742,31.209,30.99881935119629,0.1039,0.2101,-7.105882352941176
187.792,30.989,30.99881935119629,0.1039,0.2101,7.105882352941176
187.842,31.209,30.99881935119629,0.1039,0.2101,7.105882352941176
187.892,31.16,30.99881935119629,0.1039,0.2101,0.0
187.942,31.16,30.99881935119629,0.1039,0.2101,0.0
187.992,31.16,30.99881935119629,0.1039,0.2101,-7.105882352941176
188.042,31.233,30.99881935119629,0.1039,0.2101,-7.105882352941176
188.092,30.94,30.99881935119629,0.1039,0.2101,-7.105882352941176
188.144,31.013,30.99881935119629,0.1038,0.2101,-7.105882352941176
188.193,30.794,30.99881935119629,0.1038,0.2101,0.0
188.243,30.769,30.99881935119629,0.1037,0.2101,0.0
188.293,30.696,30.99881935119629,0.1037,0.2101,7.152941176470589
188.343,30.72,30.99881935119629,0.1037,0.2101,7.152941176470589
188.393,30.696,31.666786193847656,0.1037,0.2101,7.152941176470589
188.443,31.111,31.666786193847656,0.1037,0.2101,7.152941176470589
188.493,31.306,31.666786193847656,0.1037,0.2101,7.152941176470589
188.543,31.575,31.666786193847656,0.1037,0.2101,7.247058823529412
188.593,31.844,31.666786193847656,0.1037,0.2101,7.247058823529412
188.643,31.941,31.666786193847656,0.1037,0.2101,7.105882352941176
188.693,32.357,31.666786193847656,0.1037,0.2101,7.105882352941176
188.743,32.601,31.666786193847656,0.1037,0.2101,-7.152941176470589
188.793,32.283,31.666786193847656,0.1037,0.2101,-7.341176470588235
188.843,32.552,31.666786193847656,0.1038,0.2101,-7.341176470588235
188.893,32.112,31.666786193847656,0.1038,0.2101,-7.294117647058823
188.943,31.917,31.666786193847656,0.1038,0.2101,-7.294117647058823
188.993,31.746,31.666786193847656,0.1038,0.2101,-7.247058823529412
189.043,31.673,31.666786193847656,0.1038,0.2101,-7.152941176470589
189.093,31.306,31.666786193847656,0.1037,0.2101,-7.152941176470589
189.143,31.136,31.666786193847656,0.1037,0.2101,0.0
189.193,31.136,31.666786193847656,0.1037,0.2101,0.0
189.243,31.306,31.666786193847656,0.1037,0.2101,7.247058823529412
189.293,31.136,31.666786193847656,0.1037,0.2101,7.247058823529412
189.343,31.233,31.666786193847656,0.1037,0.2101,7.2
189.393,31.6,32.46257781982422,0.1037,0.2101,7.2
189.443,31.746,32.46257781982422,0.1037,0.2101,7.2
189.493,31.966,32.46257781982422,0.1037,0.2101,7.2
189.543,32.332,32.46257781982422,0.1037,0.2101,7.341176470588235
189.593,32.454,32.46257781982422,0.1037,0.2101,7.341176470588235
189.643,32.698,32.46257781982422,0.1037,0.2101,7.105882352941176
189.693,32.723,32.46257781982422,0.1037,0.2101,7.105882352941176
189.743,33.089,32.46257781982422,0.1037,0.2101,-7.152941176470589
189.793,32.991,32.46257781982422,0.1038,0.2101,-7.152941176470589
189.843,33.089,32.46257781982422,0.1038,0.2101,-7.294117647058823
189.893,33.114,32.46257781982422,0.1038,0.2101,-7.294117647058823
189.943,32.796,32.46257781982422,0.1038,0.2101,-7.294117647058823
189.993,32.088,32.46257781982422,0.1038,0.2101,-7.294117647058823
190.043,32.088,32.46257781982422,0.1037,0.2101,-7.2
190.093,31.795,32.46257781982422,0.1037,0.2101,7.2
190.145,31.77,32.46257781982422,0.1037,0.2101,7.2
190.194,32.039,32.46257781982422,0.1037,0.2101,7.294117647058823
190.244,32.015,32.46257781982422,0.1037,0.2101,7.294117647058823
190.294,32.21,32.46257781982422,0.1037,0.2101,7.2
190.344,32.381,32.46257781982422,0.1037,0.2101,7.2
190.394,32.576,31.184261322021484,0.1037,0.2101,7.152941176470589
190.444,32.943,31.184261322021484,0.1037,0.2101,7.152941176470589
190.494,33.309,31.184261322021484,0.1037,0.2101,-7.576470588235294
190.544,33.358,31.184261322021484,0.1037,0.2101,-7.7176470588235295
190.594,33.162,31.184261322021484,0.1037,0.2101,-7.7176470588235295
190.644,33.089,31.184261322021484,0.1037,0.2101,-7.858823529411764
190.694,32.625,31.184261322021484,0.1037,0.2101,-7.858823529411764
190.744,32.308,31.184261322021484,0.1037,0.2101,-7.764705882352941
190.794,31.966,31.184261322021484,0.1037,0.2101,-7.623529411764705
190.844,32.039,31.184261322021484,0.1037,0.2101,-7.623529411764705
190.894,31.184,31.184261322021484,0.1037,0.2101,-7.341176470588235
190.944,31.6,31.184261322021484,0.1037,0.2101,-7.341176470588235
190.994,31.209,31.184261322021484,0.1036,0.2101,0.0
191.044,31.233,31.184261322021484,0.1036,0.2101,-7.2
191.094,31.184,31.184261322021484,0.1036,0.2101,-7.2
191.144,31.062,31.184261322021484,0.1036,0.2101,0.0
191.194,31.087,31.184261322021484,0.1036,0.2101,0.0
191.244,31.306,31.184261322021484,0.1036,0.2101,7.105882352941176
191.294,31.062,31.184261322021484,0.1036,0.2101,7.105882352941176
191.344,31.013,31.184261322021484,0.1036,0.2101,-7.105882352941176
191.394,30.94,31.628799438476562,0.1036,0.2101,-7.105882352941176
191.444,31.111,31.628799438476562,0.1036,0.2101,7.105882352941176
191.494,31.184,31.628799438476562,0.1037,0.2101,7.105882352941176
191.544,31.062,31.628799438476562,0.1038,0.2101,7.247058823529412
191.594,31.404,31.628799438476562,0.1038,0.2101,7.247058823529412
191.644,31.429,31.628799438476562,0.1038,0.2101,7.294117647058823
191.694,31.722,31.628799438476562,0.1038,0.2101,7.294117647058823
191.744,32.234,31.628799438476562,0.1038,0.2101,7.152941176470589
191.794,31.941,31.628799438476562,0.1038,0.2101,-7.105882352941176
191.844,32.65,31.628799438476562,0.1038,0.2101,-7.105882352941176
191.894,32.479,31.628799438476562,0.1038,0.2101,-7.152941176470589
191.944,32.21,31.628799438476562,0.1037,0.2101,-7.152941176470589
191.994,31.966,31.628799438476562,0.1037,0.2101,-7.3882352941176475
192.044,32.112,31.628799438476562,0.1037,0.2101,-7.294117647058823
192.094,31.087,31.628799438476562,0.1036,0.2101,-7.294117647058823
192.146,31.136,31.628799438476562,0.1037,0.2101,-7.247058823529412
192.195,31.306,31.628799438476562,0.1037,0.2101,-7.247058823529412
192.245,30.647,31.628799438476562,0.1035,0.2101,7.247058823529412
192.295,31.087,31.628799438476562,0.1035,0.2101,7.2
192.345,31.062,31.628799438476562,0.1035,0.2101,7.2
192.395,31.258,30.634849548339844,0.1037,0.2101,7.247058823529412
192.445,31.673,30.634849548339844,0.1037,0.2101,7.247058823529412
192.495,31.893,30.634849548339844,0.1037,0.2101,-7.294117647058823
192.545,31.966,30.634849548339844,0.1038,0.2101,-7.435294117647059
192.595,31.893,30.634849548339844,0.1038,0.2101,-7.435294117647059
192.645,31.673,30.634849548339844,0.1038,0.2101,-7.576470588235294
192.695,31.258,30.634849548339844,0.1038,0.2101,-7.576470588235294
192.745,31.404,30.634849548339844,0.1038,0.2101,-7.435294117647059
192.795,30.965,30.634849548339844,0.1038,0.2101,-7.294117647058823
192.845,30.842,30.634849548339844,0.1038,0.2101,-7.294117647058823
192.895,30.647,30.634849548339844,0.1037,0.2101,-7.2
192.945,30.867,30.634849548339844,0.1037,0.2101,-7.2
192.995,30.354,30.634849548339844,0.1037,0.2101,0.0
193.045,30.476,30.634849548339844,0.1037,0.2101,-7.152941176470589
193.095,30.379,30.634849548339844,0.1037,0.2101,-7.152941176470589
193.145,30.549,30.634849548339844,0.1037,0.2101,7.105882352941176
193.195,30.208,30.634849548339844,0.1037,0.2101,7.105882352941176
193.245,30.232,30.634849548339844,0.1037,0.2101,7.105882352941176
193.295,30.305,30.634849548339844,0.1037,0.2101,7.105882352941176
193.345,30.72,30.634849548339844,0.1037,0.2101,7.2
193.395,30.891,32.134849548339844,0.1037,0.2101,7.2
193.445,31.209,32.134849548339844,0.1037,0.2101,-7.105882352941176
193.495,31.258,32.134849548339844,0.1038,0.2101,-7.105882352941176
193.545,31.282,32.134849548339844,0.1038,0.2101,7.3882352941176475
193.595,31.038,32.134849548339844,0.1038,0.2101,7.3882352941176475
193.645,31.136,32.134849548339844,0.1038,0.2101,7.3882352941176475
193.695,31.551,32.134849548339844,0.1038,0.2101,7.3882352941176475
193.745,31.917,32.134849548339844,0.1038,0.2101,7.435294117647059
193.795,32.063,32.134849548339844,0.1038,0.2101,7.294117647058823
193.845,32.381,32.134849548339844,0.1038,0.2101,7.294117647058823
193.895,32.576,32.134849548339844,0.1037,0.2101,7.105882352941176
193.945,32.527,32.134849548339844,0.1037,0.2101,7.105882352941176
193.995,32.869,32.134849548339844,0.1036,0.2101,-7.247058823529412
194.045,32.967,32.134849548339844,0.1036,0.2101,-7.2
194.095,32.796,32.134849548339844,0.1036,0.2101,-7.2
194.147,32.43,32.134849548339844,0.1036,0.2101,-7.3882352941176475
194.196,32.576,32.134849548339844,0.1036,0.2101,-7.3882352941176475
194.246,32.552,32.134849548339844,0.1036,0.2101,-7.152941176470589
194.296,31.941,32.134849548339844,0.1036,0.2101,-7.152941176470589
194.346,31.697,32.134849548339844,0.1036,0.2101,-7.2
194.396,31.502,31.751758575439453,0.1036,0.2101,-7.2
194.446,31.502,31.751758575439453,0.1036,0.2101,7.247058823529412
194.496,31.258,31.751758575439453,0.1037,0.2101,7.152941176470589
194.546,31.746,31.751758575439453,0.1037,0.2101,7.152941176470589
194.596,31.746,31.751758575439453,0.1037,0.2101,7.247058823529412
194.646,31.6,31.751758575439453,0.1037,0.2101,7.247058823529412
194.696,32.234,31.751758575439453,0.1038,0.2101,0.0
194.746,32.234,31.751758575439453,0.1038,0.2101,0.0
194.796,32.381,31.751758575439453,0.1038,0.2101,-7.247058823529412
194.846,32.112,31.751758575439453,0.1038,0.2101,-7.247058823529412
194.896,32.21,31.751758575439453,0.1038,0.2101,-7.294117647058823
194.946,31.941,31.751758575439453,0.1038,0.2101,-7.294117647058823
194.996,31.624,31.751758575439453,0.1038,0.2101,-7.247058823529412
195.046,31.502,31.751758575439453,0.1038,0.2101,-7.152941176470589
195.096,30.989,31.751758575439453,0.1038,0.2101,-7.152941176470589
195.146,31.087,31.751758575439453,0.1039,0.2101,7.152941176470589
195.196,31.16,31.751758575439453,0.1039,0.2101,7.152941176470589
195.246,31.355,31.751758575439453,0.1039,0.2101,7.294117647058823
195.296,31.355,31.751758575439453,0.1039,0.2101,7.294117647058823
195.346,31.306,31.751758575439453,0.1038,0.2101,7.294117647058823
195.396,31.746,32.18025207519531,0.1038,0.2101,7.2
195.446,32.234,32.18025207519531,0.1038,0.2101,7.2
195.496,32.503,32.18025207519531,0.1038,0.2101,7.2
195.546,32.674,32.18025207519531,0.1038,0.2101,0.0
195.596,32.698,32.18025207519531,0.1038,0.2101,0.0
195.646,32.772,32.18025207519531,0.1038,0.2101,-7.247058823529412
195.696,32.625,32.18025207519531,0.1038,0.2101,-7.247058823529412
195.746,32.821,32.18025207519531,0.1038,0.2101,-7.294117647058823
195.796,32.088,32.18025207519531,0.1037,0.2101,-7.294117647058823
195.846,32.112,32.18025207519531,0.1037,0.2101,-7.294117647058823
195.896,31.795,32.18025207519531,0.1036,0.2101,-7.294117647058823
195.946,31.697,32.18025207519531,0.1036,0.2101,7.105882352941176
195.996,31.453,32.18025207519531,0.1036,0.2101,7.2
196.046,31.697,32.18025207519531,0.1035,0.2101,7.2
196.096,31.917,32.18025207519531,0.1035,0.2101,7.341176470588235
196.148,32.161,32.18025207519531,0.1034,0.2101,7.341176470588235
196.197,32.186,32.18025207519531,0.1034,0.2101,7.152941176470589
196.247,32.698,32.18025207519531,0.1034,0.2101,0.0
196.297,32.723,32.18025207519531,0.1034,0.2101,0.0
196.347,32.747,32.18025207519531,0.1035,0.2101,-7.247058823529412
196.397,32.65,30.76299476623535,0.1035,0.2101,-7.247058823529412
196.447,32.698,30.76299476623535,0.1036,0.2101,-7.294117647058823
196.497,32.43,30.76299476623535,0.1037,0.2101,-7.764705882352941
196.547,32.503,30.76299476623535,0.1037,0.2101,-7.764705882352941
196.597,31.966,30.76299476623535,0.1038,0.2101,-7.670588235294118
196.647,31.624,30.76299476623535,0.1038,0.2101,-7.670588235294118
196.697,31.624,30.76299476623535,0.1038,0.2101,-7.529411764705882
196.747,31.233,30.76299476623535,0.1038,0.2101,-7.3882352941176475
196.797,31.038,30.76299476623535,0.1039,0.2101,-7.3882352941176475
196.847,31.16,30.76299476623535,0.1039,0.2101,-7.247058823529412
196.897,30.818,30.76299476623535,0.1039,0.2101,-7.247058823529412
196.947,30.769,30.76299476623535,0.1039,0.2101,-7.2
196.997,30.598,30.76299476623535,0.1039,0.2101,0.0
197.047,30.672,30.76299476623535,0.1039,0.2101,0.0
197.097,30.623,30.76299476623535,0.1039,0.2101,7.105882352941176
197.147,30.208,30.76299476623535,0.1039,0.2101,7.105882352941176
197.197,30.696,30.76299476623535,0.1039,0.2101,7.105882352941176
197.247,31.038,30.76299476623535,0.1039,0.2101,7.247058823529412
197.297,31.111,30.76299476623535,0.1039,0.2101,7.247058823529412
197.347,31.331,30.76299476623535,0.1039,0.2101,-7.152941176470589
197.397,31.404,32.26299285888672,0.1039,0.2101,-7.152941176470589
197.447,31.551,32.26299285888672,0.104,0.2101,-7.294117647058823
197.497,31.136,32.26299285888672,0.104,0.2101,7.3882352941176475
197.547,31.038,32.26299285888672,0.1039,0.2101,7.3882352941176475
197.597,31.258,32.26299285888672,0.1039,0.2101,7.482352941176471
197.647,31.477,32.26299285888672,0.1039,0.2101,7.482352941176471
197.697,31.673,32.26299285888672,0.1038,0.2101,7.435294117647059
197.747,32.161,32.26299285888672,0.1037,0.2101,7.341176470588235
197.797,32.063,32.26299285888672,0.1036,0.2101,7.341176470588235
197.847,32.576,32.26299285888672,0.1036,0.2101,7.105882352941176
197.897,32.698,32.26299285888672,0.1036,0.2101,7.105882352941176
197.947,32.869,32.26299285888672,0.1035,0.2101,-7.2
197.997,32.723,32.26299285888672,0.1035,0.2101,-7.2
198.047,33.065,32.26299285888672,0.1035,0.2101,-7.2
198.097,32.601,32.26299285888672,0.1035,0.2101,-7.247058823529412
198.149,32.259,32.26299285888672,0.1035,0.2101,-7.2
198.198,31.819,32.26299285888672,0.1035,0.2101,-7.2
198.248,31.844,32.26299285888672,0.1035,0.2101,0.0
198.298,31.868,32.26299285888672,0.1035,0.2101,0.0
198.348,31.941,32.26299285888672,0.1035,0.2101,7.2
198.398,31.893,33.052032470703125,0.1035,0.2101,7.2
198.448,32.039,33.052032470703125,0.1035,0.2101,7.2
198.498,32.112,33.052032470703125,0.1035,0.2101,7.482352941176471
198.548,32.21,33.052032470703125,0.1035,0.2101,7.482352941176471
198.598,32.869,33.052032470703125,0.1036,0.2101,7.435294117647059
198.648,33.187,33.052032470703125,0.1036,0.2101,7.435294117647059
198.698,33.187,33.052032470703125,0.1036,0.2101,7.105882352941176
198.748,33.48,33.052032470703125,0.1037,0.2101,-7.105882352941176
198.798,33.04,33.052032470703125,0.1037,0.2101,-7.105882352941176
198.848,33.578,33.052032470703125,0.1037,0.2101,-7.2
198.898,33.114,33.052032470703125,0.1038,0.2101,0.0
198.948,33.114,33.052032470703125,0.1038,0.2101,0.0
198.998,33.114,33.052032470703125,0.1039,0.2101,0.0
199.048,33.089,33.052032470703125,0.1039,0.2101,0.0
199.098,33.114,33.052032470703125,0.1039,0.2101,0.0
199.148,33.114,33.052032470703125,0.1039,0.2101,0.0
199.198,33.114,33.052032470703125,0.1039,0.2101,0.0
199.248,33.114,33.052032470703125,0.1039,0.2101,0.0
199.298,33.114,33.052032470703125,0.1039,0.2101,0.0
199.348,33.089,33.052032470703125,0.1039,0.2101,0.0
199.398,33.089,31.593570709228516,0.1039,0.2101,0.0
199.448,33.089,31.593570709228516,0.1038,0.2101,0.0
199.498,33.26,31.593570709228516,0.1038,0.2101,-7.623529411764705
199.548,33.138,31.593570709228516,0.1038,0.2101,-7.623529411764705
199.598,32.845,31.593570709228516,0.1038,0.2101,-7.670588235294118
199.648,32.674,31.593570709228516,0.1037,0.2101,-7.670588235294118
199.698,31.941,31.593570709228516,0.1037,0.2101,-7.529411764705882
199.748,32.063,31.593570709228516,0.1037,0.2101,-7.482352941176471
199.798,31.844,31.593570709228516,0.1037,0.2101,-7.482352941176471
199.848,31.795,31.593570709228516,0.1037,0.2101,-7.247058823529412
199.898,31.648,31.593570709228516,0.1037,0.2101,-7.247058823529412
199.948,31.795,31.593570709228516,0.1037,0.2101,-7.152941176470589
199.998,31.282,31.593570709228516,0.1036,0.2101,0.0
200.048,31.331,31.593570709228516,0.1036,0.2101,0.0
200.098,31.136,31.593570709228516,0.1036,0.2101,7.152941176470589
200.15,31.575,31.593570709228516,0.1036,0.2101,7.152941176470589
200.199,31.306,31.593570709228516,0.1036,0.2101,7.247058823529412
200.249,31.6,31.593570709228516,0.1035,0.2101,0.0
200.299,31.673,31.593570709228516,0.1035,0.2101,0.0
200.349,31.648,31.593570709228516,0.1035,0.2101,0.0
200.399,31.648,33.093570709228516,0.1035,0.2101,0.0
200.449,31.673,33.093570709228516,0.1035,0.2101,0.0
200.499,31.697,33.093570709228516,0.1035,0.2101,7.623529411764705
200.549,31.844,33.093570709228516,0.1035,0.2101,7.623529411764705
200.599,32.112,33.093570709228516,0.1035,0.2101,7.576470588235294
200.649,32.381,33.093570709228516,0.1035,0.2101,7.576470588235294
200.699,32.601,33.093570709228516,0.1035,0.2101,7.435294117647059
200.749,32.918,33.093570709228516,0.1035,0.2101,7.435294117647059
200.799,33.089,33.093570709228516,0.1035,0.2101,7.247058823529412
200.849,33.284,33.093570709228516,0.1036,0.2101,7.247058823529412
200.899,33.504,33.093570709228516,0.1036,0.2101,0.0
200.949,33.529,33.093570709228516,0.1036,0.2101,-7.152941176470589
200.999,33.333,33.093570709228516,0.1036,0.2101,-7.152941176470589
201.049,33.724,33.093570709228516,0.1036,0.2101,-7.2
201.099,33.284,33.093570709228516,0.1036,0.2101,-7.2
201.149,33.089,33.093570709228516,0.1036,0.2101,-7.294117647058823
201.199,32.65,33.093570709228516,0.1037,0.2101,-7.152941176470589
201.249,32.479,33.093570709228516,0.1037,0.2101,-7.152941176470589
201.299,32.527,33.093570709228516,0.1037,0.2101,7.247058823529412
201.349,32.381,33.093570709228516,0.1037,0.2101,7.247058823529412
201.399,32.063,32.44722366333008,0.1038,0.2101,7.294117647058823
201.449,32.601,32.44722366333008,0.1038,0.2101,7.341176470588235
201.499,33.089,32.44722366333008,0.1038,0.2101,7.341176470588235
201.549,33.187,32.44722366333008,0.1038,0.2101,-7.105882352941176
201.599,33.138,32.44722366333008,0.1038,0.2101,-7.105882352941176
201.649,33.211,32.44722366333008,0.1038,0.2101,-7.341176470588235
201.699,32.796,32.44722366333008,0.1038,0.2101,-7.341176470588235
201.749,33.04,32.44722366333008,0.1038,0.2101,-7.341176470588235
201.799,32.234,32.44722366333008,0.1038,0.2101,-7.341176470588235
201.849,32.308,32.44722366333008,0.1038,0.2101,-7.294117647058823
201.899,32.308,32.44722366333008,0.1038,0.2101,-7.294117647058823
201.949,32.039,32.44722366333008,0.1038,0.2101,7.105882352941176
201.999,31.917,32.44722366333008,0.1038,0.2101,7.105882352941176
202.049,31.722,32.44722366333008,0.1037,0.2101,7.2
202.099,32.088,32.44722366333008,0.1037,0.2101,7.2
202.151,32.454,32.44722366333008,0.1037,0.2101,7.341176470588235
202.2,32.625,32.44722366333008,0.1036,0.2101,7.2
202.25,33.065,32.44722366333008,0.1036,0.2101,7.2
202.3,33.944,32.44722366333008,0.1036,0.2101,-7.105882352941176
202.35,33.529,32.44722366333008,0.1036,0.2101,-7.105882352941176
202.4,33.284,32.512367248535156,0.1036,0.2101,-7.623529411764705
202.45,33.089,32.512367248535156,0.1036,0.2101,-7.482352941176471
202.5,32.479,32.512367248535156,0.1036,0.2101,-7.482352941176471
202.55,32.552,32.512367248535156,0.1035,0.2101,-7.294117647058823
202.6,32.479,32.512367248535156,0.1035,0.2101,-7.294117647058823
202.65,31.99,32.512367248535156,0.1035,0.2101,0.0
202.7,32.015,32.512367248535156,0.1035,0.2101,0.0
202.75,32.015,32.512367248535156,0.1035,0.2101,0.0
202.8,31.966,32.512367248535156,0.1035,0.2101,7.247058823529412
202.85,31.966,32.512367248535156,0.1035,0.2101,7.247058823529412
202.9,32.161,32.512367248535156,0.1035,0.2101,7.247058823529412
202.95,32.43,32.512367248535156,0.1035,0.2101,7.247058823529412
203.0,32.65,32.512367248535156,0.1035,0.2101,7.247058823529412
203.05,32.869,32.512367248535156,0.1035,0.2101,7.105882352941176
203.1,33.211,32.512367248535156,0.1035,0.2101,7.105882352941176
203.15,33.48,32.512367248535156,0.1036,0.2101,-7.2
203.2,33.162,32.512367248535156,0.1036,0.2101,-7.341176470588235
203.25,33.431,32.512367248535156,0.1037,0.2101,-7.341176470588235
203.3,32.845,32.512367248535156,0.1038,0.2101,-7.294117647058823
203.35,32.698,32.512367248535156,0.1038,0.2101,-7.294117647058823
203.4,32.552,32.304161071777344,0.1038,0.2101,-7.2
203.45,32.527,32.304161071777344,0.1038,0.2101,-7.2
203.5,32.332,32.304161071777344,0.1038,0.2101,-7.152941176470589
203.55,32.063,32.304161071777344,0.1039,0.2101,-7.152941176470589
203.6,31.941,32.304161071777344,0.1039,0.2101,0.0
203.65,31.941,32.304161071777344,0.1039,0.2101,0.0
203.7,32.088,32.304161071777344,0.1039,0.2101,7.2
203.75,31.893,32.304161071777344,0.1038,0.2101,7.2
203.8,31.966,32.304161071777344,0.1038,0.2101,7.2
203.85,32.259,32.304161071777344,0.1038,0.2101,7.2
203.9,32.625,32.304161071777344,0.1038,0.2101,7.2
203.95,32.796,32.304161071777344,0.1038,0.2101,0.0
204.0,32.845,32.304161071777344,0.1038,0.2101,0.0
204.05,32.527,32.304161071777344,0.1038,0.2101,-7.247058823529412
204.1,32.772,32.304161071777344,0.1038,0.2101,-7.247058823529412
204.152,32.796,32.304161071777344,0.1038,0.2101,-7.152941176470589
204.201,32.479,32.304161071777344,0.1038,0.2101,-7.247058823529412
204.251,32.308,32.304161071777344,0.1038,0.2101,-7.247058823529412
204.301,31.624,32.304161071777344,0.1038,0.2101,-7.105882352941176
204.351,32.088,32.304161071777344,0.1038,0.2101,-7.105882352941176
204.401,32.015,32.22979736328125,0.1037,0.2101,7.294117647058823
204.451,31.819,32.22979736328125,0.1037,0.2101,7.152941176470589
204.501,31.844,32.22979736328125,0.1036,0.2101,7.152941176470589
204.551,32.186,32.22979736328125,0.1036,0.2101,7.2
204.601,32.283,32.22979736328125,0.1036,0.2101,7.2
204.651,32.698,32.22979736328125,0.1036,0.2101,0.0
204.701,32.698,32.22979736328125,0.1036,0.2101,0.0
204.751,32.698,32.22979736328125,0.1035,0.2101,0.0
204.801,32.332,32.22979736328125,0.1035,0.2101,-7.247058823529412
204.851,32.796,32.22979736328125,0.1035,0.2101,-7.247058823529412
204.901,32.796,32.22979736328125,0.1035,0.2101,-7.105882352941176
204.951,32.405,32.22979736328125,0.1035,0.2101,-7.294117647058823
205.001,32.527,32.22979736328125,0.1035,0.2101,-7.294117647058823
205.051,32.259,32.22979736328125,0.1035,0.2101,-7.105882352941176
205.101,31.722,32.22979736328125,0.1035,0.2101,-7.105882352941176
205.151,31.673,32.22979736328125,0.1035,0.2101,0.0
205.201,31.575,32.22979736328125,0.1036,0.2101,7.247058823529412
205.251,31.673,32.22979736328125,0.1036,0.2101,7.247058823529412
205.301,31.624,32.22979736328125,0.1035,0.2101,7.294117647058823
205.351,31.868,32.22979736328125,0.1035,0.2101,7.294117647058823
205.401,32.234,33.72979736328125,0.1036,0.2101,7.294117647058823
205.451,32.552,33.72979736328125,0.1036,0.2101,7.2
205.501,32.674,33.72979736328125,0.1037,0.2101,7.2
205.551,32.991,33.72979736328125,0.1037,0.2101,7.482352941176471
205.601,33.04,33.72979736328125,0.1036,0.2101,7.482352941176471
205.651,33.333,33.72979736328125,0.1037,0.2101,7.341176470588235
205.701,33.578,33.72979736328125,0.1038,0.2101,7.341176470588235
205.751,33.871,33.72979736328125,0.1038,0.2101,7.341176470588235
205.801,33.968,33.72979736328125,0.1038,0.2101,7.105882352941176
205.851,34.188,33.72979736328125,0.1038,0.2101,7.105882352941176
205.901,34.505,33.72979736328125,0.1038,0.2101,-7.152941176470589
205.951,34.53,33.72979736328125,0.1038,0.2101,-7.247058823529412
206.001,34.237,33.72979736328125,0.1038,0.2101,-7.247058823529412
206.051,34.066,33.72979736328125,0.1038,0.2101,-7.341176470588235
206.101,33.651,33.72979736328125,0.1037,0.2101,-7.341176470588235
206.153,33.504,33.72979736328125,0.1037,0.2101,-7.2
206.202,33.284,33.72979736328125,0.1037,0.2101,7.105882352941176
206.252,33.358,33.72979736328125,0.1037,0.2101,7.105882352941176
206.302,33.333,33.72979736328125,0.1036,0.2101,7.247058823529412
206.352,33.382,33.72979736328125,0.1037,0.2101,7.247058823529412
206.402,33.822,32.22979736328125,0.1037,0.2101,7.2
206.452,34.115,32.22979736328125,0.1037,0.2101,7.2
206.502,34.115,32.22979736328125,0.1037,0.2101,-7.670588235294118
206.552,34.383,32.22979736328125,0.1036,0.2101,-7.670588235294118
206.602,34.042,32.22979736328125,0.1036,0.2101,-7.764705882352941
206.652,33.871,32.22979736328125,0.1037,0.2101,-7.764705882352941
206.702,33.529,32.22979736328125,0.1037,0.2101,-7.7176470588235295
206.752,33.407,32.22979736328125,0.1037,0.2101,-7.7176470588235295
206.802,33.162,32.22979736328125,0.1037,0.2101,-7.529411764705882
206.852,32.845,32.22979736328125,0.1037,0.2101,-7.529411764705882
206.902,32.943,32.22979736328125,0.1037,0.2101,-7.3882352941176475
206.952,32.357,32.22979736328125,0.1037,0.2101,-7.294117647058823
207.002,32.405,32.22979736328125,0.1037,0.2101,-7.294117647058823
207.052,32.43,32.22979736328125,0.1037,0.2101,-7.105882352941176
207.102,32.283,32.22979736328125,0.1037,0.2101,-7.105882352941176
207.152,32.015,32.22979736328125,0.1037,0.2101,-7.152941176470589
207.202,31.844,32.22979736328125,0.1037,0.2101,0.0
207.252,31.795,32.22979736328125,0.1037,0.2101,0.0
207.302,31.77,32.22979736328125,0.1037,0.2101,7.2
207.352,31.966,32.22979736328125,0.1037,0.2101,7.2
207.402,31.648,32.84907150268555,0.1037,0.2101,7.247058823529412
207.452,32.063,32.84907150268555,0.1037,0.2101,7.152941176470589
207.502,32.405,32.84907150268555,0.1037,0.2101,7.152941176470589
207.552,32.821,32.84907150268555,0.1037,0.2101,7.341176470588235
207.602,32.894,32.84907150268555,0.1037,0.2101,7.341176470588235
207.652,33.089,32.84907150268555,0.1037,0.2101,0.0
207.702,33.114,32.84907150268555,0.1037,0.2101,0.0
207.752,33.089,32.84907150268555,0.1037,0.2101,0.0
207.802,32.772,32.84907150268555,0.1037,0.2101,-7.152941176470589
207.852,33.162,32.84907150268555,0.1037,0.2101,-7.152941176470589
207.902,33.162,32.84907150268555,0.1037,0.2101,7.105882352941176
207.952,33.138,32.84907150268555,0.1037,0.2101,-7.2
208.002,33.26,32.84907150268555,0.1037,0.2101,-7.2
208.052,33.089,32.84907150268555,0.1037,0.2101,-7.152941176470589
208.102,32.161,32.84907150268555,0.1037,0.2101,-7.152941176470589
208.154,32.308,32.84907150268555,0.1037,0.2101,7.341176470588235
208.203,32.283,32.84907150268555,0.1037,0.2101,7.341176470588235
208.253,32.308,32.84907150268555,0.1037,0.2101,7.341176470588235
208.303,32.601,32.84907150268555,0.1037,0.2101,7.294117647058823
208.353,33.187,32.84907150268555,0.1037,0.2101,7.294117647058823
208.403,32.894,31.349069595336914,0.1037,0.2101,7.152941176470589
208.453,33.48,31.349069595336914,0.1037,0.2101,7.152941176470589
208.503,33.578,31.349069595336914,0.1038,0.2101,-7.623529411764705
208.553,33.602,31.349069595336914,0.1038,0.2101,-7.623529411764705
208.603,33.333,31.349069595336914,0.1038,0.2101,-7.905882352941177
208.653,33.382,31.349069595336914,0.1038,0.2101,-7.905882352941177
208.703,32.601,31.349069595336914,0.1038,0.2101,-7.905882352941177
208.753,32.625,31.349069595336914,0.1038,0.2101,-7.811764705882353
208.803,32.137,31.349069595336914,0.1038,0.2101,-7.811764705882353
208.853,32.088,31.349069595336914,0.1038,0.2101,-7.529411764705882
208.903,31.99,31.349069595336914,0.1038,0.2101,-7.341176470588235
208.953,32.015,31.349069595336914,0.1038,0.2101,-7.341176470588235
209.003,31.38,31.349069595336914,0.1038,0.2101,-7.294117647058823
209.053,31.575,31.349069595336914,0.1039,0.2101,-7.294117647058823
209.103,31.184,31.349069595336914,0.1038,0.2101,0.0
209.153,31.184,31.349069595336914,0.1037,0.2101,0.0
209.203,31.429,31.349069595336914,0.1037,0.2101,7.105882352941176
209.253,31.087,31.349069595336914,0.1037,0.2101,7.105882352941176
209.303,31.477,31.349069595336914,0.1037,0.2101,-7.105882352941176
209.353,31.013,31.349069595336914,0.1037,0.2101,-7.105882352941176
209.403,31.38,31.818147659301758,0.1038,0.2101,-7.105882352941176
209.453,31.209,31.818147659301758,0.1038,0.2101,-7.105882352941176
209.503,30.989,31.818147659301758,0.1038,0.2101,7.247058823529412
209.553,31.038,31.818147659301758,0.1038,0.2101,7.247058823529412
209.603,30.794,31.818147659301758,0.1038,0.2101,7.3882352941176475
209.653,31.282,31.818147659301758,0.1038,0.2101,7.3882352941176475
209.703,31.477,31.818147659301758,0.1038,0.2101,7.435294117647059
209.753,31.722,31.818147659301758,0.1038,0.2101,7.435294117647059
209.803,32.137,31.818147659301758,0.1038,0.2101,7.2
209.853,32.283,31.818147659301758,0.1037,0.2101,7.2
209.903,32.747,31.818147659301758,0.1037,0.2101,-7.2
209.953,32.747,31.818147659301758,0.1037,0.2101,-7.2
210.003,32.894,31.818147659301758,0.1037,0.2101,-7.3882352941176475
210.053,32.161,31.818147659301758,0.1036,0.2101,-7.3882352941176475
210.103,32.259,31.818147659301758,0.1036,0.2101,-7.482352941176471
210.155,31.648,31.818147659301758,0.1036,0.2101,-7.2
210.204,31.136,31.818147659301758,0.1036,0.2101,-7.2
210.254,31.453,31.818147659301758,0.1036,0.2101,7.105882352941176
210.304,31.404,31.818147659301758,0.1036,0.2101,7.105882352941176
210.354,31.429,31.818147659301758,0.1036,0.2101,7.2
210.404,31.526,32.34589767456055,0.1036,0.2101,7.2
210.454,31.624,32.34589767456055,0.1036,0.2101,7.2
210.504,32.186,32.34589767456055,0.1037,0.2101,7.3882352941176475
210.554,32.112,32.34589767456055,0.1037,0.2101,7.3882352941176475
210.604,32.625,32.34589767456055,0.1039,0.2101,7.105882352941176
210.654,32.527,32.34589767456055,0.1039,0.2101,7.152941176470589
210.704,33.089,32.34589767456055,0.104,0.2101,7.152941176470589
210.754,33.211,32.34589767456055,0.104,0.2101,-7.105882352941176
210.804,33.407,32.34589767456055,0.104,0.2101,-7.105882352941176
210.854,33.162,32.34589767456055,0.104,0.2101,-7.3882352941176475
210.904,33.089,32.34589767456055,0.104,0.2101,-7.435294117647059
210.954,32.918,32.34589767456055,0.104,0.2101,-7.435294117647059
211.004,32.405,32.34589767456055,0.1041,0.2101,-7.341176470588235
211.054,32.308,32.34589767456055,0.1042,0.2101,-7.341176470588235
211.104,31.917,32.34589767456055,0.1042,0.2101,0.0
211.154,31.917,32.34589767456055,0.1042,0.2101,0.0
211.204,31.917,32.34589767456055,0.1042,0.2101,0.0
211.254,31.819,32.34589767456055,0.1042,0.2101,7.2
211.304,31.844,32.34589767456055,0.1042,0.2101,7.2
211.354,31.917,32.34589767456055,0.1042,0.2101,7.247058823529412
211.404,32.234,32.354393005371094,0.1042,0.2101,7.247058823529412
211.454,32.332,32.354393005371094,0.1042,0.2101,7.247058823529412
211.504,32.454,32.354393005371094,0.1042,0.2101,7.105882352941176
211.554,33.016,32.354393005371094,0.1041,0.2101,7.105882352941176
211.604,33.651,32.354393005371094,0.1041,0.2101,-7.105882352941176
211.654,32.967,32.354393005371094,0.1041,0.2101,-7.294117647058823
211.704,33.382,32.354393005371094,0.1041,0.2101,-7.294117647058823
211.754,32.65,32.354393005371094,0.1041,0.2101,-7.294117647058823
211.804,32.552,32.354393005371094,0.1041,0.2101,-7.294117647058823
211.854,32.039,32.354393005371094,0.1041,0.2101,-7.152941176470589
211.904,32.552,32.354393005371094,0.104,0.2101,-7.152941176470589
211.954,31.917,32.354393005371094,0.1039,0.2101,-7.152941176470589
212.004,31.746,32.354393005371094,0.1039,0.2101,-7.152941176470589
212.054,31.795,32.354393005371094,0.1038,0.2101,-7.152941176470589
212.104,31.722,32.354393005371094,0.1038,0.2101,7.294117647058823
212.156,31.355,32.354393005371094,0.1037,0.2101,7.247058823529412
212.205,31.868,32.354393005371094,0.1037,0.2101,7.247058823529412
212.255,31.941,32.354393005371094,0.1037,0.2101,7.435294117647059
212.305,32.381,32.354393005371094,0.1037,0.2101,7.435294117647059
212.355,32.479,32.354393005371094,0.1037,0.2101,7.2
212.405,32.747,32.371402740478516,0.1037,0.2101,0.0
212.455,32.747,32.371402740478516,0.1037,0.2101,0.0
212.505,32.796,32.371402740478516,0.1037,0.2101,-7.2
212.555,32.772,32.371402740478516,0.1037,0.2101,-7.2
212.605,32.747,32.371402740478516,0.1037,0.2101,-7.2
212.655,32.503,32.371402740478516,0.1037,0.2101,-7.2
212.705,32.503,32.371402740478516,0.1037,0.2101,-7.2
212.755,31.575,32.371402740478516,0.1038,0.2101,-7.105882352941176
212.805,31.941,32.371402740478516,0.1038,0.2101,-7.105882352941176
212.855,31.673,32.371402740478516,0.1038,0.2101,7.341176470588235
212.905,31.697,32.371402740478516,0.1038,0.2101,7.2
212.955,31.819,32.371402740478516,0.1038,0.2101,7.2
213.005,31.941,32.371402740478516,0.1038,0.2101,7.294117647058823
213.055,32.137,32.371402740478516,0.1038,0.2101,7.294117647058823
213.105,32.43,32.371402740478516,0.1038,0.2101,7.2
213.155,32.65,32.371402740478516,0.1038,0.2101,7.152941176470589
213.205,33.089,32.371402740478516,0.1038,0.2101,7.152941176470589
213.255,33.211,32.371402740478516,0.1038,0.2101,-7.152941176470589
213.305,32.845,32.371402740478516,0.1038,0.2101,-7.152941176470589
213.355,33.529,32.371402740478516,0.1038,0.2101,-7.3882352941176475
213.405,33.016,32.297916412353516,0.1039,0.2101,-7.247058823529412
213.455,32.674,32.297916412353516,0.1039,0.2101,-7.247058823529412
213.505,32.527,32.297916412353516,0.1039,0.2101,-7.341176470588235
213.555,32.283,32.297916412353516,0.1039,0.2101,-7.341176470588235
213.605,31.77,32.297916412353516,0.1039,0.2101,-7.152941176470589
213.655,31.868,32.297916412353516,0.1039,0.2101,0.0
213.705,31.868,32.297916412353516,0.1039,0.2101,0.0
213.755,31.746,32.297916412353516,0.1038,0.2101,7.2
213.805,31.966,32.297916412353516,0.1038,0.2101,7.2
213.855,31.697,32.297916412353516,0.1039,0.2101,7.247058823529412
213.905,32.503,32.297916412353516,0.1038,0.2101,7.2
213.955,32.357,32.297916412353516,0.1038,0.2101,7.2
214.005,32.576,32.297916412353516,0.1038,0.2101,-7.152941176470589
214.055,32.772,32.297916412353516,0.1038,0.2101,-7.152941176470589
214.105,32.723,32.297916412353516,0.1038,0.2101,-7.152941176470589
214.157,32.943,32.297916412353516,0.1038,0.2101,-7.247058823529412
214.206,32.332,32.297916412353516,0.1038,0.2101,-7.247058823529412
214.256,31.99,32.297916412353516,0.1038,0.2101,-7.294117647058823
214.306,31.673,32.297916412353516,0.1038,0.2101,-7.294117647058823
214.356,31.673,32.297916412353516,0.1038,0.2101,7.152941176470589
214.406,31.477,33.07162857055664,0.1037,0.2101,7.152941176470589
214.456,31.648,33.07162857055664,0.1038,0.2101,7.294117647058823
214.506,31.893,33.07162857055664,0.1037,0.2101,7.294117647058823
214.556,31.844,33.07162857055664,0.1037,0.2101,7.576470588235294
214.606,32.357,33.07162857055664,0.1037,0.2101,7.482352941176471
214.656,32.454,33.07162857055664,0.1037,0.2101,7.482352941176471
214.706,33.138,33.07162857055664,0.1037,0.2101,7.341176470588235
214.756,32.894,33.07162857055664,0.1037,0.2101,7.341176470588235
214.806,33.431,33.07162857055664,0.1037,0.2101,-7.105882352941176
214.856,33.7,33.07162857055664,0.1038,0.2101,7.105882352941176
214.906,33.431,33.07162857055664,0.1038,0.2101,7.105882352941176
214.956,33.602,33.07162857055664,0.1038,0.2101,-7.294117647058823
215.006,33.236,33.07162857055664,0.1038,0.2101,-7.294117647058823
215.056,33.724,33.07162857055664,0.1038,0.2101,-7.247058823529412
215.106,33.455,33.07162857055664,0.1038,0.2101,-7.105882352941176
215.156,33.04,33.07162857055664,0.1038,0.2101,-7.105882352941176
215.206,32.747,33.07162857055664,0.1038,0.2101,-7.2
215.256,33.016,33.07162857055664,0.1038,0.2101,-7.2
215.306,31.404,33.07162857055664,0.1038,0.2101,7.2
215.356,32.308,33.07162857055664,0.1038,0.2101,0.0
215.406,32.308,33.60373306274414,0.1039,0.2101,0.0
215.456,32.308,33.60373306274414,0.1039,0.2101,7.341176470588235
215.506,32.357,33.60373306274414,0.1039,0.2101,7.341176470588235
215.556,32.845,33.60373306274414,0.1039,0.2101,7.529411764705882
215.606,33.016,33.60373306274414,0.1039,0.2101,7.529411764705882
215.656,32.943,33.60373306274414,0.104,0.2101,7.341176470588235
215.706,33.407,33.60373306274414,0.104,0.2101,7.341176470588235
215.756,33.626,33.60373306274414,0.104,0.2101,7.294117647058823
215.806,33.773,33.60373306274414,0.104,0.2101,7.294117647058823
215.856,33.919,33.60373306274414,0.104,0.2101,0.0
215.906,34.066,33.60373306274414,0.104,0.2101,-7.105882352941176
215.956,33.871,33.60373306274414,0.104,0.2101,-7.105882352941176
216.006,33.871,33.60373306274414,0.104,0.2101,-7.247058823529412
216.056,33.944,33.60373306274414,0.104,0.2101,-7.247058823529412
216.106,33.553,33.60373306274414,0.104,0.2101,-7.152941176470589
216.158,33.138,33.60373306274414,0.1039,0.2101,0.0
216.207,33.114,33.60373306274414,0.1038,0.2101,0.0
216.257,33.114,33.60373306274414,0.1037,0.2101,0.0
216.307,33.284,33.60373306274414,0.1036,0.2101,7.247058823529412
216.357,33.236,33.60373306274414,0.1036,0.2101,7.247058823529412
216.407,33.284,32.103736877441406,0.1036,0.2101,7.247058823529412
216.457,33.602,32.103736877441406,0.1036,0.2101,7.2
216.507,33.919,32.103736877441406,0.1036,0.2101,7.2
216.557,33.797,32.103736877441406,0.1036,0.2101,-7.623529411764705
216.607,33.895,32.103736877441406,0.1036,0.2101,-7.764705882352941
216.657,34.237,32.103736877441406,0.1036,0.2101,-7.764705882352941
216.707,33.602,32.103736877441406,0.1037,0.2101,-7.7176470588235295
216.757,33.724,32.103736877441406,0.1038,0.2101,-7.7176470588235295
216.807,33.138,32.103736877441406,0.1038,0.2101,-7.623529411764705
216.857,32.698,32.103736877441406,0.1038,0.2101,-7.670588235294118
216.907,32.552,32.103736877441406,0.1038,0.2101,-7.670588235294118
216.957,32.527,32.103736877441406,0.1038,0.2101,-7.294117647058823
217.007,32.43,32.103736877441406,0.1038,0.2101,-7.294117647058823
217.057,32.234,32.103736877441406,0.1038,0.2101,-7.2
217.107,31.795,32.103736877441406,0.1038,0.2101,-7.2
217.157,31.893,32.103736877441406,0.1038,0.2101,-7.2
217.207,31.673,32.103736877441406,0.1038,0.2101,7.152941176470589
217.257,31.77,32.103736877441406,0.1038,0.2101,7.152941176470589
217.307,31.429,32.103736877441406,0.1038,0.2101,7.2
217.357,31.746,32.103736877441406,0.1038,0.2101,7.2
217.407,32.088,31.205129623413086,0.1039,0.2101,7.2
217.457,32.283,31.205129623413086,0.1038,0.2101,7.2
217.507,32.698,31.205129623413086,0.1038,0.2101,7.2
217.557,32.991,31.205129623413086,0.1039,0.2101,-7.482352941176471
217.607,32.772,31.205129623413086,0.1039,0.2101,-7.623529411764705
217.657,33.114,31.205129623413086,0.1039,0.2101,-7.623529411764705
217.707,32.625,31.205129623413086,0.1039,0.2101,-7.670588235294118
217.757,32.259,31.205129623413086,0.1039,0.2101,-7.670588235294118
217.807,31.648,31.205129623413086,0.1039,0.2101,-7.576470588235294
217.857,31.941,31.205129623413086,0.1039,0.2101,-7.435294117647059
217.907,31.697,31.205129623413086,0.1039,0.2101,-7.435294117647059
217.957,31.6,31.205129623413086,0.1039,0.2101,-7.341176470588235
218.007,30.965,31.205129623413086,0.1039,0.2101,-7.341176470588235
218.057,31.136,31.205129623413086,0.1039,0.2101,-7.2
218.107,31.038,31.205129623413086,0.1038,0.2101,7.152941176470589
218.159,31.062,31.205129623413086,0.1038,0.2101,7.105882352941176
218.208,31.16,31.205129623413086,0.1038,0.2101,7.105882352941176
218.258,31.087,31.205129623413086,0.1038,0.2101,7.105882352941176
218.308,31.526,31.205129623413086,0.1038,0.2101,0.0
218.358,31.404,31.205129623413086,0.1038,0.2101,7.105882352941176
218.408,31.722,32.70512771606445,0.1038,0.2101,7.105882352941176
218.458,31.893,32.70512771606445,0.1038,0.2101,-7.152941176470589
218.508,31.77,32.70512771606445,0.1037,0.2101,-7.152941176470589
218.558,31.844,32.70512771606445,0.1038,0.2101,7.341176470588235
218.608,31.819,32.70512771606445,0.1038,0.2101,7.3882352941176475
218.658,31.917,32.70512771606445,0.1037,0.2101,7.3882352941176475
218.708,32.137,32.70512771606445,0.1037,0.2101,7.3882352941176475
218.758,32.283,32.70512771606445,0.1038,0.2101,7.3882352941176475
218.808,32.723,32.70512771606445,0.1037,0.2101,7.294117647058823
218.858,32.527,32.70512771606445,0.1038,0.2101,7.2
218.908,32.991,32.70512771606445,0.1038,0.2101,7.2
218.958,33.114,32.70512771606445,0.1038,0.2101,7.105882352941176
219.008,33.48,32.70512771606445,0.1038,0.2101,7.105882352941176
219.058,33.284,32.70512771606445,0.1038,0.2101,-7.2
219.108,33.724,32.70512771606445,0.1037,0.2101,-7.341176470588235
219.158,33.48,32.70512771606445,0.1037,0.2101,-7.341176470588235
219.208,33.358,32.70512771606445,0.1037,0.2101,-7.435294117647059
219.258,33.236,32.70512771606445,0.1038,0.2101,-7.435294117647059
219.308,32.601,32.70512771606445,0.1037,0.2101,-7.294117647058823
219.358,32.503,32.70512771606445,0.1037,0.2101,-7.247058823529412
219.408,32.112,32.17257308959961,0.1038,0.2101,-7.247058823529412
219.458,32.015,32.17257308959961,0.1038,0.2101,7.152941176470589
219.508,31.893,32.17257308959961,0.1038,0.2101,7.152941176470589
219.558,32.161,32.17257308959961,0.1038,0.2101,7.105882352941176
219.608,32.015,32.17257308959961,0.1038,0.2101,7.152941176470589
219.658,32.43,32.17257308959961,0.1038,0.2101,7.152941176470589
219.708,32.674,32.17257308959961,0.1039,0.2101,7.105882352941176
219.758,33.162,32.17257308959961,0.1039,0.2101,7.105882352941176
219.808,33.211,32.17257308959961,0.1039,0.2101,-7.247058823529412
219.858,32.821,32.17257308959961,0.1039,0.2101,-7.435294117647059
219.908,33.358,32.17257308959961,0.1039,0.2101,-7.435294117647059
219.958,33.016,32.17257308959961,0.1039,0.2101,-7.294117647058823
220.008,32.503,32.17257308959961,0.1039,0.2101,-7.294117647058823
220.058,32.454,32.17257308959961,0.1039,0.2101,-7.3882352941176475
220.108,32.137,32.17257308959961,0.1039,0.2101,-7.2
220.16,31.917,32.17257308959961,0.1039,0.2101,0.0
220.209,31.893,32.17257308959961,0.1038,0.2101,0.0
220.259,31.868,32.17257308959961,0.1038,0.2101,0.0
220.309,31.893,32.17257308959961,0.1038,0.2101,7.152941176470589
220.359,31.917,32.17257308959961,0.1038,0.2101,7.152941176470589
220.409,31.819,33.67257308959961,0.1038,0.2101,7.152941176470589
220.459,32.063,33.67257308959961,0.1038,0.2101,7.152941176470589
220.509,32.576,33.67257308959961,0.1038,0.2101,7.152941176470589
220.559,32.698,33.67257308959961,0.1038,0.2101,7.670588235294118
220.609,33.114,33.67257308959961,0.1038,0.2101,7.482352941176471
220.659,33.26,33.67257308959961,0.1038,0.2101,7.482352941176471
220.709,33.333,33.67257308959961,0.1038,0.2101,7.247058823529412
220.759,33.529,33.67257308959961,0.1039,0.2101,7.247058823529412
220.809,33.822,33.67257308959961,0.1039,0.2101,7.2
220.859,34.139,33.67257308959961,0.1039,0.2101,7.2
220.909,34.164,33.67257308959961,0.1039,0.2101,-7.105882352941176
220.959,34.261,33.67257308959961,0.1039,0.2101,-7.105882352941176
221.009,33.944,33.67257308959961,0.1039,0.2101,-7.247058823529412
221.059,34.066,33.67257308959961,0.1039,0.2101,-7.247058823529412
221.109,33.431,33.67257308959961,0.1039,0.2101,-7.152941176470589
221.159,33.553,33.67257308959961,0.1038,0.2101,-7.152941176470589
221.209,33.138,33.67257308959961,0.1038,0.2101,7.152941176470589
221.259,33.236,33.67257308959961,0.1037,0.2101,7.152941176470589
221.309,33.407,33.67257308959961,0.1037,0.2101,7.247058823529412
221.359,33.431,33.67257308959961,0.1037,0.2101,7.247058823529412
221.409,33.529,33.364654541015625,0.1037,0.2101,7.152941176470589
221.459,33.968,33.364654541015625,0.1037,0.2101,7.152941176470589
221.509,34.164,33.364654541015625,0.1037,0.2101,-7.105882352941176
221.559,34.212,33.364654541015625,0.1037,0.2101,-7.294117647058823
221.609,33.675,33.364654541015625,0.1037,0.2101,-7.294117647058823
221.659,33.651,33.364654541015625,0.1038,0.2101,-7.3882352941176475
221.709,33.578,33.364654541015625,0.1038,0.2101,-7.3882352941176475
221.759,33.431,33.364654541015625,0.1039,0.2101,-7.152941176470589
221.809,33.26,33.364654541015625,0.1039,0.2101,-7.152941176470589
221.859,33.016,33.364654541015625,0.104,0.2101,-7.152941176470589
221.909,32.772,33.364654541015625,0.104,0.2101,7.105882352941176
221.959,32.869,33.364654541015625,0.104,0.2101,7.105882352941176
222.009,32.723,33.364654541015625,0.104,0.2101,7.294117647058823
222.059,33.162,33.364654541015625,0.104,0.2101,7.247058823529412
222.109,33.431,33.364654541015625,0.104,0.2101,7.247058823529412
222.161,33.968,33.364654541015625,0.104,0.2101,7.152941176470589
222.21,33.895,33.364654541015625,0.104,0.2101,7.152941176470589
222.26,34.09,33.364654541015625,0.104,0.2101,-7.294117647058823
222.31,33.871,33.364654541015625,0.104,0.2101,-7.294117647058823
222.36,33.578,33.364654541015625,0.104,0.2101,-7.341176470588235
222.41,33.797,33.097476959228516,0.1039,0.2101,-7.341176470588235
222.46,33.358,33.097476959228516,0.1039,0.2101,-7.152941176470589
222.51,33.04,33.097476959228516,0.1039,0.2101,-7.341176470588235
222.56,32.552,33.097476959228516,0.1039,0.2101,-7.341176470588235
222.61,32.747,33.097476959228516,0.1038,0.2101,0.0
222.66,32.723,33.097476959228516,0.1038,0.2101,0.0
222.71,32.698,33.097476959228516,0.1037,0.2101,7.2
222.76,32.747,33.097476959228516,0.1037,0.2101,7.2
222.81,32.747,33.097476959228516,0.1037,0.2101,7.2
222.86,33.089,33.097476959228516,0.1037,0.2101,7.2
222.91,33.309,33.097476959228516,0.1037,0.2101,7.2
222.96,33.48,33.097476959228516,0.1037,0.2101,7.2
223.01,34.212,33.097476959228516,0.1037,0.2101,-7.152941176470589
223.06,33.431,33.097476959228516,0.1037,0.2101,-7.2
223.11,33.968,33.097476959228516,0.1037,0.2101,-7.2
223.16,33.211,33.097476959228516,0.1037,0.2101,-7.2
223.21,33.358,33.097476959228516,0.1037,0.2101,-7.2
223.26,33.187,33.097476959228516,0.1037,0.2101,-7.105882352941176
223.31,32.747,33.097476959228516,0.1037,0.2101,-7.152941176470589
223.36,32.527,33.097476959228516,0.1037,0.2101,-7.152941176470589
223.41,32.527,31.99591636657715,0.1037,0.2101,7.2
223.46,32.65,31.99591636657715,0.1037,0.2101,7.2
223.51,32.845,31.99591636657715,0.1037,0.2101,-7.247058823529412
223.56,32.601,31.99591636657715,0.1037,0.2101,-7.294117647058823
223.61,32.479,31.99591636657715,0.1037,0.2101,-7.294117647058823
223.66,31.99,31.99591636657715,0.1038,0.2101,-7.294117647058823
223.71,31.99,31.99591636657715,0.1038,0.2101,-7.294117647058823
223.76,32.088,31.99591636657715,0.1038,0.2101,0.0
223.81,32.112,31.99591636657715,0.1038,0.2101,0.0
223.86,32.063,31.99591636657715,0.1038,0.2101,0.0
223.91,32.186,31.99591636657715,0.1038,0.2101,-7.105882352941176
223.96,32.21,31.99591636657715,0.1038,0.2101,-7.105882352941176
224.01,31.526,31.99591636657715,0.1039,0.2101,-7.152941176470589
224.06,31.917,31.99591636657715,0.1039,0.2101,-7.152941176470589
224.11,31.77,31.99591636657715,0.1039,0.2101,-7.152941176470589
224.162,31.551,31.99591636657715,0.1039,0.2101,7.105882352941176
224.211,31.77,31.99591636657715,0.1039,0.2101,7.105882352941176
224.261,31.795,31.99591636657715,0.104,0.2101,7.247058823529412
224.311,31.795,31.99591636657715,0.104,0.2101,7.152941176470589
224.361,32.21,31.99591636657715,0.104,0.2101,7.152941176470589
224.411,32.503,32.56980514526367,0.104,0.2101,7.152941176470589
224.461,32.772,32.56980514526367,0.104,0.2101,7.152941176470589
224.511,32.943,32.56980514526367,0.104,0.2101,7.105882352941176
224.561,33.187,32.56980514526367,0.104,0.2101,-7.152941176470589
224.611,33.016,32.56980514526367,0.104,0.2101,-7.152941176470589
224.661,33.358,32.56980514526367,0.1038,0.2101,-7.294117647058823
224.711,32.576,32.56980514526367,0.1038,0.2101,-7.294117647058823
224.761,32.674,32.56980514526367,0.1038,0.2101,-7.341176470588235
224.811,32.259,32.56980514526367,0.1037,0.2101,0.0
224.861,32.283,32.56980514526367,0.1037,0.2101,0.0
224.911,32.454,32.56980514526367,0.1037,0.2101,7.152941176470589
224.961,32.357,32.56980514526367,0.1037,0.2101,7.152941176470589
225.011,32.454,32.56980514526367,0.1037,0.2101,7.105882352941176
225.061,32.576,32.56980514526367,0.1037,0.2101,7.152941176470589
225.111,32.723,32.56980514526367,0.1037,0.2101,7.152941176470589
225.161,33.04,32.56980514526367,0.1037,0.2101,0.0
225.211,33.065,32.56980514526367,0.1037,0.2101,0.0
225.261,33.089,32.56980514526367,0.1037,0.2101,-7.247058823529412
225.311,32.796,32.56980514526367,0.1037,0.2101,-7.247058823529412
225.361,33.016,32.56980514526367,0.1037,0.2101,-7.247058823529412
225.411,32.796,31.092458724975586,0.1037,0.2101,-7.152941176470589
225.461,32.967,31.092458724975586,0.1037,0.2101,-7.152941176470589
225.511,32.259,31.092458724975586,0.1038,0.2101,-7.7176470588235295
225.561,32.137,31.092458724975586,0.1038,0.2101,-7.764705882352941
225.611,31.502,31.092458724975586,0.1038,0.2101,-7.764705882352941
225.661,31.6,31.092458724975586,0.1039,0.2101,-7.435294117647059
225.711,31.722,31.092458724975586,0.1039,0.2101,-7.435294117647059
225.761,31.477,31.092458724975586,0.104,0.2101,-7.247058823529412
225.811,31.16,31.092458724975586,0.104,0.2101,-7.294117647058823
225.861,31.111,31.092458724975586,0.104,0.2101,-7.294117647058823
225.911,30.842,31.092458724975586,0.104,0.2101,-7.105882352941176
225.961,30.891,31.092458724975586,0.104,0.2101,-7.105882352941176
226.011,30.94,31.092458724975586,0.104,0.2101,7.152941176470589
226.061,30.623,31.092458724975586,0.104,0.2101,7.152941176470589
226.111,30.72,31.092458724975586,0.104,0.2101,7.152941176470589
226.163,30.769,31.092458724975586,0.104,0.2101,7.247058823529412
226.212,31.111,31.092458724975586,0.104,0.2101,7.247058823529412
226.262,31.355,31.092458724975586,0.104,0.2101,7.2
226.312,31.6,31.092458724975586,0.104,0.2101,7.2
226.362,32.112,31.092458724975586,0.104,0.2101,-7.152941176470589
226.412,31.306,31.978792190551758,0.104,0.2101,-7.152941176470589
226.462,32.039,31.978792190551758,0.104,0.2101,-7.435294117647059
226.512,31.551,31.978792190551758,0.104,0.2101,-7.435294117647059
226.562,31.477,31.978792190551758,0.104,0.2101,0.0
226.612,31.404,31.978792190551758,0.104,0.2101,0.0
226.662,31.502,31.978792190551758,0.1039,0.2101,7.247058823529412
226.712,31.355,31.978792190551758,0.1038,0.2101,7.247058823529412
226.762,31.453,31.978792190551758,0.1038,0.2101,7.247058823529412
226.812,31.77,31.978792190551758,0.1037,0.2101,7.294117647058823
226.862,32.039,31.978792190551758,0.1036,0.2101,7.294117647058823
226.912,31.917,31.978792190551758,0.1036,0.2101,7.152941176470589
226.962,32.454,31.978792190551758,0.1036,0.2101,7.152941176470589
227.012,32.674,31.978792190551758,0.1036,0.2101,0.0
227.062,32.674,31.978792190551758,0.1036,0.2101,-7.247058823529412
227.112,32.576,31.978792190551758,0.1036,0.2101,-7.247058823529412
227.162,32.625,31.978792190551758,0.1036,0.2101,-7.341176470588235
227.212,32.21,31.978792190551758,0.1036,0.2101,-7.341176470588235
227.262,32.259,31.978792190551758,0.1036,0.2101,-7.294117647058823
227.312,31.697,31.978792190551758,0.1036,0.2101,-7.294117647058823
227.362,31.648,31.978792190551758,0.1036,0.2101,-7.152941176470589
227.412,31.404,32.28609085083008,0.1037,0.2101,-7.152941176470589
227.462,31.258,32.28609085083008,0.1037,0.2101,7.2
227.512,31.184,32.28609085083008,0.1037,0.2101,7.3882352941176475
227.562,31.258,32.28609085083008,0.1037,0.2101,7.3882352941176475
227.612,31.575,32.28609085083008,0.1037,0.2101,7.482352941176471
227.662,31.746,32.28609085083008,0.1037,0.2101,7.482352941176471
227.712,32.088,32.28609085083008,0.1038,0.2101,7.341176470588235
227.762,32.405,32.28609085083008,0.1038,0.2101,7.247058823529412
227.812,32.625,32.28609085083008,0.1038,0.2101,7.247058823529412
227.862,32.796,32.28609085083008,0.1038,0.2101,-7.105882352941176
227.912,32.234,32.28609085083008,0.1038,0.2101,-7.105882352941176
227.962,32.894,32.28609085083008,0.1038,0.2101,-7.247058823529412
228.012,32.503,32.28609085083008,0.104,0.2101,-7.247058823529412
228.062,32.357,32.28609085083008,0.104,0.2101,-7.294117647058823
228.112,32.503,32.28609085083008,0.104,0.2101,-7.294117647058823
228.164,31.893,32.28609085083008,0.1038,0.2101,-7.105882352941176
228.213,31.746,32.28609085083008,0.1038,0.2101,-7.105882352941176
228.263,31.551,32.28609085083008,0.1038,0.2101,7.2
228.313,31.477,32.28609085083008,0.1038,0.2101,7.2
228.363,31.551,32.28609085083008,0.1039,0.2101,7.341176470588235
228.413,31.819,32.940494537353516,0.1039,0.2101,7.341176470588235
228.463,32.161,32.940494537353516,0.1039,0.2101,7.341176470588235
228.513,32.015,32.940494537353516,0.1038,0.2101,7.341176470588235
228.563,32.918,32.940494537353516,0.1039,0.2101,7.341176470588235
228.613,32.552,32.940494537353516,0.1039,0.2101,7.341176470588235
228.663,33.065,32.940494537353516,0.1039,0.2101,0.0
228.713,33.04,32.940494537353516,0.1038,0.2101,0.0
228.763,33.114,32.940494537353516,0.1038,0.2101,-7.105882352941176
228.813,33.138,32.940494537353516,0.1038,0.2101,-7.105882352941176
228.863,33.114,32.940494537353516,0.1037,0.2101,-7.105882352941176
228.913,32.772,32.940494537353516,0.1037,0.2101,-7.105882352941176
228.963,32.454,32.940494537353516,0.1037,0.2101,-7.105882352941176
229.013,32.43,32.940494537353516,0.1037,0.2101,7.105882352941176
229.063,32.234,32.940494537353516,0.1037,0.2101,7.105882352941176
229.113,32.21,32.940494537353516,0.1037,0.2101,7.247058823529412
229.163,32.625,32.940494537353516,0.1036,0.2101,7.247058823529412
229.213,32.772,32.940494537353516,0.1036,0.2101,7.341176470588235
229.263,33.016,32.940494537353516,0.1035,0.2101,7.2
229.313,33.162,32.940494537353516,0.1035,0.2101,7.2
229.363,33.455,32.940494537353516,0.1035,0.2101,-7.105882352941176
229.413,33.529,32.562286376953125,0.1035,0.2101,-7.105882352941176
229.463,33.504,32.562286376953125,0.1035,0.2101,-7.247058823529412
229.513,32.869,32.562286376953125,0.1035,0.2101,-7.435294117647059
229.563,33.016,32.562286376953125,0.1036,0.2101,-7.435294117647059
229.613,32.65,32.562286376953125,0.1036,0.2101,-7.152941176470589
229.663,32.552,32.562286376953125,0.1036,0.2101,-7.152941176470589
229.713,32.308,32.562286376953125,0.1037,0.2101,-7.105882352941176
229.763,32.039,32.562286376953125,0.1037,0.2101,0.0
229.813,32.015,32.562286376953125,0.1037,0.2101,0.0
229.863,32.186,32.562286376953125,0.1037,0.2101,7.247058823529412
229.913,31.966,32.562286376953125,0.1037,0.2101,7.247058823529412
229.963,32.015,32.562286376953125,0.1037,0.2101,7.2
230.013,32.234,32.562286376953125,0.1037,0.2101,7.294117647058823
230.063,32.552,32.562286376953125,0.1038,0.2101,7.294117647058823
230.113,32.967,32.562286376953125,0.1038,0.2101,7.2
230.165,33.138,32.562286376953125,0.1038,0.2101,7.2
230.214,33.016,32.562286376953125,0.1039,0.2101,-7.2
230.264,33.187,32.562286376953125,0.1039,0.2101,-7.294117647058823
230.314,33.822,32.562286376953125,0.1039,0.2101,-7.294117647058823
230.364,32.869,32.562286376953125,0.1039,0.2101,-7.294117647058823
230.414,33.065,32.102943420410156,0.1039,0.2101,-7.294117647058823
230.464,32.479,32.102943420410156,0.1039,0.2101,-7.152941176470589
230.514,32.039,32.102943420410156,0.1039,0.2101,-7.435294117647059
230.564,32.039,32.102943420410156,0.1039,0.2101,-7.435294117647059
230.614,31.844,32.102943420410156,0.1039,0.2101,7.105882352941176
230.664,31.917,32.102943420410156,0.1039,0.2101,7.105882352941176
230.714,31.917,32.102943420410156,0.1039,0.2101,7.152941176470589
230.764,32.234,32.102943420410156,0.1039,0.2101,7.105882352941176
230.814,32.21,32.102943420410156,0.1038,0.2101,7.105882352941176
230.864,32.918,32.102943420410156,0.1038,0.2101,-7.105882352941176
230.914,32.357,32.102943420410156,0.1037,0.2101,-7.105882352941176
230.964,32.821,32.102943420410156,0.1037,0.2101,-7.3882352941176475
231.014,32.918,32.102943420410156,0.1037,0.2101,-7.152941176470589
231.064,32.21,32.102943420410156,0.1037,0.2101,-7.152941176470589
231.114,32.112,32.102943420410156,0.1036,0.2101,-7.3882352941176475
231.164,31.99,32.102943420410156,0.1036,0.2101,-7.3882352941176475
231.214,31.624,32.102943420410156,0.1035,0.2101,0.0
231.264,31.746,32.102943420410156,0.1035,0.2101,7.105882352941176
231.314,31.697,32.102943420410156,0.1035,0.2101,7.105882352941176
231.364,31.722,32.102943420410156,0.1035,0.2101,7.2
231.414,31.868,31.636577606201172,0.1035,0.2101,7.2
231.464,32.186,31.636577606201172,0.1035,0.2101,7.2
231.514,32.332,31.636577606201172,0.1035,0.2101,-7.152941176470589
231.564,32.772,31.636577606201172,0.1036,0.2101,-7.152941176470589
231.614,32.43,31.636577606201172,0.1036,0.2101,-7.341176470588235
231.664,32.308,31.636577606201172,0.1036,0.2101,-7.341176470588235
231.714,32.015,31.636577606201172,0.1036,0.2101,-7.341176470588235
231.764,31.819,31.636577606201172,0.1036,0.2101,-7.294117647058823
231.814,31.575,31.636577606201172,0.1037,0.2101,-7.294117647058823
231.864,31.722,31.636577606201172,0.1038,0.2101,-7.105882352941176
231.914,31.453,31.636577606201172,0.1038,0.2101,-7.105882352941176
231.964,31.209,31.636577606201172,0.1039,0.2101,-7.105882352941176
232.014,31.111,31.636577606201172,0.1038,0.2101,7.105882352941176
232.064,31.16,31.636577606201172,0.1039,0.2101,7.105882352941176
232.114,31.16,31.636577606201172,0.1039,0.2101,7.247058823529412
232.166,31.526,31.636577606201172,0.1039,0.2101,7.247058823529412
232.215,31.746,31.636577606201172,0.1039,0.2101,7.247058823529412
232.265,31.868,31.636577606201172,0.1039,0.2101,7.105882352941176
232.315,32.259,31.636577606201172,0.1039,0.2101,7.105882352941176
232.365,32.357,31.636577606201172,0.1039,0.2101,-7.152941176470589
232.415,32.503,31.509876251220703,0.1039,0.2101,-7.152941176470589
232.465,32.503,31.509876251220703,0.1039,0.2101,-7.341176470588235
232.515,32.454,31.509876251220703,0.1039,0.2101,-7.435294117647059
232.565,31.893,31.509876251220703,0.1039,0.2101,-7.435294117647059
232.615,31.697,31.509876251220703,0.1039,0.2101,-7.435294117647059
232.665,31.502,31.509876251220703,0.1039,0.2101,-7.435294117647059
232.715,31.16,31.509876251220703,0.1039,0.2101,-7.105882352941176
232.765,31.038,31.509876251220703,0.1039,0.2101,0.0
232.815,31.038,31.509876251220703,0.1039,0.2101,0.0
232.865,30.989,31.509876251220703,0.1038,0.2101,7.247058823529412
232.915,30.891,31.509876251220703,0.1038,0.2101,7.247058823529412
232.965,30.965,31.509876251220703,0.1038,0.2101,7.247058823529412
233.015,31.233,31.509876251220703,0.1038,0.2101,7.247058823529412
233.065,31.624,31.509876251220703,0.1038,0.2101,7.247058823529412
233.115,31.99,31.509876251220703,0.1038,0.2101,7.247058823529412
233.165,31.966,31.509876251220703,0.1038,0.2101,-7.105882352941176
233.215,32.112,31.509876251220703,0.1037,0.2101,-7.105882352941176
233.265,31.966,31.509876251220703,0.1037,0.2101,-7.247058823529412
233.315,31.819,31.509876251220703,0.1037,0.2101,-7.247058823529412
233.365,31.624,31.509876251220703,0.1037,0.2101,-7.247058823529412
233.415,31.16,32.79543685913086,0.1037,0.2101,-7.247058823529412
233.465,31.013,32.79543685913086,0.1037,0.2101,-7.105882352941176
233.515,30.623,32.79543685913086,0.1037,0.2101,-7.105882352941176
233.565,30.769,32.79543685913086,0.1037,0.2101,7.7176470588235295
233.615,30.842,32.79543685913086,0.1037,0.2101,7.7176470588235295
233.665,31.013,32.79543685913086,0.1037,0.2101,7.811764705882353
233.715,31.477,32.79543685913086,0.1038,0.2101,7.811764705882353
233.765,31.6,32.79543685913086,0.1038,0.2101,7.7176470588235295
233.815,32.063,32.79543685913086,0.1037,0.2101,7.7176470588235295
233.865,32.332,32.79543685913086,0.1037,0.2101,7.529411764705882
233.915,32.552,32.79543685913086,0.1037,0.2101,7.529411764705882
233.965,32.747,32.79543685913086,0.1037,0.2101,7.247058823529412
234.015,32.967,32.79543685913086,0.1037,0.2101,7.247058823529412
234.065,33.089,32.79543685913086,0.1038,0.2101,0.0
234.115,33.114,32.79543685913086,0.1038,0.2101,0.0
234.167,33.016,32.79543685913086,0.1038,0.2101,-7.152941176470589
234.216,33.04,32.79543685913086,0.1038,0.2101,-7.2
234.266,32.967,32.79543685913086,0.1038,0.2101,-7.2
234.316,32.821,32.79543685913086,0.1038,0.2101,-7.152941176470589
234.366,32.234,32.79543685913086,0.1038,0.2101,-7.152941176470589
234.416,32.308,33.52834701538086,0.1038,0.2101,0.0
234.466,32.186,33.52834701538086,0.1037,0.2101,7.247058823529412
234.516,32.283,33.52834701538086,0.1037,0.2101,7.247058823529412
234.566,32.283,33.52834701538086,0.1037,0.2101,7.576470588235294
234.616,32.698,33.52834701538086,0.1037,0.2101,7.576470588235294
234.666,32.967,33.52834701538086,0.1038,0.2101,7.529411764705882
234.716,33.236,33.52834701538086,0.1037,0.2101,7.3882352941176475
234.766,33.675,33.52834701538086,0.1037,0.2101,7.3882352941176475
234.816,33.675,33.52834701538086,0.1037,0.2101,7.152941176470589
234.866,33.968,33.52834701538086,0.1037,0.2101,7.152941176470589
234.916,33.944,33.52834701538086,0.1037,0.2101,-7.105882352941176
234.966,33.993,33.52834701538086,0.1037,0.2101,-7.247058823529412
235.016,33.993,33.52834701538086,0.1037,0.2101,-7.247058823529412
235.066,33.651,33.52834701538086,0.1037,0.2101,-7.247058823529412
235.116,32.991,33.52834701538086,0.1037,0.2101,-7.247058823529412
235.166,32.772,33.52834701538086,0.1037,0.2101,-7.105882352941176
235.216,33.284,33.52834701538086,0.1037,0.2101,7.247058823529412
235.266,32.845,33.52834701538086,0.1037,0.2101,7.247058823529412
235.316,32.967,33.52834701538086,0.1037,0.2101,7.152941176470589
235.366,33.187,33.52834701538086,0.1037,0.2101,7.152941176470589
235.416,33.407,32.138771057128906,0.1037,0.2101,7.247058823529412
235.466,33.822,32.138771057128906,0.1037,0.2101,7.247058823529412
235.516,33.822,32.138771057128906,0.1037,0.2101,-7.529411764705882
235.566,34.017,32.138771057128906,0.1037,0.2101,-7.529411764705882
235.616,33.919,32.138771057128906,0.1037,0.2101,-7.670588235294118
235.666,33.968,32.138771057128906,0.1037,0.2101,-7.670588235294118
235.716,33.48,32.138771057128906,0.1037,0.2101,-7.7176470588235295
235.766,33.333,32.138771057128906,0.1037,0.2101,-7.7176470588235295
235.816,32.332,32.138771057128906,0.1037,0.2101,-7.576470588235294
235.866,32.552,32.138771057128906,0.1037,0.2101,-7.576470588235294
235.916,32.405,32.138771057128906,0.1037,0.2101,-7.152941176470589
235.966,32.21,32.138771057128906,0.1037,0.2101,-7.2
236.016,32.088,32.138771057128906,0.1038,0.2101,-7.2
236.066,32.063,32.138771057128906,0.1038,0.2101,-7.105882352941176
236.116,31.844,32.138771057128906,0.1038,0.2101,-7.105882352941176
236.168,31.429,32.138771057128906,0.1038,0.2101,7.105882352941176
236.217,31.77,32.138771057128906,0.1038,0.2101,7.152941176470589
236.267,31.673,32.138771057128906,0.1038,0.2101,7.152941176470589
236.317,31.844,32.138771057128906,0.1038,0.2101,7.2
236.367,32.503,32.138771057128906,0.1038,0.2101,7.2
236.417,32.65,33.29446792602539,0.1038,0.2101,7.152941176470589
236.467,32.723,33.29446792602539,0.1038,0.2101,-7.2
236.517,32.674,33.29446792602539,0.1038,0.2101,-7.2
236.567,32.845,33.29446792602539,0.1038,0.2101,7.294117647058823
236.617,32.723,33.29446792602539,0.1039,0.2101,7.294117647058823
236.667,32.454,33.29446792602539,0.1039,0.2101,7.247058823529412
236.717,33.04,33.29446792602539,0.1039,0.2101,7.294117647058823
236.767,33.333,33.29446792602539,0.1039,0.2101,7.294117647058823
236.817,33.236,33.29446792602539,0.1039,0.2101,7.152941176470589
236.867,33.578,33.29446792602539,0.1038,0.2101,7.152941176470589
236.917,33.822,33.29446792602539,0.1038,0.2101,0.0
236.967,33.871,33.29446792602539,0.1038,0.2101,-7.152941176470589
237.017,33.504,33.29446792602539,0.1037,0.2101,-7.152941176470589
237.067,33.797,33.29446792602539,0.1037,0.2101,-7.294117647058823
237.117,33.48,33.29446792602539,0.1037,0.2101,-7.294117647058823
237.167,33.504,33.29446792602539,0.1037,0.2101,-7.247058823529412
237.217,33.065,33.29446792602539,0.1036,0.2101,-7.105882352941176
237.267,32.821,33.29446792602539,0.1036,0.2101,-7.105882352941176
237.317,32.527,33.29446792602539,0.1037,0.2101,7.152941176470589
237.367,32.527,33.29446792602539,0.1037,0.2101,7.152941176470589
237.417,32.552,32.60818862915039,0.1036,0.2101,7.341176470588235
237.467,32.723,32.60818862915039,0.1036,0.2101,7.341176470588235
237.517,32.821,32.60818862915039,0.1036,0.2101,7.341176470588235
237.567,33.382,32.60818862915039,0.1037,0.2101,-7.105882352941176
237.617,33.358,32.60818862915039,0.1037,0.2101,-7.105882352941176
237.667,33.455,32.60818862915039,0.1037,0.2101,-7.341176470588235
237.717,33.504,32.60818862915039,0.1037,0.2101,-7.341176470588235
237.767,32.991,32.60818862915039,0.1038,0.2101,-7.341176470588235
237.817,32.454,32.60818862915039,0.1038,0.2101,-7.3882352941176475
237.867,32.454,32.60818862915039,0.1038,0.2101,-7.3882352941176475
237.917,32.21,32.60818862915039,0.1038,0.2101,7.105882352941176
237.967,32.186,32.60818862915039,0.1038,0.2101,7.105882352941176
238.017,31.966,32.60818862915039,0.1038,0.2101,7.105882352941176
238.067,32.454,32.60818862915039,0.1038,0.2101,7.2
238.117,32.576,32.60818862915039,0.1038,0.2101,7.2
238.169,33.04,32.60818862915039,0.1038,0.2101,0.0
238.218,33.089,32.60818862915039,0.1038,0.2101,0.0
238.268,33.089,32.60818862915039,0.1039,0.2101,0.0
238.318,33.138,32.60818862915039,0.1038,0.2101,-7.247058823529412
238.368,33.236,32.60818862915039,0.1038,0.2101,-7.247058823529412
238.418,33.284,32.036346435546875,0.1037,0.2101,-7.247058823529412
238.468,32.674,32.036346435546875,0.1037,0.2101,-7.247058823529412
238.518,32.698,32.036346435546875,0.1037,0.2101,-7.529411764705882
238.568,32.43,32.036346435546875,0.1037,0.2101,-7.529411764705882
238.618,32.112,32.036346435546875,0.1037,0.2101,-7.294117647058823
238.668,32.039,32.036346435546875,0.1037,0.2101,-7.294117647058823
238.718,31.99,32.036346435546875,0.1037,0.2101,-7.105882352941176
238.768,32.088,32.036346435546875,0.1037,0.2101,-7.105882352941176
238.818,31.551,32.036346435546875,0.1037,0.2101,0.0
238.868,31.526,32.036346435546875,0.1037,0.2101,0.0
238.918,31.429,32.036346435546875,0.1037,0.2101,7.247058823529412
238.968,31.551,32.036346435546875,0.1037,0.2101,7.247058823529412
239.018,31.404,32.036346435546875,0.1037,0.2101,7.247058823529412
239.068,31.77,32.036346435546875,0.1037,0.2101,7.247058823529412
239.118,32.088,32.036346435546875,0.1037,0.2101,7.247058823529412
239.168,32.308,32.036346435546875,0.1037,0.2101,7.152941176470589
239.218,32.601,32.036346435546875,0.1037,0.2101,7.152941176470589
239.268,32.894,32.036346435546875,0.1037,0.2101,-7.152941176470589
239.318,32.918,32.036346435546875,0.1037,0.2101,-7.152941176470589
239.368,33.016,32.036346435546875,0.1037,0.2101,-7.3882352941176475
239.418,32.503,31.115812301635742,0.1037,0.2101,-7.3882352941176475
239.468,32.381,31.115812301635742,0.1037,0.2101,-7.3882352941176475
239.518,32.308,31.115812301635742,0.1037,0.2101,-7.576470588235294
239.568,32.186,31.115812301635742,0.1037,0.2101,-7.576470588235294
239.618,31.404,31.115812301635742,0.1037,0.2101,-7.529411764705882
239.668,31.575,31.115812301635742,0.1037,0.2101,-7.529411764705882
239.718,30.989,31.115812301635742,0.1037,0.2101,-7.152941176470589
239.768,31.184,31.115812301635742,0.1037,0.2101,-7.152941176470589
239.818,31.184,31.115812301635742,0.1037,0.2101,7.105882352941176
239.868,30.574,31.115812301635742,0.1038,0.2101,7.105882352941176
239.918,31.184,31.115812301635742,0.1038,0.2101,-7.105882352941176
239.968,31.306,31.115812301635742,0.1038,0.2101,7.247058823529412
240.018,31.111,31.115812301635742,0.1038,0.2101,7.247058823529412
240.068,31.233,31.115812301635742,0.1038,0.2101,-7.152941176470589
240.118,31.258,31.115812301635742,0.1039,0.2101,-7.152941176470589
240.17,31.697,31.115812301635742,0.1039,0.2101,-7.105882352941176
240.219,30.696,31.115812301635742,0.1039,0.2101,-7.105882352941176
240.269,30.916,31.115812301635742,0.1039,0.2101,-7.105882352941176
240.319,30.769,31.115812301635742,0.1039,0.2101,7.2
240.369,30.549,31.115812301635742,0.1039,0.2101,7.2
240.419,30.574,32.61581039428711,0.1039,0.2101,7.2
240.469,31.038,32.61581039428711,0.1039,0.2101,7.294117647058823
240.519,31.258,32.61581039428711,0.1039,0.2101,7.294117647058823
240.569,31.575,32.61581039428711,0.1039,0.2101,7.670588235294118
240.619,31.893,32.61581039428711,0.1039,0.2101,7.670588235294118
240.669,31.941,32.61581039428711,0.1039,0.2101,7.435294117647059
240.719,32.43,32.61581039428711,0.1039,0.2101,7.435294117647059
240.769,32.332,32.61581039428711,0.1039,0.2101,7.294117647058823
240.819,32.65,32.61581039428711,0.1038,0.2101,7.294117647058823
240.869,33.187,32.61581039428711,0.1038,0.2101,7.152941176470589
240.919,33.089,32.61581039428711,0.1038,0.2101,0.0
240.969,33.089,32.61581039428711,0.1038,0.2101,0.0
241.019,33.114,32.61581039428711,0.1038,0.2101,-7.247058823529412
241.069,33.578,32.61581039428711,0.1038,0.2101,-7.247058823529412
241.119,32.698,32.61581039428711,0.1038,0.2101,-7.247058823529412
241.169,33.089,32.61581039428711,0.1037,0.2101,-7.435294117647059
241.219,32.65,32.61581039428711,0.1037,0.2101,-7.435294117647059
241.269,32.308,32.61581039428711,0.1038,0.2101,-7.247058823529412
241.319,32.015,32.61581039428711,0.1037,0.2101,-7.247058823529412
241.369,31.893,32.61581039428711,0.1037,0.2101,7.152941176470589
241.419,31.722,32.151031494140625,0.1037,0.2101,7.294117647058823
241.469,31.819,32.151031494140625,0.1037,0.2101,7.294117647058823
241.519,31.966,32.151031494140625,0.1037,0.2101,7.2
241.569,32.43,32.151031494140625,0.1038,0.2101,7.2
241.619,32.869,32.151031494140625,0.1039,0.2101,7.105882352941176
241.669,32.894,32.151031494140625,0.1039,0.2101,-7.152941176470589
241.719,32.869,32.151031494140625,0.1039,0.2101,-7.152941176470589
241.769,32.894,32.151031494140625,0.104,0.2101,-7.341176470588235
241.819,32.845,32.151031494140625,0.104,0.2101,-7.341176470588235
241.869,31.917,32.151031494140625,0.1041,0.2101,-7.341176470588235
241.919,32.112,32.151031494140625,0.1042,0.2101,-7.341176470588235
241.969,32.039,32.151031494140625,0.1042,0.2101,-7.341176470588235
242.019,31.6,32.151031494140625,0.1042,0.2101,0.0
242.069,31.648,32.151031494140625,0.1042,0.2101,0.0
242.119,31.575,32.151031494140625,0.1042,0.2101,7.247058823529412
242.171,31.477,32.151031494140625,0.1042,0.2101,7.247058823529412
242.22,32.21,32.151031494140625,0.1042,0.2101,7.247058823529412
242.27,32.283,32.151031494140625,0.1042,0.2101,7.294117647058823
242.32,32.308,32.151031494140625,0.1042,0.2101,7.294117647058823
242.37,32.65,32.151031494140625,0.1042,0.2101,-7.105882352941176
242.42,32.552,32.065643310546875,0.1042,0.2101,-7.105882352941176
242.47,32.747,32.065643310546875,0.1042,0.2101,-7.105882352941176
242.52,32.259,32.065643310546875,0.1042,0.2101,-7.247058823529412
242.57,32.039,32.065643310546875,0.1042,0.2101,-7.247058823529412
242.62,31.917,32.065643310546875,0.1041,0.2101,-7.152941176470589
242.67,31.6,32.065643310546875,0.1041,0.2101,0.0
242.72,31.575,32.065643310546875,0.104,0.2101,0.0
242.77,31.722,32.065643310546875,0.104,0.2101,7.247058823529412
242.82,31.6,32.065643310546875,0.104,0.2101,7.247058823529412
242.87,31.795,32.065643310546875,0.104,0.2101,7.2
242.92,31.624,32.065643310546875,0.104,0.2101,7.247058823529412
242.97,32.137,32.065643310546875,0.1039,0.2101,7.247058823529412
243.02,32.576,32.065643310546875,0.1039,0.2101,7.247058823529412
243.07,32.723,32.065643310546875,0.1039,0.2101,7.247058823529412
243.12,33.162,32.065643310546875,0.1039,0.2101,-7.247058823529412
243.17,32.943,32.065643310546875,0.1039,0.2101,-7.294117647058823
243.22,32.894,32.065643310546875,0.1039,0.2101,-7.294117647058823
243.27,32.991,32.065643310546875,0.1039,0.2101,-7.3882352941176475
243.32,32.234,32.065643310546875,0.1039,0.2101,-7.3882352941176475
243.37,32.161,32.065643310546875,0.1039,0.2101,-7.3882352941176475
243.42,31.99,33.56563949584961,0.1039,0.2101,-7.105882352941176
243.47,31.868,33.56563949584961,0.1039,0.2101,-7.105882352941176
243.52,31.795,33.56563949584961,0.1039,0.2101,7.670588235294118
243.57,31.429,33.56563949584961,0.1039,0.2101,7.670588235294118
243.62,31.819,33.56563949584961,0.1039,0.2101,7.7176470588235295
243.67,31.819,33.56563949584961,0.1039,0.2101,7.858823529411764
243.72,32.381,33.56563949584961,0.104,0.2101,7.858823529411764
243.77,32.527,33.56563949584961,0.104,0.2101,7.7176470588235295
243.82,33.016,33.56563949584961,0.1041,0.2101,7.7176470588235295
243.87,32.943,33.56563949584961,0.1041,0.2101,7.435294117647059
243.92,33.504,33.56563949584961,0.1041,0.2101,7.247058823529412
243.97,33.504,33.56563949584961,0.1041,0.2101,7.247058823529412
244.02,33.846,33.56563949584961,0.1042,0.2101,0.0
244.07,33.846,33.56563949584961,0.1042,0.2101,0.0
244.12,34.017,33.56563949584961,0.1042,0.2101,-7.152941176470589
244.172,33.993,33.56563949584961,0.1042,0.2101,-7.152941176470589
244.221,33.748,33.56563949584961,0.1042,0.2101,-7.152941176470589
244.271,33.602,33.56563949584961,0.1041,0.2101,-7.2
244.321,33.211,33.56563949584961,0.1041,0.2101,-7.2
244.371,33.04,33.56563949584961,0.1042,0.2101,0.0
244.421,32.991,32.065643310546875,0.1042,0.2101,7.2
244.471,32.894,32.065643310546875,0.1041,0.2101,7.2
244.521,33.065,32.065643310546875,0.1041,0.2101,-7.3882352941176475
244.571,33.089,32.065643310546875,0.104,0.2101,-7.3882352941176475
244.621,32.991,32.065643310546875,0.104,0.2101,-7.435294117647059
244.671,33.065,32.065643310546875,0.104,0.2101,-7.435294117647059
244.721,32.332,32.065643310546875,0.104,0.2101,-7.3882352941176475
244.771,32.503,32.065643310546875,0.104,0.2101,-7.3882352941176475
244.821,32.161,32.065643310546875,0.104,0.2101,-7.152941176470589
244.871,32.112,32.065643310546875,0.104,0.2101,-7.152941176470589
244.921,31.99,32.065643310546875,0.104,0.2101,-7.105882352941176
244.971,31.868,32.065643310546875,0.104,0.2101,-7.105882352941176
245.021,31.844,32.065643310546875,0.104,0.2101,7.105882352941176
245.071,31.697,32.065643310546875,0.104,0.2101,7.105882352941176
245.121,31.893,32.065643310546875,0.104,0.2101,7.152941176470589
245.171,32.161,32.065643310546875,0.104,0.2101,7.2
245.221,32.357,32.065643310546875,0.104,0.2101,7.2
245.271,32.503,32.065643310546875,0.1039,0.2101,-7.105882352941176
245.321,32.625,32.065643310546875,0.1039,0.2101,-7.105882352941176
245.371,32.21,32.065643310546875,0.1039,0.2101,-7.2
245.421,32.112,32.866851806640625,0.1039,0.2101,-7.247058823529412
245.471,31.819,32.866851806640625,0.1039,0.2101,-7.247058823529412
245.521,31.844,32.866851806640625,0.1038,0.2101,7.341176470588235
245.571,31.868,32.866851806640625,0.1038,0.2101,7.341176470588235
245.621,31.819,32.866851806640625,0.1038,0.2101,7.435294117647059
245.671,32.259,32.866851806640625,0.1037,0.2101,7.435294117647059
245.721,32.479,32.866851806640625,0.1037,0.2101,7.435294117647059
245.771,32.674,32.866851806640625,0.1037,0.2101,7.435294117647059
245.821,32.991,32.866851806640625,0.1037,0.2101,7.2
245.871,32.967,32.866851806640625,0.1037,0.2101,7.2
245.921,33.382,32.866851806640625,0.1037,0.2101,-7.105882352941176
245.971,33.724,32.866851806640625,0.1037,0.2101,-7.105882352941176
246.021,33.553,32.866851806640625,0.1037,0.2101,-7.247058823529412
246.071,33.236,32.866851806640625,0.1037,0.2101,-7.247058823529412
246.121,32.918,32.866851806640625,0.1037,0.2101,-7.294117647058823
246.173,32.576,32.866851806640625,0.1037,0.2101,-7.294117647058823
246.222,32.332,32.866851806640625,0.1037,0.2101,0.0
246.272,32.332,32.866851806640625,0.1038,0.2101,0.0
246.322,32.454,32.866851806640625,0.1038,0.2101,7.247058823529412
246.372,32.357,32.866851806640625,0.1038,0.2101,7.247058823529412
246.422,32.601,33.26049041748047,0.1038,0.2101,7.247058823529412
246.472,32.845,33.26049041748047,0.1038,0.2101,7.247058823529412
246.522,32.943,33.26049041748047,0.1038,0.2101,7.247058823529412
246.572,33.187,33.26049041748047,0.1039,0.2101,7.2
246.622,33.504,33.26049041748047,0.1039,0.2101,7.2
246.672,33.529,33.26049041748047,0.1039,0.2101,7.105882352941176
246.722,33.993,33.26049041748047,0.1039,0.2101,7.105882352941176
246.772,33.944,33.26049041748047,0.1039,0.2101,-7.152941176470589
246.822,34.09,33.26049041748047,0.1039,0.2101,-7.152941176470589
246.872,34.09,33.26049041748047,0.104,0.2101,-7.294117647058823
246.922,33.822,33.26049041748047,0.104,0.2101,-7.294117647058823
246.972,33.578,33.26049041748047,0.104,0.2101,-7.3882352941176475
247.022,33.578,33.26049041748047,0.104,0.2101,-7.3882352941176475
247.072,32.796,33.26049041748047,0.104,0.2101,-7.2
247.122,32.674,33.26049041748047,0.104,0.2101,-7.2
247.172,32.357,33.26049041748047,0.104,0.2101,-7.2
247.222,32.332,33.26049041748047,0.104,0.2101,7.294117647058823
247.272,32.137,33.26049041748047,0.104,0.2101,7.294117647058823
247.322,32.381,33.26049041748047,0.104,0.2101,7.3882352941176475
247.372,32.723,33.26049041748047,0.104,0.2101,7.482352941176471
247.422,32.967,31.76049041748047,0.104,0.2101,7.482352941176471
247.472,33.309,31.76049041748047,0.104,0.2101,7.247058823529412
247.522,33.48,31.76049041748047,0.104,0.2101,7.247058823529412
247.572,33.089,31.76049041748047,0.104,0.2101,-7.623529411764705
247.622,33.431,31.76049041748047,0.104,0.2101,-7.7176470588235295
247.672,33.578,31.76049041748047,0.1039,0.2101,-7.7176470588235295
247.722,33.382,31.76049041748047,0.1039,0.2101,-7.670588235294118
247.772,33.016,31.76049041748047,0.1039,0.2101,-7.670588235294118
247.822,32.772,31.76049041748047,0.1039,0.2101,-7.670588235294118
247.872,32.063,31.76049041748047,0.1038,0.2101,-7.670588235294118
247.922,32.161,31.76049041748047,0.1038,0.2101,-7.435294117647059
247.972,31.746,31.76049041748047,0.1038,0.2101,-7.435294117647059
248.022,31.819,31.76049041748047,0.1038,0.2101,-7.2
248.072,31.648,31.76049041748047,0.1038,0.2101,-7.2
248.122,31.575,31.76049041748047,0.1038,0.2101,0.0
248.174,31.551,31.76049041748047,0.1038,0.2101,7.105882352941176
248.223,31.77,31.76049041748047,0.1038,0.2101,7.105882352941176
248.273,31.575,31.76049041748047,0.1038,0.2101,7.105882352941176
248.323,31.893,31.76049041748047,0.1038,0.2101,0.0
248.373,32.015,31.76049041748047,0.1038,0.2101,7.105882352941176
248.423,31.99,32.33344268798828,0.1038,0.2101,7.105882352941176
248.473,32.234,32.33344268798828,0.1039,0.2101,-7.152941176470589
248.523,32.137,32.33344268798828,0.1039,0.2101,-7.152941176470589
248.573,32.088,32.33344268798828,0.1039,0.2101,7.105882352941176
248.623,32.21,32.33344268798828,0.1039,0.2101,7.152941176470589
248.673,31.99,32.33344268798828,0.1039,0.2101,7.152941176470589
248.723,32.234,32.33344268798828,0.1039,0.2101,7.105882352941176
248.773,32.552,32.33344268798828,0.1041,0.2101,7.105882352941176
248.823,32.772,32.33344268798828,0.1041,0.2101,7.105882352941176
248.873,33.114,32.33344268798828,0.1041,0.2101,-7.152941176470589
248.923,33.114,32.33344268798828,0.1041,0.2101,-7.152941176470589
248.973,32.894,32.33344268798828,0.1041,0.2101,-7.341176470588235
249.023,32.601,32.33344268798828,0.1041,0.2101,-7.341176470588235
249.073,32.43,32.33344268798828,0.1041,0.2101,-7.247058823529412
249.123,32.259,32.33344268798828,0.1039,0.2101,-7.152941176470589
249.173,31.722,32.33344268798828,0.1039,0.2101,-7.152941176470589
249.223,31.306,32.33344268798828,0.1039,0.2101,7.105882352941176
249.273,31.795,32.33344268798828,0.104,0.2101,7.105882352941176
249.323,31.819,32.33344268798828,0.104,0.2101,7.435294117647059
249.373,31.746,32.33344268798828,0.1041,0.2101,7.435294117647059
249.423,32.161,33.10797882080078,0.1041,0.2101,7.247058823529412
249.473,32.601,33.10797882080078,0.1041,0.2101,7.247058823529412
249.523,32.991,33.10797882080078,0.1041,0.2101,7.435294117647059
249.573,33.284,33.10797882080078,0.1041,0.2101,7.435294117647059
249.623,33.211,33.10797882080078,0.1041,0.2101,7.105882352941176
249.673,33.358,33.10797882080078,0.1041,0.2101,7.105882352941176
249.723,33.309,33.10797882080078,0.1041,0.2101,-7.105882352941176
249.773,33.7,33.10797882080078,0.1041,0.2101,-7.105882352941176
249.823,33.211,33.10797882080078,0.1041,0.2101,-7.152941176470589
249.873,33.944,33.10797882080078,0.1041,0.2101,-7.294117647058823
249.923,33.211,33.10797882080078,0.1041,0.2101,-7.294117647058823
249.973,33.016,33.10797882080078,0.1041,0.2101,-7.3882352941176475
250.023,32.65,33.10797882080078,0.1041,0.2101,-7.3882352941176475
250.073,32.454,33.10797882080078,0.104,0.2101,7.105882352941176
250.123,32.527,33.10797882080078,0.104,0.2101,7.247058823529412
250.175,32.259,33.10797882080078,0.104,0.2101,7.294117647058823
250.224,32.357,33.10797882080078,0.104,0.2101,7.294117647058823
250.274,33.236,33.10797882080078,0.104,0.2101,7.294117647058823
250.324,33.236,33.10797882080078,0.104,0.2101,7.341176470588235
250.374,33.529,33.10797882080078,0.104,0.2101,-7.105882352941176
250.374,33.529,33.10797882080078,0.104,0.2101,-7.105882352941176
