time_s,actuator_mm,actuator_setpoint_mm,depth_filtered_m,depth_setpoint_m,motor_cmd
0.352,41.587,50.0,0.1021,0.6527,0.0
0.401,41.563,50.0,0.1025,0.6527,0.0
0.451,41.587,50.0,0.1021,0.6527,0.0
0.501,41.563,50.0,0.1021,0.6527,0.0
0.551,41.563,50.0,0.102,0.6527,0.0
0.601,41.612,50.0,0.1021,0.6527,0.0
0.651,41.563,50.0,0.1021,0.6527,0.0
0.701,41.612,50.0,0.1021,0.6527,0.0
0.751,41.612,50.0,0.1021,0.6527,0.0
0.801,41.612,50.0,0.1021,0.6527,0.0
0.851,41.612,50.0,0.1021,0.6527,0.0
0.901,41.612,50.0,0.1021,0.6527,0.0
0.951,41.612,50.0,0.1021,0.6527,0.0
1.001,41.587,50.0,0.1021,0.6527,0.0
1.051,41.612,50.0,0.1021,0.6527,0.0
1.101,41.587,50.0,0.1021,0.6527,0.0
1.151,41.587,50.0,0.102,0.6527,0.0
1.201,41.612,50.0,0.1021,0.6527,0.0
1.251,41.587,50.0,0.1021,0.6527,0.0
1.301,41.587,94.87731170654297,0.1021,0.6527,0.0
1.351,41.612,94.87731170654297,0.102,0.6527,0.0
1.406,41.563,94.87731170654297,0.102,0.6527,10.211764705882352
1.455,42.002,94.87731170654297,0.102,0.6527,10.211764705882352
1.505,42.491,94.87731170654297,0.102,0.6527,12.0
1.555,43.468,94.87731170654297,0.102,0.6527,12.0
1.605,44.42,94.87731170654297,0.102,0.6527,12.0
1.655,45.299,94.87731170654297,0.102,0.6527,12.0
1.705,46.349,94.87731170654297,0.102,0.6527,12.0
1.755,47.228,94.87731170654297,0.102,0.6527,12.0
1.805,48.23,94.87731170654297,0.102,0.6527,12.0
1.855,49.109,94.87731170654297,0.1019,0.6527,12.0
1.905,50.183,94.87731170654297,0.1019,0.6527,12.0
1.955,51.087,94.87731170654297,0.1019,0.6527,12.0
2.005,51.966,94.87731170654297,0.1019,0.6527,12.0
2.055,52.894,94.87731170654297,0.1019,0.6527,12.0
2.105,53.797,94.87731170654297,0.1018,0.6527,12.0
2.155,54.725,94.87731170654297,0.1018,0.6527,12.0
2.205,55.702,94.87731170654297,0.1018,0.6527,12.0
2.255,56.63,94.87731170654297,0.1017,0.6527,12.0
2.305,57.656,95.93570709228516,0.1016,0.6527,12.0
2.355,58.559,95.93570709228516,0.1014,0.6527,12.0
2.405,60.293,95.93570709228516,0.1013,0.6527,12.0
2.455,60.488,95.93570709228516,0.1012,0.6527,12.0
2.505,61.563,95.93570709228516,0.101,0.6527,12.0
2.555,62.418,95.93570709228516,0.1007,0.6527,12.0
2.605,63.492,95.93570709228516,0.1004,0.6527,12.0
2.655,64.396,95.93570709228516,0.1004,0.6527,12.0
2.705,65.47,95.93570709228516,0.1003,0.6527,12.0
2.755,66.447,95.93570709228516,0.0999,0.6527,12.0
2.805,67.448,95.93570709228516,0.0997,0.6527,12.0
2.855,68.376,95.93570709228516,0.0995,0.6527,12.0
2.905,72.43,95.93570709228516,0.099,0.6527,12.0
2.955,70.232,95.93570709228516,0.0988,0.6527,12.0
3.005,71.331,95.93570709228516,0.0985,0.6527,12.0
3.055,72.21,95.93570709228516,0.0984,0.6527,12.0
3.105,73.284,95.93570709228516,0.0984,0.6527,12.0
3.155,74.115,95.93570709228516,0.0984,0.6527,12.0
3.205,74.994,95.93570709228516,0.0984,0.6527,12.0
3.255,76.044,95.93570709228516,0.0984,0.6527,12.0
3.305,77.143,94.43570709228516,0.0984,0.6527,12.0
3.355,78.022,94.43570709228516,0.0984,0.6527,12.0
3.405,79.072,94.43570709228516,0.0984,0.6527,12.0
3.455,80.024,94.43570709228516,0.0989,0.6527,12.0
3.505,81.099,94.43570709228516,0.0994,0.6527,12.0
3.555,81.978,94.43570709228516,0.1002,0.6527,12.0
3.605,82.32,94.43570709228516,0.1015,0.6527,12.0
3.655,83.223,94.43570709228516,0.1025,0.6527,12.0
3.705,84.347,94.43570709228516,0.1043,0.6527,11.623529411764705
3.755,85.372,94.43570709228516,0.1061,0.6527,11.623529411764705
3.805,86.325,94.43570709228516,0.1082,0.6527,10.870588235294118
3.855,87.253,94.43570709228516,0.1103,0.6527,10.870588235294118
3.905,88.4,94.43570709228516,0.1132,0.6527,10.117647058823529
3.955,88.523,94.43570709228516,0.1158,0.6527,9.741176470588234
4.005,89.89,94.43570709228516,0.1191,0.6527,9.741176470588234
4.055,90.33,94.43570709228516,0.1236,0.6527,9.270588235294118
4.105,91.013,94.43570709228516,0.128,0.6527,9.270588235294118
4.155,91.502,94.43570709228516,0.1325,0.6527,8.611764705882353
4.205,92.039,94.43570709228516,0.1377,0.6527,8.611764705882353
4.255,92.357,94.43570709228516,0.1433,0.6527,8.141176470588235
4.305,92.723,92.93571472167969,0.1495,0.6527,8.141176470588235
4.355,93.162,92.93571472167969,0.1558,0.6527,7.858823529411764
4.405,93.333,92.93571472167969,0.1631,0.6527,7.858823529411764
4.455,93.724,92.93571472167969,0.1698,0.6527,-7.152941176470589
4.505,93.578,92.93571472167969,0.1778,0.6527,-7.2
4.555,93.431,92.93571472167969,0.1855,0.6527,-7.2
4.605,92.894,92.93571472167969,0.1934,0.6527,-7.294117647058823
4.655,92.088,92.93571472167969,0.2016,0.6527,-7.294117647058823
4.705,92.137,92.93571472167969,0.2104,0.6527,0.0
4.755,91.917,92.93571472167969,0.2188,0.6527,7.3882352941176475
4.805,92.088,92.93571472167969,0.2272,0.6527,7.3882352941176475
4.855,92.259,92.93571472167969,0.2365,0.6527,7.435294117647059
4.905,92.65,92.93571472167969,0.2456,0.6527,7.435294117647059
4.955,92.576,92.93571472167969,0.255,0.6527,7.294117647058823
5.005,92.796,92.93571472167969,0.2644,0.6527,7.152941176470589
5.055,92.821,92.93571472167969,0.2744,0.6527,7.152941176470589
5.105,92.967,92.93571472167969,0.2846,0.6527,7.105882352941176
5.155,93.236,92.93571472167969,0.2949,0.6527,7.105882352941176
5.205,93.236,92.93571472167969,0.3043,0.6527,0.0
5.255,93.358,92.93571472167969,0.3148,0.6527,-7.152941176470589
5.305,92.723,91.43571472167969,0.3252,0.6527,-7.152941176470589
5.355,92.796,91.43571472167969,0.335,0.6527,-7.2
5.405,92.747,91.43571472167969,0.3457,0.6527,-7.2
5.455,92.332,91.43571472167969,0.3561,0.6527,-7.576470588235294
5.505,91.624,91.43571472167969,0.3658,0.6527,-7.529411764705882
5.555,91.184,91.43571472167969,0.3757,0.6527,-7.529411764705882
5.605,91.087,91.43571472167969,0.3862,0.6527,-7.152941176470589
5.655,90.427,91.43571472167969,0.3959,0.6527,-7.152941176470589
5.705,90.085,91.43571472167969,0.4068,0.6527,7.2
5.755,90.085,91.43571472167969,0.4166,0.6527,7.435294117647059
5.805,90.183,91.43571472167969,0.4258,0.6527,7.435294117647059
5.855,90.452,91.43571472167969,0.4356,0.6527,7.576470588235294
5.905,90.427,91.43571472167969,0.4458,0.6527,7.576470588235294
5.955,90.94,91.43571472167969,0.4553,0.6527,7.435294117647059
6.005,91.184,91.43571472167969,0.465,0.6527,7.435294117647059
6.055,91.355,91.43571472167969,0.4746,0.6527,7.247058823529412
6.105,91.306,91.43571472167969,0.484,0.6527,7.247058823529412
6.155,91.648,91.43571472167969,0.4931,0.6527,7.105882352941176
6.205,92.063,91.43571472167969,0.5014,0.6527,7.105882352941176
6.255,91.941,91.43571472167969,0.5104,0.6527,7.105882352941176
6.305,92.283,89.93571472167969,0.5193,0.6527,-7.294117647058823
6.355,91.453,89.93571472167969,0.5292,0.6527,-7.294117647058823
6.405,91.844,89.93571472167969,0.5376,0.6527,-7.952941176470588
6.455,91.477,89.93571472167969,0.5467,0.6527,-7.952941176470588
6.505,91.355,89.93571472167969,0.5551,0.6527,-7.764705882352941
6.555,90.11,89.93571472167969,0.5636,0.6527,-7.764705882352941
6.605,89.817,89.93571472167969,0.5725,0.6527,-7.576470588235294
6.655,90.085,89.93571472167969,0.5807,0.6527,-7.576470588235294
6.705,89.451,89.93571472167969,0.5895,0.6527,7.105882352941176
6.755,89.255,89.93571472167969,0.5982,0.6527,-7.105882352941176
6.805,89.646,89.93571472167969,0.6072,0.6527,-7.105882352941176
6.855,89.011,89.93571472167969,0.6159,0.6527,7.294117647058823
6.905,89.011,89.93571472167969,0.6247,0.6527,7.294117647058823
6.955,89.304,89.93571472167969,0.6337,0.6527,7.3882352941176475
7.005,89.328,89.93571472167969,0.6424,0.6527,7.3882352941176475
7.055,89.817,89.93571472167969,0.652,0.6527,7.3882352941176475
7.105,90.159,89.93571472167969,0.6605,0.6527,7.294117647058823
7.155,90.281,89.93571472167969,0.6699,0.6527,7.294117647058823
7.205,90.647,89.93571472167969,0.6791,0.6527,-7.152941176470589
7.255,90.33,89.93571472167969,0.6873,0.6527,-7.2
7.305,90.427,88.43571472167969,0.697,0.6527,-7.2
7.355,89.646,88.43571472167969,0.7066,0.6527,-7.2
7.405,89.744,88.43571472167969,0.7156,0.6527,-7.2
7.455,89.011,88.43571472167969,0.7249,0.6527,-7.529411764705882
7.505,88.742,88.43571472167969,0.7346,0.6527,-7.529411764705882
7.555,88.303,88.43571472167969,0.743,0.6527,-7.529411764705882
7.605,88.425,88.43571472167969,0.7522,0.6527,-7.152941176470589
7.655,87.497,88.43571472167969,0.7614,0.6527,-7.152941176470589
7.705,87.741,88.43571472167969,0.7706,0.6527,0.0
7.755,87.57,88.43571472167969,0.7829,0.6527,7.435294117647059
7.805,87.717,88.43571472167969,0.7973,0.6527,7.435294117647059
7.855,87.912,88.43571472167969,0.8106,0.6527,7.3882352941176475
7.905,88.034,88.43571472167969,0.8233,0.6527,7.3882352941176475
7.955,88.816,88.43571472167969,0.8358,0.6527,7.247058823529412
8.005,88.596,88.43571472167969,0.8411,0.6527,7.247058823529412
8.055,89.328,88.43571472167969,0.8432,0.6527,-7.2
8.105,89.035,88.43571472167969,0.8451,0.6527,-7.2
8.155,88.62,88.43571472167969,0.8451,0.6527,-7.3882352941176475
8.205,88.571,88.43571472167969,0.8451,0.6527,-7.3882352941176475
8.255,88.132,88.43571472167969,0.8451,0.6527,-7.105882352941176
8.305,88.278,86.93571472167969,0.8451,0.6527,-7.105882352941176
8.355,87.717,86.93571472167969,0.8451,0.6527,7.152941176470589
8.405,87.692,86.93571472167969,0.8449,0.6527,7.152941176470589
8.455,87.79,86.93571472167969,0.8434,0.6527,-7.341176470588235
8.505,87.741,86.93571472167969,0.8432,0.6527,-7.341176470588235
8.555,87.619,86.93571472167969,0.8411,0.6527,-7.341176470588235
8.605,87.668,86.93571472167969,0.8406,0.6527,-7.341176470588235
8.655,86.764,86.93571472167969,0.8384,0.6527,-7.341176470588235
8.705,86.593,86.93571472167969,0.8351,0.6527,-7.341176470588235
8.755,86.447,86.93571472167969,0.8325,0.6527,7.105882352941176
8.805,86.178,86.93571472167969,0.8315,0.6527,7.105882352941176
8.855,86.569,86.93571472167969,0.8313,0.6527,7.247058823529412
8.905,86.789,86.93571472167969,0.831,0.6527,7.247058823529412
8.955,87.277,86.93571472167969,0.831,0.6527,7.2
9.005,87.228,86.93571472167969,0.831,0.6527,7.105882352941176
9.055,87.717,86.93571472167969,0.831,0.6527,7.105882352941176
9.105,87.985,86.93571472167969,0.831,0.6527,-7.152941176470589
9.155,87.302,86.93571472167969,0.831,0.6527,-7.152941176470589
9.205,87.766,86.93571472167969,0.831,0.6527,-7.435294117647059
9.255,86.96,86.93571472167969,0.831,0.6527,-7.2
9.305,87.131,85.43571472167969,0.8316,0.6527,-7.2
9.355,86.764,85.43571472167969,0.8321,0.6527,0.0
9.405,86.74,85.43571472167969,0.8333,0.6527,0.0
9.455,86.716,85.43571472167969,0.8335,0.6527,-7.576470588235294
9.505,86.422,85.43571472167969,0.8343,0.6527,-7.529411764705882
9.555,86.081,85.43571472167969,0.8346,0.6527,-7.529411764705882
9.605,85.788,85.43571472167969,0.835,0.6527,-7.435294117647059
9.655,85.372,85.43571472167969,0.835,0.6527,-7.435294117647059
9.705,85.299,85.43571472167969,0.8351,0.6527,-7.2
9.755,85.031,85.43571472167969,0.8354,0.6527,7.105882352941176
9.805,85.006,85.43571472167969,0.8355,0.6527,7.105882352941176
9.855,85.104,85.43571472167969,0.8357,0.6527,7.2
9.905,85.421,85.43571472167969,0.8358,0.6527,7.2
9.955,85.836,85.43571472167969,0.8359,0.6527,7.2
10.005,85.885,85.43571472167969,0.8359,0.6527,0.0
10.055,85.861,85.43571472167969,0.8362,0.6527,0.0
10.105,86.007,85.43571472167969,0.8362,0.6527,-7.247058823529412
10.155,86.398,85.43571472167969,0.8362,0.6527,-7.247058823529412
10.205,85.519,85.43571472167969,0.8362,0.6527,-7.294117647058823
10.255,85.739,85.43571472167969,0.8363,0.6527,-7.435294117647059
10.305,85.104,83.93572235107422,0.8363,0.6527,-7.435294117647059
10.355,84.298,83.93572235107422,0.8363,0.6527,-7.152941176470589
10.405,84.786,83.93572235107422,0.8363,0.6527,-7.152941176470589
10.455,83.761,83.93572235107422,0.8363,0.6527,-7.2
10.505,83.883,83.93572235107422,0.8362,0.6527,-7.2
10.555,83.565,83.93572235107422,0.8362,0.6527,7.105882352941176
10.605,83.37,83.93572235107422,0.8362,0.6527,7.105882352941176
10.655,83.883,83.93572235107422,0.8362,0.6527,7.2
10.705,83.883,83.93572235107422,0.8361,0.6527,7.2
10.755,84.249,83.93572235107422,0.836,0.6527,0.0
10.805,84.225,83.93572235107422,0.836,0.6527,0.0
10.855,84.176,83.93572235107422,0.8358,0.6527,-7.2
10.905,84.249,83.93572235107422,0.8356,0.6527,-7.2
10.955,83.932,83.93572235107422,0.8356,0.6527,-7.152941176470589
11.005,83.858,83.93572235107422,0.8356,0.6527,-7.2
11.055,83.321,83.93572235107422,0.8356,0.6527,-7.2
11.105,83.175,83.93572235107422,0.8356,0.6527,7.105882352941176
11.155,83.175,83.93572235107422,0.8356,0.6527,7.105882352941176
11.205,83.248,83.93572235107422,0.8356,0.6527,7.341176470588235
11.255,83.565,83.93572235107422,0.8356,0.6527,7.341176470588235
11.305,83.883,82.43572235107422,0.8356,0.6527,7.341176470588235
11.355,84.249,82.43572235107422,0.8356,0.6527,7.2
11.405,84.298,82.43572235107422,0.8356,0.6527,7.2
11.455,84.664,82.43572235107422,0.8356,0.6527,-7.764705882352941
11.505,84.567,82.43572235107422,0.8357,0.6527,-7.764705882352941
11.555,84.2,82.43572235107422,0.8357,0.6527,-7.764705882352941
11.605,83.932,82.43572235107422,0.8359,0.6527,-7.858823529411764
11.655,83.492,82.43572235107422,0.8359,0.6527,-7.858823529411764
11.705,83.126,82.43572235107422,0.8359,0.6527,-7.623529411764705
11.755,82.662,82.43572235107422,0.836,0.6527,-7.435294117647059
11.805,82.662,82.43572235107422,0.8361,0.6527,-7.435294117647059
11.855,81.783,82.43572235107422,0.8361,0.6527,-7.152941176470589
11.905,82.54,82.43572235107422,0.8363,0.6527,-7.152941176470589
11.955,81.661,82.43572235107422,0.8363,0.6527,7.294117647058823
12.005,81.538,82.43572235107422,0.8363,0.6527,7.294117647058823
12.056,81.807,82.43572235107422,0.8363,0.6527,7.341176470588235
12.105,82.076,82.43572235107422,0.8364,0.6527,7.341176470588235
12.155,82.442,82.43572235107422,0.8364,0.6527,7.294117647058823
12.205,82.613,82.43572235107422,0.8364,0.6527,7.294117647058823
12.255,82.93,82.43572235107422,0.8363,0.6527,0.0
12.305,83.004,80.93572235107422,0.8362,0.6527,0.0
12.355,82.637,80.93572235107422,0.8361,0.6527,-7.247058823529412
12.405,82.955,80.93572235107422,0.836,0.6527,-7.247058823529412
12.455,82.198,80.93572235107422,0.836,0.6527,-7.7176470588235295
12.505,82.491,80.93572235107422,0.8359,0.6527,-7.811764705882353
12.555,82.027,80.93572235107422,0.8359,0.6527,-7.811764705882353
12.605,81.343,80.93572235107422,0.8358,0.6527,-7.623529411764705
12.655,81.026,80.93572235107422,0.8358,0.6527,-7.623529411764705
12.705,81.148,80.93572235107422,0.8356,0.6527,-7.2
12.755,80.464,80.93572235107422,0.8356,0.6527,-7.105882352941176
12.805,80.952,80.93572235107422,0.8356,0.6527,-7.105882352941176
12.855,80.317,80.93572235107422,0.8355,0.6527,7.247058823529412
12.905,80.317,80.93572235107422,0.8355,0.6527,7.247058823529412
12.955,80.415,80.93572235107422,0.8354,0.6527,7.294117647058823
13.005,80.366,80.93572235107422,0.8354,0.6527,7.294117647058823
13.055,81.221,80.93572235107422,0.8354,0.6527,7.247058823529412
13.105,81.197,80.93572235107422,0.8354,0.6527,7.247058823529412
13.155,81.294,80.93572235107422,0.8352,0.6527,-7.152941176470589
13.205,81.49,80.93572235107422,0.8352,0.6527,-7.152941176470589
13.255,81.368,80.93572235107422,0.8352,0.6527,-7.2
13.305,81.197,79.43572235107422,0.8352,0.6527,-7.2
13.355,80.513,79.43572235107422,0.8352,0.6527,-7.2
13.405,81.148,79.43572235107422,0.8349,0.6527,-7.2
13.455,80.586,79.43572235107422,0.8349,0.6527,-7.482352941176471
13.505,79.585,79.43572235107422,0.8348,0.6527,-7.482352941176471
13.555,80.049,79.43572235107422,0.8346,0.6527,-7.482352941176471
13.605,79.194,79.43572235107422,0.8346,0.6527,-7.482352941176471
13.655,78.877,79.43572235107422,0.8346,0.6527,-7.294117647058823
13.705,79.341,79.43572235107422,0.8345,0.6527,-7.294117647058823
13.755,78.706,79.43572235107422,0.8345,0.6527,7.247058823529412
13.805,78.706,79.43572235107422,0.8344,0.6527,7.247058823529412
13.855,78.755,79.43572235107422,0.8344,0.6527,7.341176470588235
13.905,78.706,79.43572235107422,0.8343,0.6527,7.341176470588235
13.955,79.365,79.43572235107422,0.8343,0.6527,7.294117647058823
14.005,79.585,79.43572235107422,0.8343,0.6527,7.341176470588235
14.057,79.853,79.43572235107422,0.8343,0.6527,7.341176470588235
14.106,79.731,79.43572235107422,0.8343,0.6527,-7.105882352941176
14.156,80.147,79.43572235107422,0.8342,0.6527,-7.105882352941176
14.206,79.976,79.43572235107422,0.8343,0.6527,-7.152941176470589
14.256,79.731,79.43572235107422,0.8343,0.6527,-7.152941176470589
14.306,79.634,77.93572235107422,0.8343,0.6527,-7.247058823529412
14.356,78.901,77.93572235107422,0.8343,0.6527,-7.247058823529412
14.406,79.048,77.93572235107422,0.8343,0.6527,-7.7176470588235295
14.456,79.414,77.93572235107422,0.8343,0.6527,-7.435294117647059
14.506,78.73,77.93572235107422,0.8342,0.6527,-7.435294117647059
14.556,77.705,77.93572235107422,0.8343,0.6527,-7.623529411764705
14.606,78.12,77.93572235107422,0.8343,0.6527,-7.623529411764705
14.656,77.631,77.93572235107422,0.8343,0.6527,7.152941176470589
14.706,77.705,77.93572235107422,0.8342,0.6527,7.152941176470589
14.756,77.68,77.93572235107422,0.8342,0.6527,7.152941176470589
14.806,77.705,77.93572235107422,0.8342,0.6527,7.152941176470589
14.856,78.462,77.93572235107422,0.8342,0.6527,7.152941176470589
14.906,78.413,77.93572235107422,0.8343,0.6527,7.152941176470589
14.956,79.145,77.93572235107422,0.8343,0.6527,-7.247058823529412
15.006,78.559,77.93572235107422,0.8343,0.6527,-7.247058823529412
15.056,78.339,77.93572235107422,0.8344,0.6527,-7.529411764705882
15.106,78.681,77.93572235107422,0.8344,0.6527,-7.529411764705882
15.156,78.755,77.93572235107422,0.8344,0.6527,-7.2
15.206,78.144,77.93572235107422,0.8344,0.6527,-7.2
15.256,77.411,77.93572235107422,0.8344,0.6527,-7.3882352941176475
15.306,77.045,76.43572998046875,0.8344,0.6527,-7.3882352941176475
15.356,77.192,76.43572998046875,0.8344,0.6527,7.247058823529412
15.406,77.143,76.43572998046875,0.8344,0.6527,7.247058823529412
15.456,77.167,76.43572998046875,0.8344,0.6527,-7.341176470588235
15.506,77.118,76.43572998046875,0.8344,0.6527,-7.341176470588235
15.556,77.436,76.43572998046875,0.8344,0.6527,-7.341176470588235
15.606,77.289,76.43572998046875,0.8344,0.6527,-7.341176470588235
15.656,76.337,76.43572998046875,0.8344,0.6527,-7.435294117647059
15.706,76.581,76.43572998046875,0.8344,0.6527,-7.435294117647059
15.756,76.117,76.43572998046875,0.8343,0.6527,7.105882352941176
15.806,76.02,76.43572998046875,0.8343,0.6527,7.105882352941176
15.856,76.459,76.43572998046875,0.8342,0.6527,7.2
15.906,76.459,76.43572998046875,0.8341,0.6527,7.2
15.956,76.752,76.43572998046875,0.8342,0.6527,0.0
16.006,76.752,76.43572998046875,0.8342,0.6527,0.0
16.058,76.874,76.43572998046875,0.8342,0.6527,-7.2
16.107,76.923,76.43572998046875,0.8342,0.6527,-7.2
16.157,77.021,76.43572998046875,0.8341,0.6527,-7.247058823529412
16.207,76.532,76.43572998046875,0.8341,0.6527,-7.247058823529412
16.257,75.8,76.43572998046875,0.8341,0.6527,-7.247058823529412
16.307,75.824,77.93572235107422,0.8341,0.6527,-7.105882352941176
16.357,75.751,77.93572235107422,0.834,0.6527,-7.105882352941176
16.407,75.726,77.93572235107422,0.834,0.6527,7.858823529411764
16.457,75.629,77.93572235107422,0.834,0.6527,7.858823529411764
16.507,76.02,77.93572235107422,0.8339,0.6527,7.858823529411764
16.557,76.606,77.93572235107422,0.8339,0.6527,7.905882352941177
16.607,76.63,77.93572235107422,0.8339,0.6527,7.905882352941177
16.657,76.874,77.93572235107422,0.8339,0.6527,7.576470588235294
16.707,78.168,77.93572235107422,0.8339,0.6527,7.529411764705882
16.757,77.534,77.93572235107422,0.8339,0.6527,7.529411764705882
16.807,77.705,77.93572235107422,0.8338,0.6527,-7.152941176470589
16.857,77.289,77.93572235107422,0.8339,0.6527,-7.152941176470589
16.907,77.68,77.93572235107422,0.8339,0.6527,7.152941176470589
16.957,77.656,77.93572235107422,0.8339,0.6527,7.294117647058823
17.007,78.144,77.93572235107422,0.8339,0.6527,7.294117647058823
17.057,78.071,77.93572235107422,0.8339,0.6527,7.152941176470589
17.107,78.413,77.93572235107422,0.8339,0.6527,7.152941176470589
17.157,78.51,77.93572235107422,0.8339,0.6527,-7.105882352941176
17.207,78.12,77.93572235107422,0.8339,0.6527,-7.105882352941176
17.257,78.242,77.93572235107422,0.8339,0.6527,-7.294117647058823
17.307,78.168,76.43572998046875,0.8339,0.6527,-7.294117647058823
17.357,77.998,76.43572998046875,0.8339,0.6527,-7.152941176470589
17.407,77.192,76.43572998046875,0.8339,0.6527,-7.152941176470589
17.457,76.996,76.43572998046875,0.8338,0.6527,-7.623529411764705
17.507,77.045,76.43572998046875,0.8338,0.6527,-7.623529411764705
17.557,76.606,76.43572998046875,0.8341,0.6527,-7.247058823529412
17.607,76.435,76.43572998046875,0.8338,0.6527,-7.247058823529412
17.657,76.557,76.43572998046875,0.8341,0.6527,-7.105882352941176
17.707,76.386,76.43572998046875,0.8341,0.6527,0.0
17.757,76.337,76.43572998046875,0.8341,0.6527,0.0
17.807,76.288,76.43572998046875,0.8341,0.6527,0.0
17.857,76.361,76.43572998046875,0.8341,0.6527,0.0
17.907,76.117,76.43572998046875,0.8341,0.6527,7.105882352941176
17.957,76.361,76.43572998046875,0.8341,0.6527,7.105882352941176
18.007,76.581,76.43572998046875,0.8341,0.6527,7.105882352941176
18.059,76.532,76.43572998046875,0.8341,0.6527,7.105882352941176
18.108,77.216,76.43572998046875,0.8341,0.6527,7.105882352941176
18.158,77.118,76.43572998046875,0.8341,0.6527,-7.105882352941176
18.208,76.752,76.43572998046875,0.8341,0.6527,-7.105882352941176
18.258,76.972,76.43572998046875,0.8341,0.6527,-7.294117647058823
18.308,76.85,74.93572998046875,0.8341,0.6527,-7.294117647058823
18.358,76.41,74.93572998046875,0.8341,0.6527,-7.247058823529412
18.408,76.142,74.93572998046875,0.8341,0.6527,-7.247058823529412
18.458,75.678,74.93572998046875,0.8341,0.6527,-7.623529411764705
18.508,75.775,74.93572998046875,0.8341,0.6527,-7.623529411764705
18.558,75.482,74.93572998046875,0.834,0.6527,-7.341176470588235
18.608,74.994,74.93572998046875,0.834,0.6527,-7.341176470588235
18.658,75.238,74.93572998046875,0.834,0.6527,-7.247058823529412
18.708,75.018,74.93572998046875,0.834,0.6527,0.0
18.758,74.969,74.93572998046875,0.834,0.6527,0.0
18.808,74.921,74.93572998046875,0.8339,0.6527,-7.105882352941176
18.858,74.823,74.93572998046875,0.8339,0.6527,-7.105882352941176
18.908,74.847,74.93572998046875,0.8339,0.6527,0.0
18.958,74.847,74.93572998046875,0.8339,0.6527,0.0
19.008,74.774,74.93572998046875,0.8339,0.6527,7.105882352941176
19.058,74.896,74.93572998046875,0.8339,0.6527,7.105882352941176
19.108,75.043,74.93572998046875,0.8339,0.6527,7.105882352941176
19.158,75.311,74.93572998046875,0.8339,0.6527,7.105882352941176
19.208,75.287,74.93572998046875,0.8339,0.6527,-7.105882352941176
19.258,75.214,74.93572998046875,0.8339,0.6527,-7.105882352941176
19.308,75.14,76.43572998046875,0.8338,0.6527,-7.2
19.358,74.676,76.43572998046875,0.8338,0.6527,-7.2
19.408,74.896,76.43572998046875,0.8338,0.6527,7.529411764705882
19.458,74.872,76.43572998046875,0.8338,0.6527,7.7176470588235295
19.508,75.189,76.43572998046875,0.8337,0.6527,7.7176470588235295
19.558,75.165,76.43572998046875,0.8336,0.6527,7.670588235294118
19.608,75.873,76.43572998046875,0.8336,0.6527,7.670588235294118
19.658,76.313,76.43572998046875,0.8336,0.6527,7.529411764705882
19.708,76.63,76.43572998046875,0.8336,0.6527,7.294117647058823
19.758,76.728,76.43572998046875,0.8336,0.6527,7.294117647058823
19.808,76.874,76.43572998046875,0.8336,0.6527,-7.152941176470589
19.858,76.532,76.43572998046875,0.8336,0.6527,-7.152941176470589
19.908,76.654,76.43572998046875,0.8336,0.6527,-7.247058823529412
19.958,76.41,76.43572998046875,0.8336,0.6527,-7.105882352941176
20.008,76.313,76.43572998046875,0.8336,0.6527,-7.105882352941176
20.06,76.068,76.43572998046875,0.8336,0.6527,0.0
20.109,76.068,76.43572998046875,0.8336,0.6527,0.0
20.159,75.751,76.43572998046875,0.8336,0.6527,7.2
20.209,76.044,76.43572998046875,0.8336,0.6527,7.2
20.259,76.117,76.43572998046875,0.8337,0.6527,7.294117647058823
20.309,76.459,74.93572998046875,0.8337,0.6527,7.294117647058823
20.359,76.459,74.93572998046875,0.8337,0.6527,7.2
20.409,77.045,74.93572998046875,0.8337,0.6527,7.2
20.459,77.265,74.93572998046875,0.8337,0.6527,-7.623529411764705
20.509,77.314,74.93572998046875,0.8338,0.6527,-7.623529411764705
20.559,77.314,74.93572998046875,0.8338,0.6527,-7.952941176470588
20.609,76.654,74.93572998046875,0.8338,0.6527,-7.952941176470588
20.659,76.386,74.93572998046875,0.8337,0.6527,-7.952941176470588
20.709,75.995,74.93572998046875,0.8337,0.6527,-7.7176470588235295
20.759,75.873,74.93572998046875,0.8338,0.6527,-7.7176470588235295
20.809,75.214,74.93572998046875,0.8338,0.6527,-7.435294117647059
20.859,75.531,74.93572998046875,0.8338,0.6527,-7.3882352941176475
20.909,74.994,74.93572998046875,0.8339,0.6527,-7.3882352941176475
20.959,75.116,74.93572998046875,0.8339,0.6527,-7.294117647058823
21.009,74.676,74.93572998046875,0.8339,0.6527,-7.294117647058823
21.059,74.579,74.93572998046875,0.8339,0.6527,-7.105882352941176
21.109,74.261,74.93572998046875,0.8339,0.6527,-7.105882352941176
21.159,74.286,74.93572998046875,0.8339,0.6527,7.2
21.209,74.188,74.93572998046875,0.8339,0.6527,7.294117647058823
21.259,74.383,74.93572998046875,0.8339,0.6527,7.294117647058823
21.309,74.701,73.43572235107422,0.8339,0.6527,7.341176470588235
21.359,74.847,73.43572235107422,0.8339,0.6527,7.341176470588235
21.409,74.75,73.43572235107422,0.8339,0.6527,-7.529411764705882
21.459,74.652,73.43572235107422,0.8339,0.6527,-7.529411764705882
21.509,75.018,73.43572235107422,0.8338,0.6527,-7.576470588235294
21.559,74.408,73.43572235107422,0.8338,0.6527,-7.576470588235294
21.609,74.383,73.43572235107422,0.8338,0.6527,-7.670588235294118
21.659,74.994,73.43572235107422,0.8338,0.6527,-7.435294117647059
21.709,73.651,73.43572235107422,0.8337,0.6527,-7.435294117647059
21.759,73.7,73.43572235107422,0.8335,0.6527,-7.623529411764705
21.809,73.602,73.43572235107422,0.8335,0.6527,-7.623529411764705
21.859,73.748,73.43572235107422,0.8335,0.6527,-7.152941176470589
21.909,72.698,73.43572235107422,0.8335,0.6527,-7.152941176470589
21.959,72.869,73.43572235107422,0.8335,0.6527,-7.152941176470589
22.009,72.576,73.43572235107422,0.8335,0.6527,-7.152941176470589
22.061,72.454,73.43572235107422,0.8335,0.6527,7.294117647058823
22.11,72.65,73.43572235107422,0.8335,0.6527,7.294117647058823
22.16,72.845,73.43572235107422,0.8334,0.6527,7.435294117647059
22.21,72.772,73.43572235107422,0.8334,0.6527,7.435294117647059
22.26,72.967,73.43572235107422,0.8334,0.6527,7.294117647058823
22.31,73.724,74.93572998046875,0.8334,0.6527,7.294117647058823
22.36,73.626,74.93572998046875,0.8333,0.6527,7.247058823529412
22.41,73.919,74.93572998046875,0.8332,0.6527,7.529411764705882
22.46,74.383,74.93572998046875,0.8333,0.6527,7.529411764705882
22.51,74.383,74.93572998046875,0.8334,0.6527,7.435294117647059
22.56,74.701,74.93572998046875,0.8333,0.6527,7.435294117647059
22.61,75.067,74.93572998046875,0.8333,0.6527,7.247058823529412
22.66,75.14,74.93572998046875,0.8333,0.6527,7.152941176470589
22.71,75.507,74.93572998046875,0.8332,0.6527,7.152941176470589
22.76,75.629,74.93572998046875,0.8332,0.6527,-7.152941176470589
22.81,75.702,74.93572998046875,0.8332,0.6527,-7.152941176470589
22.86,75.849,74.93572998046875,0.8333,0.6527,-7.341176470588235
22.91,75.116,74.93572998046875,0.8333,0.6527,-7.341176470588235
22.96,75.604,74.93572998046875,0.8333,0.6527,-7.341176470588235
23.01,74.408,74.93572998046875,0.8333,0.6527,-7.105882352941176
23.06,74.603,74.93572998046875,0.8333,0.6527,-7.105882352941176
23.11,74.554,74.93572998046875,0.8333,0.6527,7.247058823529412
23.16,74.383,74.93572998046875,0.8333,0.6527,7.2
23.21,74.676,74.93572998046875,0.8333,0.6527,7.2
23.26,74.774,74.93572998046875,0.8333,0.6527,7.247058823529412
23.31,75.14,76.43572998046875,0.8334,0.6527,7.247058823529412
23.36,75.409,76.43572998046875,0.8334,0.6527,7.105882352941176
23.41,75.58,76.43572998046875,0.8334,0.6527,7.529411764705882
23.46,75.482,76.43572998046875,0.8334,0.6527,7.529411764705882
23.51,76.093,76.43572998046875,0.8334,0.6527,7.3882352941176475
23.56,76.264,76.43572998046875,0.8334,0.6527,7.3882352941176475
23.61,76.532,76.43572998046875,0.8334,0.6527,7.2
23.66,76.899,76.43572998046875,0.8334,0.6527,7.105882352941176
23.71,77.021,76.43572998046875,0.8334,0.6527,7.105882352941176
23.76,76.19,76.43572998046875,0.8333,0.6527,-7.247058823529412
23.81,76.728,76.43572998046875,0.8333,0.6527,-7.247058823529412
23.86,77.192,76.43572998046875,0.8334,0.6527,7.152941176470589
23.91,76.996,76.43572998046875,0.8334,0.6527,-7.152941176470589
23.96,77.241,76.43572998046875,0.8334,0.6527,-7.152941176470589
24.01,76.581,76.43572998046875,0.8334,0.6527,-7.247058823529412
24.062,76.825,76.43572998046875,0.8334,0.6527,-7.105882352941176
24.111,76.459,76.43572998046875,0.8335,0.6527,-7.105882352941176
24.161,76.313,76.43572998046875,0.8336,0.6527,-7.2
24.211,76.093,76.43572998046875,0.8336,0.6527,-7.2
24.261,75.995,76.43572998046875,0.8337,0.6527,7.105882352941176
24.311,75.946,74.93572998046875,0.8337,0.6527,7.105882352941176
24.361,76.044,74.93572998046875,0.8337,0.6527,7.247058823529412
24.411,75.751,74.93572998046875,0.8337,0.6527,-7.435294117647059
24.461,76.288,74.93572998046875,0.8337,0.6527,-7.435294117647059
24.511,75.873,74.93572998046875,0.8337,0.6527,-7.3882352941176475
24.561,75.653,74.93572998046875,0.8338,0.6527,-7.3882352941176475
24.611,75.287,74.93572998046875,0.8338,0.6527,-7.3882352941176475
24.661,75.702,74.93572998046875,0.8337,0.6527,-7.341176470588235
24.711,75.018,74.93572998046875,0.8337,0.6527,-7.341176470588235
24.761,75.067,74.93572998046875,0.8337,0.6527,-7.341176470588235
24.811,74.872,74.93572998046875,0.8336,0.6527,-7.341176470588235
24.861,74.676,74.93572998046875,0.8337,0.6527,-7.105882352941176
24.911,74.505,74.93572998046875,0.8337,0.6527,7.105882352941176
24.961,74.432,74.93572998046875,0.8336,0.6527,7.105882352941176
25.011,74.31,74.93572998046875,0.8336,0.6527,7.2
25.061,74.896,74.93572998046875,0.8335,0.6527,7.2
25.111,75.14,74.93572998046875,0.8336,0.6527,7.294117647058823
25.161,75.336,74.93572998046875,0.8335,0.6527,0.0
25.211,75.36,74.93572998046875,0.8335,0.6527,0.0
25.261,75.263,74.93572998046875,0.8335,0.6527,-7.2
25.311,75.092,73.43572235107422,0.8335,0.6527,-7.2
25.361,75.14,73.43572235107422,0.8335,0.6527,-7.2
25.411,74.53,73.43572235107422,0.8335,0.6527,-7.670588235294118
25.461,74.432,73.43572235107422,0.8335,0.6527,-7.670588235294118
25.511,74.408,73.43572235107422,0.8335,0.6527,-7.482352941176471
25.561,74.261,73.43572235107422,0.8336,0.6527,-7.482352941176471
25.611,73.773,73.43572235107422,0.8335,0.6527,-7.435294117647059
25.661,73.871,73.43572235107422,0.8335,0.6527,-7.3882352941176475
25.711,73.7,73.43572235107422,0.8335,0.6527,-7.3882352941176475
25.761,73.089,73.43572235107422,0.8335,0.6527,-7.2
25.811,73.211,73.43572235107422,0.8335,0.6527,-7.2
25.861,73.162,73.43572235107422,0.8335,0.6527,7.2
25.911,73.333,73.43572235107422,0.8335,0.6527,7.152941176470589
25.961,73.553,73.43572235107422,0.8335,0.6527,7.152941176470589
26.011,73.651,73.43572235107422,0.8335,0.6527,7.105882352941176
26.063,74.139,73.43572235107422,0.8335,0.6527,7.105882352941176
26.112,73.968,73.43572235107422,0.8334,0.6527,-7.152941176470589
26.162,73.675,73.43572235107422,0.8334,0.6527,-7.341176470588235
26.212,74.017,73.43572235107422,0.8334,0.6527,-7.341176470588235
26.262,73.626,73.43572235107422,0.8334,0.6527,-7.152941176470589
26.312,73.187,71.93572235107422,0.8334,0.6527,-7.152941176470589
26.362,73.333,71.93572235107422,0.8334,0.6527,-7.152941176470589
26.412,73.187,71.93572235107422,0.8333,0.6527,-7.152941176470589
26.462,73.04,71.93572235107422,0.8333,0.6527,-7.576470588235294
26.512,72.918,71.93572235107422,0.8333,0.6527,-7.576470588235294
26.562,72.357,71.93572235107422,0.8333,0.6527,-7.482352941176471
26.612,72.308,71.93572235107422,0.8333,0.6527,-7.482352941176471
26.662,71.941,71.93572235107422,0.8333,0.6527,-7.2
26.712,71.941,71.93572235107422,0.8333,0.6527,-7.2
26.762,71.795,71.93572235107422,0.8333,0.6527,0.0
26.812,71.795,71.93572235107422,0.8333,0.6527,0.0
26.862,71.795,71.93572235107422,0.8333,0.6527,7.105882352941176
26.912,71.844,71.93572235107422,0.8333,0.6527,7.105882352941176
26.962,72.015,71.93572235107422,0.8333,0.6527,7.105882352941176
27.012,72.21,71.93572235107422,0.8333,0.6527,7.105882352941176
27.062,72.015,71.93572235107422,0.8333,0.6527,-7.105882352941176
27.112,72.283,71.93572235107422,0.8333,0.6527,-7.152941176470589
27.162,72.308,71.93572235107422,0.8333,0.6527,-7.152941176470589
27.212,72.039,71.93572235107422,0.8333,0.6527,-7.2
27.262,71.941,71.93572235107422,0.8333,0.6527,-7.2
27.312,71.868,70.43572998046875,0.8333,0.6527,-7.105882352941176
27.362,71.429,70.43572998046875,0.8332,0.6527,-7.105882352941176
27.412,71.697,70.43572998046875,0.8333,0.6527,-7.576470588235294
27.462,71.429,70.43572998046875,0.8332,0.6527,-7.576470588235294
27.512,71.258,70.43572998046875,0.8332,0.6527,-7.529411764705882
27.562,70.501,70.43572998046875,0.8333,0.6527,-7.529411764705882
27.612,70.672,70.43572998046875,0.8332,0.6527,-7.3882352941176475
27.662,70.256,70.43572998046875,0.8332,0.6527,-7.105882352941176
27.712,70.012,70.43572998046875,0.8332,0.6527,-7.105882352941176
27.762,70.208,70.43572998046875,0.8332,0.6527,7.105882352941176
27.812,70.305,70.43572998046875,0.8332,0.6527,7.105882352941176
27.862,70.403,70.43572998046875,0.8332,0.6527,7.152941176470589
27.912,70.745,70.43572998046875,0.8332,0.6527,7.152941176470589
27.962,70.94,70.43572998046875,0.8332,0.6527,0.0
28.012,70.965,70.43572998046875,0.8332,0.6527,0.0
28.064,71.013,70.43572998046875,0.8332,0.6527,-7.247058823529412
28.113,70.867,70.43572998046875,0.8332,0.6527,-7.247058823529412
28.163,70.672,70.43572998046875,0.8332,0.6527,-7.294117647058823
28.213,70.598,70.43572998046875,0.8332,0.6527,-7.294117647058823
28.263,70.134,70.43572998046875,0.8332,0.6527,-7.152941176470589
28.313,69.915,71.93572235107422,0.8332,0.6527,-7.152941176470589
28.363,70.183,71.93572235107422,0.8331,0.6527,7.152941176470589
28.413,70.281,71.93572235107422,0.8331,0.6527,7.152941176470589
28.463,70.476,71.93572235107422,0.8331,0.6527,7.7176470588235295
28.513,70.794,71.93572235107422,0.8331,0.6527,7.7176470588235295
28.563,71.087,71.93572235107422,0.833,0.6527,7.623529411764705
28.613,71.233,71.93572235107422,0.833,0.6527,7.482352941176471
28.663,71.355,71.93572235107422,0.833,0.6527,7.482352941176471
28.713,72.039,71.93572235107422,0.833,0.6527,7.341176470588235
28.763,72.381,71.93572235107422,0.8329,0.6527,7.341176470588235
28.813,72.454,71.93572235107422,0.8329,0.6527,-7.105882352941176
28.863,72.21,71.93572235107422,0.8329,0.6527,-7.247058823529412
28.913,72.137,71.93572235107422,0.8329,0.6527,-7.247058823529412
28.963,71.917,71.93572235107422,0.8329,0.6527,-7.152941176470589
29.013,71.526,71.93572235107422,0.8329,0.6527,-7.152941176470589
29.063,71.746,71.93572235107422,0.8329,0.6527,0.0
29.113,71.722,71.93572235107422,0.8329,0.6527,7.2
29.163,71.673,71.93572235107422,0.8328,0.6527,7.2
29.213,71.893,71.93572235107422,0.8328,0.6527,7.152941176470589
29.263,72.088,71.93572235107422,0.8328,0.6527,7.152941176470589
29.313,72.357,70.43572998046875,0.833,0.6527,0.0
29.363,72.405,70.43572998046875,0.833,0.6527,-7.105882352941176
29.413,72.161,70.43572998046875,0.833,0.6527,-7.105882352941176
29.463,72.308,70.43572998046875,0.833,0.6527,-7.811764705882353
29.513,72.137,70.43572998046875,0.833,0.6527,-7.811764705882353
29.563,71.893,70.43572998046875,0.833,0.6527,-7.764705882352941
29.613,71.697,70.43572998046875,0.833,0.6527,-7.7176470588235295
29.663,71.306,70.43572998046875,0.833,0.6527,-7.7176470588235295
29.713,71.013,70.43572998046875,0.833,0.6527,-7.529411764705882
29.763,70.647,70.43572998046875,0.833,0.6527,-7.529411764705882
29.813,70.256,70.43572998046875,0.833,0.6527,-7.294117647058823
29.863,70.525,70.43572998046875,0.833,0.6527,-7.152941176470589
29.913,70.281,70.43572998046875,0.833,0.6527,-7.152941176470589
29.963,70.085,70.43572998046875,0.833,0.6527,-7.105882352941176
30.013,69.866,70.43572998046875,0.833,0.6527,-7.105882352941176
30.065,69.89,70.43572998046875,0.833,0.6527,7.294117647058823
30.114,70.037,70.43572998046875,0.833,0.6527,7.294117647058823
30.164,69.719,70.43572998046875,0.8329,0.6527,7.294117647058823
30.214,70.452,70.43572998046875,0.833,0.6527,7.2
30.264,70.501,70.43572998046875,0.833,0.6527,7.2
30.314,70.965,68.93572998046875,0.833,0.6527,0.0
30.364,70.94,68.93572998046875,0.833,0.6527,-7.105882352941176
30.414,70.672,68.93572998046875,0.833,0.6527,-7.105882352941176
30.464,70.94,68.93572998046875,0.833,0.6527,-7.811764705882353
30.514,70.672,68.93572998046875,0.833,0.6527,-7.811764705882353
30.564,70.085,68.93572998046875,0.8329,0.6527,-7.811764705882353
30.614,70.159,68.93572998046875,0.833,0.6527,-7.7176470588235295
30.664,69.67,68.93572998046875,0.833,0.6527,-7.7176470588235295
30.714,69.792,68.93572998046875,0.8329,0.6527,-7.529411764705882
30.764,69.719,68.93572998046875,0.8329,0.6527,-7.529411764705882
30.814,69.304,68.93572998046875,0.8328,0.6527,-7.3882352941176475
30.864,68.84,68.93572998046875,0.8328,0.6527,-7.341176470588235
30.914,68.547,68.93572998046875,0.8328,0.6527,-7.341176470588235
30.964,68.84,68.93572998046875,0.8327,0.6527,7.105882352941176
31.014,68.938,68.93572998046875,0.8327,0.6527,7.105882352941176
31.064,69.011,68.93572998046875,0.8327,0.6527,7.105882352941176
31.114,69.158,68.93572998046875,0.8327,0.6527,0.0
31.164,69.28,68.93572998046875,0.8327,0.6527,0.0
31.214,69.304,68.93572998046875,0.8327,0.6527,-7.152941176470589
31.264,69.426,68.93572998046875,0.8327,0.6527,-7.152941176470589
31.314,68.742,67.43572998046875,0.8327,0.6527,-7.2
31.364,68.913,67.43572998046875,0.8327,0.6527,-7.247058823529412
31.414,68.791,67.43572998046875,0.8327,0.6527,-7.247058823529412
31.464,68.254,67.43572998046875,0.8327,0.6527,-7.623529411764705
31.514,68.278,67.43572998046875,0.8327,0.6527,-7.623529411764705
31.564,68.205,67.43572998046875,0.8327,0.6527,-7.3882352941176475
31.614,67.741,67.43572998046875,0.8327,0.6527,-7.3882352941176475
31.664,67.79,67.43572998046875,0.8327,0.6527,-7.3882352941176475
31.714,67.643,67.43572998046875,0.8326,0.6527,-7.152941176470589
31.764,67.448,67.43572998046875,0.8326,0.6527,-7.152941176470589
31.814,67.228,67.43572998046875,0.8326,0.6527,-7.152941176470589
31.864,67.302,67.43572998046875,0.8325,0.6527,0.0
31.914,67.228,67.43572998046875,0.8324,0.6527,0.0
31.964,67.033,67.43572998046875,0.8324,0.6527,7.105882352941176
32.014,67.375,67.43572998046875,0.8324,0.6527,7.105882352941176
32.066,67.643,67.43572998046875,0.8324,0.6527,7.2
32.115,67.619,67.43572998046875,0.8324,0.6527,0.0
32.165,67.766,67.43572998046875,0.8324,0.6527,0.0
32.215,67.863,67.43572998046875,0.8324,0.6527,-7.105882352941176
32.265,67.692,67.43572998046875,0.8324,0.6527,-7.105882352941176
32.315,67.155,65.93572235107422,0.8324,0.6527,-7.2
32.365,67.131,65.93572235107422,0.8324,0.6527,-7.152941176470589
32.415,67.131,65.93572235107422,0.8323,0.6527,-7.152941176470589
32.465,67.057,65.93572235107422,0.8324,0.6527,-7.529411764705882
32.515,67.033,65.93572235107422,0.8323,0.6527,-7.529411764705882
32.565,66.618,65.93572235107422,0.8323,0.6527,-7.482352941176471
32.615,66.471,65.93572235107422,0.8323,0.6527,-7.482352941176471
32.665,66.252,65.93572235107422,0.8323,0.6527,-7.482352941176471
32.715,66.129,65.93572235107422,0.8323,0.6527,-7.247058823529412
32.765,65.519,65.93572235107422,0.8323,0.6527,-7.247058823529412
32.815,65.641,65.93572235107422,0.8323,0.6527,-7.152941176470589
32.865,65.568,65.93572235107422,0.8323,0.6527,-7.152941176470589
32.915,65.519,65.93572235107422,0.8323,0.6527,7.152941176470589
32.965,65.617,65.93572235107422,0.8323,0.6527,7.152941176470589
33.015,65.812,65.93572235107422,0.8323,0.6527,7.2
33.065,66.178,65.93572235107422,0.8323,0.6527,7.2
33.115,66.349,65.93572235107422,0.8323,0.6527,7.2
33.165,66.545,65.93572235107422,0.8323,0.6527,-7.152941176470589
33.215,66.52,65.93572235107422,0.8323,0.6527,-7.152941176470589
33.265,66.203,65.93572235107422,0.8323,0.6527,-7.294117647058823
33.315,66.252,64.43572998046875,0.8323,0.6527,-7.294117647058823
33.365,66.154,64.43572998046875,0.8322,0.6527,-7.152941176470589
33.415,66.178,64.43572998046875,0.8322,0.6527,-7.152941176470589
33.465,65.983,64.43572998046875,0.8322,0.6527,-7.7176470588235295
33.515,65.788,64.43572998046875,0.8322,0.6527,-7.7176470588235295
33.565,65.079,64.43572998046875,0.8322,0.6527,-7.623529411764705
33.615,65.25,64.43572998046875,0.8321,0.6527,-7.623529411764705
33.665,64.908,64.43572998046875,0.832,0.6527,-7.294117647058823
33.715,64.908,64.43572998046875,0.832,0.6527,-7.294117647058823
33.765,64.689,64.43572998046875,0.832,0.6527,-7.247058823529412
33.815,64.298,64.43572998046875,0.832,0.6527,-7.247058823529412
33.865,63.907,64.43572998046875,0.832,0.6527,-7.247058823529412
33.915,64.249,64.43572998046875,0.832,0.6527,7.105882352941176
33.965,64.347,64.43572998046875,0.832,0.6527,7.105882352941176
34.015,64.518,64.43572998046875,0.8319,0.6527,7.105882352941176
34.067,64.42,64.43572998046875,0.8319,0.6527,7.105882352941176
34.116,65.348,64.43572998046875,0.8319,0.6527,-7.105882352941176
34.166,64.591,64.43572998046875,0.8319,0.6527,-7.105882352941176
34.216,64.957,64.43572998046875,0.8318,0.6527,-7.3882352941176475
34.266,64.786,64.43572998046875,0.8318,0.6527,-7.3882352941176475
34.316,64.444,65.93572235107422,0.8317,0.6527,-7.247058823529412
34.366,64.249,65.93572235107422,0.8317,0.6527,-7.247058823529412
34.416,64.322,65.93572235107422,0.8317,0.6527,7.623529411764705
34.466,64.542,65.93572235107422,0.8316,0.6527,7.623529411764705
34.516,64.518,65.93572235107422,0.8316,0.6527,7.670588235294118
34.566,65.153,65.93572235107422,0.8316,0.6527,7.576470588235294
34.616,65.153,65.93572235107422,0.8316,0.6527,7.576470588235294
34.666,65.69,65.93572235107422,0.8316,0.6527,7.341176470588235
34.716,66.129,65.93572235107422,0.8316,0.6527,7.341176470588235
34.766,66.545,65.93572235107422,0.8316,0.6527,7.152941176470589
34.816,66.667,65.93572235107422,0.8316,0.6527,-7.152941176470589
34.866,66.349,65.93572235107422,0.8316,0.6527,-7.152941176470589
34.916,66.398,65.93572235107422,0.8316,0.6527,-7.341176470588235
34.966,66.716,65.93572235107422,0.8316,0.6527,-7.341176470588235
35.016,65.958,65.93572235107422,0.8316,0.6527,-7.247058823529412
35.066,66.129,65.93572235107422,0.8316,0.6527,-7.341176470588235
35.116,65.714,65.93572235107422,0.8316,0.6527,-7.341176470588235
35.166,65.91,65.93572235107422,0.8316,0.6527,-7.152941176470589
35.216,65.739,65.93572235107422,0.8316,0.6527,-7.152941176470589
35.266,65.568,65.93572235107422,0.8316,0.6527,0.0
35.316,65.788,64.43572998046875,0.8316,0.6527,7.152941176470589
35.366,65.665,64.43572998046875,0.8316,0.6527,7.152941176470589
35.416,65.885,64.43572998046875,0.8316,0.6527,-7.576470588235294
35.466,65.397,64.43572998046875,0.8316,0.6527,-7.576470588235294
35.516,65.543,64.43572998046875,0.8316,0.6527,-7.623529411764705
35.566,64.933,64.43572998046875,0.8316,0.6527,-7.435294117647059
35.616,65.031,64.43572998046875,0.8316,0.6527,-7.435294117647059
35.666,64.957,64.43572998046875,0.8317,0.6527,-7.247058823529412
35.716,64.664,64.43572998046875,0.8318,0.6527,-7.247058823529412
35.766,64.64,64.43572998046875,0.8318,0.6527,-7.247058823529412
35.816,64.567,64.43572998046875,0.8318,0.6527,-7.152941176470589
35.866,64.322,64.43572998046875,0.8318,0.6527,-7.152941176470589
35.916,63.834,64.43572998046875,0.8317,0.6527,-7.105882352941176
35.966,63.785,64.43572998046875,0.8317,0.6527,-7.105882352941176
36.016,64.005,64.43572998046875,0.8317,0.6527,7.294117647058823
36.068,64.274,64.43572998046875,0.8317,0.6527,7.294117647058823
36.117,64.274,64.43572998046875,0.8317,0.6527,7.294117647058823
36.167,64.835,64.43572998046875,0.8317,0.6527,7.105882352941176
36.217,64.933,64.43572998046875,0.8317,0.6527,7.105882352941176
36.267,65.324,64.43572998046875,0.8316,0.6527,-7.2
36.317,65.079,62.935726165771484,0.8316,0.6527,-7.2
36.367,65.543,62.935726165771484,0.8316,0.6527,-7.3882352941176475
36.417,65.079,62.935726165771484,0.8315,0.6527,-7.3882352941176475
36.467,64.933,62.935726165771484,0.8315,0.6527,-8.047058823529412
36.517,64.64,62.935726165771484,0.8315,0.6527,-8.047058823529412
36.567,64.249,62.935726165771484,0.8315,0.6527,-7.811764705882353
36.617,64.029,62.935726165771484,0.8316,0.6527,-7.811764705882353
36.667,64.054,62.935726165771484,0.8315,0.6527,-7.576470588235294
36.717,63.663,62.935726165771484,0.8315,0.6527,-7.576470588235294
36.767,63.516,62.935726165771484,0.8315,0.6527,-7.482352941176471
36.817,62.808,62.935726165771484,0.8315,0.6527,-7.341176470588235
36.867,63.175,62.935726165771484,0.8315,0.6527,-7.341176470588235
36.917,62.955,62.935726165771484,0.8316,0.6527,7.105882352941176
36.967,63.053,62.935726165771484,0.8315,0.6527,7.105882352941176
37.017,63.126,62.935726165771484,0.8314,0.6527,0.0
37.067,63.223,62.935726165771484,0.8314,0.6527,-7.105882352941176
37.117,63.028,62.935726165771484,0.8314,0.6527,-7.105882352941176
37.167,63.004,62.935726165771484,0.8314,0.6527,-7.152941176470589
37.217,62.808,62.935726165771484,0.8314,0.6527,-7.152941176470589
37.267,62.711,62.935726165771484,0.8314,0.6527,-7.105882352941176
37.317,62.589,64.43572998046875,0.8314,0.6527,7.105882352941176
37.367,62.833,64.43572998046875,0.8313,0.6527,7.105882352941176
37.417,62.93,64.43572998046875,0.8313,0.6527,7.764705882352941
37.467,63.297,64.43572998046875,0.8313,0.6527,7.764705882352941
37.517,63.443,64.43572998046875,0.8313,0.6527,7.623529411764705
37.567,64.249,64.43572998046875,0.8313,0.6527,7.482352941176471
37.617,64.249,64.43572998046875,0.8312,0.6527,7.482352941176471
37.667,64.615,64.43572998046875,0.8312,0.6527,7.105882352941176
37.717,64.982,64.43572998046875,0.8312,0.6527,7.105882352941176
37.767,64.371,64.43572998046875,0.8312,0.6527,-7.105882352941176
37.817,64.811,64.43572998046875,0.8312,0.6527,-7.247058823529412
37.867,64.982,64.43572998046875,0.8312,0.6527,-7.247058823529412
37.917,64.86,64.43572998046875,0.8312,0.6527,-7.2
37.967,64.811,64.43572998046875,0.8312,0.6527,-7.2
38.017,64.322,64.43572998046875,0.8312,0.6527,-7.2
38.069,64.664,64.43572998046875,0.8312,0.6527,-7.2
38.118,64.591,64.43572998046875,0.8312,0.6527,-7.2
38.168,64.322,64.43572998046875,0.8312,0.6527,-7.152941176470589
38.218,63.858,64.43572998046875,0.8312,0.6527,-7.152941176470589
38.268,64.103,64.43572998046875,0.8313,0.6527,7.105882352941176
38.318,64.322,62.935726165771484,0.8313,0.6527,7.294117647058823
38.368,64.396,62.935726165771484,0.8313,0.6527,7.294117647058823
38.418,64.713,62.935726165771484,0.8313,0.6527,-7.576470588235294
38.468,64.225,62.935726165771484,0.8313,0.6527,-7.576470588235294
38.518,64.444,62.935726165771484,0.8313,0.6527,-7.7176470588235295
38.568,64.274,62.935726165771484,0.8314,0.6527,-7.7176470588235295
38.618,63.834,62.935726165771484,0.8314,0.6527,-7.623529411764705
38.668,63.639,62.935726165771484,0.8313,0.6527,-7.623529411764705
38.718,63.468,62.935726165771484,0.8314,0.6527,-7.3882352941176475
38.768,63.468,62.935726165771484,0.8314,0.6527,-7.3882352941176475
38.818,63.004,62.935726165771484,0.8314,0.6527,-7.247058823529412
38.868,63.101,62.935726165771484,0.8314,0.6527,-7.247058823529412
38.918,62.637,62.935726165771484,0.8314,0.6527,-7.105882352941176
38.968,62.882,62.935726165771484,0.8314,0.6527,-7.105882352941176
39.018,62.784,62.935726165771484,0.8314,0.6527,7.152941176470589
39.068,62.833,62.935726165771484,0.8314,0.6527,0.0
39.118,62.857,62.935726165771484,0.8314,0.6527,0.0
39.168,62.857,62.935726165771484,0.8314,0.6527,7.105882352941176
39.218,62.979,62.935726165771484,0.8314,0.6527,7.105882352941176
39.268,63.297,62.935726165771484,0.8313,0.6527,7.105882352941176
39.318,63.37,61.43572235107422,0.8313,0.6527,0.0
39.368,63.492,61.43572235107422,0.8313,0.6527,0.0
39.418,63.516,61.43572235107422,0.8313,0.6527,-7.764705882352941
39.468,63.468,61.43572235107422,0.8312,0.6527,-7.764705882352941
39.518,63.175,61.43572235107422,0.8312,0.6527,-7.858823529411764
39.568,62.955,61.43572235107422,0.8312,0.6527,-7.811764705882353
39.618,62.711,61.43572235107422,0.8312,0.6527,-7.811764705882353
39.668,62.149,61.43572235107422,0.8312,0.6527,-7.623529411764705
39.718,62.32,61.43572235107422,0.8312,0.6527,-7.623529411764705
39.768,61.929,61.43572235107422,0.8312,0.6527,-7.341176470588235
39.818,61.856,61.43572235107422,0.8312,0.6527,-7.3882352941176475
39.868,61.245,61.43572235107422,0.8312,0.6527,-7.3882352941176475
39.918,61.49,61.43572235107422,0.8312,0.6527,-7.2
39.968,61.123,61.43572235107422,0.8312,0.6527,-7.2
40.018,61.221,61.43572235107422,0.8312,0.6527,0.0
40.07,61.099,61.43572235107422,0.8312,0.6527,7.152941176470589
40.119,61.148,61.43572235107422,0.8312,0.6527,7.152941176470589
40.169,61.294,61.43572235107422,0.8312,0.6527,7.152941176470589
40.219,62.051,61.43572235107422,0.8312,0.6527,7.152941176470589
40.269,62.247,61.43572235107422,0.8311,0.6527,7.105882352941176
40.319,62.466,62.935726165771484,0.8311,0.6527,7.105882352941176
40.369,62.613,62.935726165771484,0.8311,0.6527,-7.341176470588235
40.419,62.369,62.935726165771484,0.8311,0.6527,-7.341176470588235
40.469,62.491,62.935726165771484,0.8311,0.6527,7.2
40.519,62.711,62.935726165771484,0.831,0.6527,7.294117647058823
40.569,62.906,62.935726165771484,0.831,0.6527,7.294117647058823
40.619,63.199,62.935726165771484,0.831,0.6527,7.152941176470589
40.669,63.492,62.935726165771484,0.831,0.6527,7.152941176470589
40.719,63.883,62.935726165771484,0.8309,0.6527,-7.152941176470589
40.769,63.59,62.935726165771484,0.8309,0.6527,-7.247058823529412
40.819,63.468,62.935726165771484,0.8309,0.6527,-7.247058823529412
40.869,63.394,62.935726165771484,0.8309,0.6527,-7.294117647058823
40.919,63.004,62.935726165771484,0.8309,0.6527,-7.294117647058823
40.969,63.101,62.935726165771484,0.831,0.6527,-7.247058823529412
41.019,62.808,62.935726165771484,0.831,0.6527,-7.247058823529412
41.069,62.759,62.935726165771484,0.831,0.6527,-7.105882352941176
41.119,62.759,62.935726165771484,0.831,0.6527,-7.105882352941176
41.169,62.589,62.935726165771484,0.831,0.6527,7.105882352941176
41.219,62.784,62.935726165771484,0.831,0.6527,7.105882352941176
41.269,63.053,62.935726165771484,0.831,0.6527,7.2
41.319,63.15,61.43572235107422,0.831,0.6527,7.2
41.369,63.443,61.43572235107422,0.831,0.6527,-7.105882352941176
41.419,63.077,61.43572235107422,0.831,0.6527,-7.105882352941176
41.469,63.394,61.43572235107422,0.8311,0.6527,-7.811764705882353
41.519,63.199,61.43572235107422,0.8311,0.6527,-7.670588235294118
41.569,63.028,61.43572235107422,0.8311,0.6527,-7.670588235294118
41.619,62.344,61.43572235107422,0.8311,0.6527,-7.7176470588235295
41.669,62.466,61.43572235107422,0.8311,0.6527,-7.7176470588235295
41.719,61.832,61.43572235107422,0.8311,0.6527,-7.3882352941176475
41.769,61.758,61.43572235107422,0.8311,0.6527,-7.435294117647059
41.819,62.002,61.43572235107422,0.8311,0.6527,-7.435294117647059
41.869,61.587,61.43572235107422,0.8311,0.6527,-7.2
41.919,61.123,61.43572235107422,0.8311,0.6527,-7.2
41.969,61.074,61.43572235107422,0.8311,0.6527,-7.105882352941176
42.019,61.343,61.43572235107422,0.8311,0.6527,7.2
42.071,61.148,61.43572235107422,0.8311,0.6527,7.2
42.12,61.734,61.43572235107422,0.8312,0.6527,7.105882352941176
42.17,61.807,61.43572235107422,0.8311,0.6527,7.105882352941176
42.22,62.051,61.43572235107422,0.8311,0.6527,-7.152941176470589
42.27,62.027,61.43572235107422,0.8311,0.6527,-7.2
42.32,61.905,62.65312576293945,0.8311,0.6527,-7.2
42.37,61.905,62.65312576293945,0.8311,0.6527,-7.294117647058823
42.42,61.465,62.65312576293945,0.831,0.6527,-7.294117647058823
42.47,61.661,62.65312576293945,0.8309,0.6527,7.341176470588235
42.52,61.832,62.65312576293945,0.8309,0.6527,7.529411764705882
42.57,62.198,62.65312576293945,0.8309,0.6527,7.529411764705882
42.62,62.418,62.65312576293945,0.8309,0.6527,7.3882352941176475
42.67,62.711,62.65312576293945,0.8308,0.6527,7.3882352941176475
42.72,62.833,62.65312576293945,0.8308,0.6527,7.152941176470589
42.77,63.175,62.65312576293945,0.8308,0.6527,0.0
42.82,63.223,62.65312576293945,0.8307,0.6527,0.0
42.87,63.321,62.65312576293945,0.8307,0.6527,-7.247058823529412
42.92,62.882,62.65312576293945,0.8307,0.6527,-7.247058823529412
42.97,63.419,62.65312576293945,0.8307,0.6527,-7.294117647058823
43.02,63.199,62.65312576293945,0.8309,0.6527,-7.152941176470589
43.07,62.906,62.65312576293945,0.8307,0.6527,-7.152941176470589
43.12,62.833,62.65312576293945,0.8307,0.6527,-7.247058823529412
43.17,62.418,62.65312576293945,0.8307,0.6527,-7.247058823529412
43.22,62.1,62.65312576293945,0.8308,0.6527,-7.105882352941176
43.27,62.393,62.65312576293945,0.8309,0.6527,7.152941176470589
43.32,62.466,61.15312576293945,0.8309,0.6527,7.152941176470589
43.37,62.613,61.15312576293945,0.8308,0.6527,7.152941176470589
43.42,63.028,61.15312576293945,0.8308,0.6527,7.152941176470589
43.47,63.248,61.15312576293945,0.8308,0.6527,-7.623529411764705
43.52,63.175,61.15312576293945,0.8308,0.6527,-7.623529411764705
43.57,62.906,61.15312576293945,0.8309,0.6527,-7.858823529411764
43.62,62.808,61.15312576293945,0.8309,0.6527,-7.858823529411764
43.67,62.515,61.15312576293945,0.8309,0.6527,-7.7176470588235295
43.72,62.344,61.15312576293945,0.8309,0.6527,-7.7176470588235295
43.77,61.978,61.15312576293945,0.8309,0.6527,-7.576470588235294
43.82,61.832,61.15312576293945,0.8309,0.6527,-7.576470588235294
43.87,61.978,61.15312576293945,0.831,0.6527,-7.3882352941176475
43.92,61.612,61.15312576293945,0.831,0.6527,-7.3882352941176475
43.97,61.148,61.15312576293945,0.8311,0.6527,-7.3882352941176475
44.02,61.27,61.15312576293945,0.8311,0.6527,-7.247058823529412
44.072,60.952,61.15312576293945,0.8311,0.6527,-7.247058823529412
44.121,61.148,61.15312576293945,0.8311,0.6527,-7.105882352941176
44.171,60.806,61.15312576293945,0.8311,0.6527,-7.105882352941176
44.221,60.781,61.15312576293945,0.8311,0.6527,0.0
44.271,61.026,61.15312576293945,0.8311,0.6527,7.2
44.321,60.952,62.65312576293945,0.8311,0.6527,7.2
44.371,61.099,62.65312576293945,0.8311,0.6527,7.105882352941176
44.421,61.441,62.65312576293945,0.8312,0.6527,7.105882352941176
44.471,61.954,62.65312576293945,0.8312,0.6527,7.623529411764705
44.521,61.978,62.65312576293945,0.8311,0.6527,7.623529411764705
44.571,62.271,62.65312576293945,0.8311,0.6527,7.341176470588235
44.621,62.54,62.65312576293945,0.8311,0.6527,7.341176470588235
44.671,63.126,62.65312576293945,0.8311,0.6527,7.2
44.721,63.541,62.65312576293945,0.8311,0.6527,7.105882352941176
44.771,63.663,62.65312576293945,0.8311,0.6527,7.105882352941176
44.821,63.834,62.65312576293945,0.8311,0.6527,-7.3882352941176475
44.871,63.712,62.65312576293945,0.831,0.6527,-7.3882352941176475
44.921,63.346,62.65312576293945,0.8309,0.6527,-7.482352941176471
44.971,63.199,62.65312576293945,0.831,0.6527,-7.482352941176471
45.021,63.272,62.65312576293945,0.831,0.6527,-7.341176470588235
45.071,62.906,62.65312576293945,0.831,0.6527,-7.341176470588235
45.121,62.759,62.65312576293945,0.831,0.6527,-7.294117647058823
45.171,63.053,62.65312576293945,0.831,0.6527,-7.294117647058823
45.221,62.466,62.65312576293945,0.831,0.6527,-7.105882352941176
45.271,62.613,62.65312576293945,0.831,0.6527,-7.2
45.321,62.442,64.15312194824219,0.8311,0.6527,-7.2
45.371,62.442,64.15312194824219,0.8311,0.6527,0.0
45.421,62.418,64.15312194824219,0.8311,0.6527,0.0
45.471,62.295,64.15312194824219,0.8311,0.6527,7.7176470588235295
45.521,62.637,64.15312194824219,0.8311,0.6527,7.7176470588235295
45.571,62.906,64.15312194824219,0.8311,0.6527,7.7176470588235295
45.621,63.346,64.15312194824219,0.8311,0.6527,7.623529411764705
45.671,63.639,64.15312194824219,0.8312,0.6527,7.623529411764705
45.721,63.858,64.15312194824219,0.8312,0.6527,7.341176470588235
45.771,64.005,64.15312194824219,0.8312,0.6527,7.247058823529412
45.821,64.64,64.15312194824219,0.8312,0.6527,7.247058823529412
45.871,64.884,64.15312194824219,0.8312,0.6527,7.105882352941176
45.921,64.786,64.15312194824219,0.8311,0.6527,7.105882352941176
45.971,65.153,64.15312194824219,0.8312,0.6527,-7.341176470588235
46.021,65.446,64.15312194824219,0.8312,0.6527,-7.294117647058823
46.073,65.006,64.15312194824219,0.8312,0.6527,-7.294117647058823
46.122,65.177,64.15312194824219,0.8313,0.6527,-7.529411764705882
46.172,64.835,64.15312194824219,0.8313,0.6527,-7.529411764705882
46.222,64.298,64.15312194824219,0.8313,0.6527,-7.435294117647059
46.272,64.347,64.15312194824219,0.8313,0.6527,-7.435294117647059
46.322,64.225,62.65312576293945,0.8312,0.6527,-7.105882352941176
46.372,64.2,62.65312576293945,0.8313,0.6527,-7.105882352941176
46.422,64.127,62.65312576293945,0.8313,0.6527,-7.670588235294118
46.472,63.443,62.65312576293945,0.8312,0.6527,-7.623529411764705
46.522,63.736,62.65312576293945,0.8312,0.6527,-7.623529411764705
46.572,63.297,62.65312576293945,0.8312,0.6527,-7.341176470588235
46.622,63.468,62.65312576293945,0.8312,0.6527,-7.341176470588235
46.672,63.223,62.65312576293945,0.8312,0.6527,-7.294117647058823
46.722,63.175,62.65312576293945,0.8313,0.6527,-7.3882352941176475
46.772,63.028,62.65312576293945,0.8313,0.6527,-7.3882352941176475
46.822,62.686,62.65312576293945,0.8313,0.6527,-7.247058823529412
46.872,62.686,62.65312576293945,0.8313,0.6527,-7.247058823529412
46.922,62.515,62.65312576293945,0.8313,0.6527,0.0
46.972,62.515,62.65312576293945,0.8313,0.6527,0.0
47.022,62.759,62.65312576293945,0.8313,0.6527,7.105882352941176
47.072,62.637,62.65312576293945,0.8313,0.6527,7.105882352941176
47.122,62.735,62.65312576293945,0.8312,0.6527,-7.105882352941176
47.172,62.32,62.65312576293945,0.8312,0.6527,-7.105882352941176
47.222,62.491,62.65312576293945,0.8313,0.6527,-7.105882352941176
47.272,62.54,62.65312576293945,0.8313,0.6527,-7.105882352941176
47.322,62.344,61.15312576293945,0.8313,0.6527,7.105882352941176
47.372,62.491,61.15312576293945,0.8312,0.6527,7.105882352941176
47.422,62.686,61.15312576293945,0.8312,0.6527,-7.529411764705882
47.472,62.466,61.15312576293945,0.8312,0.6527,-7.529411764705882
47.522,62.418,61.15312576293945,0.8312,0.6527,-7.623529411764705
47.572,61.832,61.15312576293945,0.8311,0.6527,-7.623529411764705
47.622,62.002,61.15312576293945,0.8311,0.6527,-7.529411764705882
47.672,61.905,61.15312576293945,0.831,0.6527,-7.529411764705882
47.722,61.587,61.15312576293945,0.831,0.6527,-7.3882352941176475
47.772,61.441,61.15312576293945,0.831,0.6527,-7.3882352941176475
47.822,61.123,61.15312576293945,0.831,0.6527,-7.2
47.872,61.026,61.15312576293945,0.8309,0.6527,-7.2
47.922,61.148,61.15312576293945,0.8309,0.6527,0.0
47.972,60.83,61.15312576293945,0.8309,0.6527,7.105882352941176
48.022,61.221,61.15312576293945,0.8309,0.6527,7.105882352941176
48.074,61.026,61.15312576293945,0.8309,0.6527,7.2
48.123,61.685,61.15312576293945,0.8309,0.6527,7.2
48.173,61.856,61.15312576293945,0.8309,0.6527,7.105882352941176
48.223,62.002,61.15312576293945,0.8308,0.6527,-7.247058823529412
48.273,61.929,61.15312576293945,0.8308,0.6527,-7.247058823529412
48.323,62.051,59.65312576293945,0.8306,0.6527,-7.3882352941176475
48.373,61.929,59.65312576293945,0.8306,0.6527,-7.3882352941176475
48.423,61.783,59.65312576293945,0.8306,0.6527,-7.952941176470588
48.473,61.587,59.65312576293945,0.8306,0.6527,-7.905882352941177
48.523,61.27,59.65312576293945,0.8306,0.6527,-7.905882352941177
48.573,61.148,59.65312576293945,0.8306,0.6527,-7.764705882352941
48.623,60.83,59.65312576293945,0.8306,0.6527,-7.764705882352941
48.673,60.244,59.65312576293945,0.8306,0.6527,-7.623529411764705
48.723,60.464,59.65312576293945,0.8306,0.6527,-7.482352941176471
48.773,60.22,59.65312576293945,0.8308,0.6527,-7.482352941176471
48.823,60.098,59.65312576293945,0.8308,0.6527,-7.341176470588235
48.873,60.708,59.65312576293945,0.8308,0.6527,-7.341176470588235
48.923,59.707,59.65312576293945,0.8307,0.6527,-7.247058823529412
48.973,59.536,59.65312576293945,0.8308,0.6527,-7.435294117647059
49.023,59.219,59.65312576293945,0.8308,0.6527,-7.435294117647059
49.073,59.292,59.65312576293945,0.8308,0.6527,7.105882352941176
49.123,59.438,59.65312576293945,0.8308,0.6527,7.105882352941176
49.173,59.585,59.65312576293945,0.8308,0.6527,7.2
49.223,60.024,59.65312576293945,0.8308,0.6527,7.152941176470589
49.273,59.78,59.65312576293945,0.8308,0.6527,7.152941176470589
49.323,60.317,58.15312194824219,0.8307,0.6527,-7.2
49.373,60.781,58.15312194824219,0.8307,0.6527,-7.2
49.423,60.415,58.15312194824219,0.8307,0.6527,-7.858823529411764
49.473,60.586,58.15312194824219,0.8307,0.6527,-8.047058823529412
49.523,60.0,58.15312194824219,0.8307,0.6527,-8.047058823529412
49.573,59.731,58.15312194824219,0.8306,0.6527,-7.952941176470588
49.623,59.463,58.15312194824219,0.8306,0.6527,-7.952941176470588
49.673,59.365,58.15312194824219,0.8306,0.6527,-7.670588235294118
49.723,58.706,58.15312194824219,0.8306,0.6527,-7.529411764705882
49.773,59.072,58.15312194824219,0.8306,0.6527,-7.529411764705882
49.823,58.584,58.15312194824219,0.8306,0.6527,-7.247058823529412
49.873,58.51,58.15312194824219,0.8306,0.6527,-7.247058823529412
49.923,58.339,58.15312194824219,0.8305,0.6527,-7.2
49.973,58.535,58.15312194824219,0.8305,0.6527,-7.2
50.023,58.193,58.15312194824219,0.8305,0.6527,-7.2
50.075,57.656,58.15312194824219,0.8305,0.6527,-7.2
50.124,58.046,58.15312194824219,0.8305,0.6527,-7.2
50.174,58.022,58.15312194824219,0.8305,0.6527,7.247058823529412
50.224,57.998,58.15312194824219,0.8305,0.6527,7.247058823529412
50.274,58.071,58.15312194824219,0.8304,0.6527,7.105882352941176
50.324,58.657,59.65312576293945,0.8304,0.6527,7.105882352941176
50.374,58.339,59.65312576293945,0.8304,0.6527,7.105882352941176
50.424,59.292,59.65312576293945,0.8304,0.6527,7.105882352941176
50.474,58.877,59.65312576293945,0.8303,0.6527,7.576470588235294
50.524,59.658,59.65312576293945,0.8303,0.6527,7.576470588235294
50.574,59.707,59.65312576293945,0.8302,0.6527,7.341176470588235
50.624,60.781,59.65312576293945,0.8302,0.6527,7.341176470588235
50.674,60.806,59.65312576293945,0.8302,0.6527,0.0
50.724,61.001,59.65312576293945,0.8302,0.6527,-7.482352941176471
50.774,60.513,59.65312576293945,0.8302,0.6527,-7.482352941176471
50.824,60.83,59.65312576293945,0.8302,0.6527,-7.576470588235294
50.874,60.635,59.65312576293945,0.8302,0.6527,-7.576470588235294
50.924,60.391,59.65312576293945,0.8302,0.6527,-7.482352941176471
50.974,59.976,59.65312576293945,0.8302,0.6527,-7.435294117647059
51.024,59.976,59.65312576293945,0.8302,0.6527,-7.435294117647059
51.074,59.878,59.65312576293945,0.8302,0.6527,-7.2
51.124,59.316,59.65312576293945,0.8302,0.6527,-7.2
51.174,59.731,59.65312576293945,0.8302,0.6527,-7.152941176470589
51.224,59.56,59.65312576293945,0.8302,0.6527,7.2
51.274,59.609,59.65312576293945,0.8302,0.6527,7.2
51.324,59.927,58.15312194824219,0.8302,0.6527,7.105882352941176
51.374,59.756,58.15312194824219,0.8302,0.6527,7.105882352941176
51.424,60.317,58.15312194824219,0.8302,0.6527,-7.7176470588235295
51.474,60.562,58.15312194824219,0.8303,0.6527,-7.670588235294118
51.524,59.951,58.15312194824219,0.8303,0.6527,-7.670588235294118
51.574,59.805,58.15312194824219,0.8303,0.6527,-7.952941176470588
51.624,59.707,58.15312194824219,0.8302,0.6527,-7.952941176470588
51.674,59.072,58.15312194824219,0.8302,0.6527,-7.670588235294118
51.724,58.852,58.15312194824219,0.8302,0.6527,-7.670588235294118
51.774,59.292,58.15312194824219,0.8302,0.6527,-7.3882352941176475
51.824,58.755,58.15312194824219,0.8303,0.6527,-7.3882352941176475
51.874,58.974,58.15312194824219,0.8303,0.6527,-7.482352941176471
51.924,58.486,58.15312194824219,0.8303,0.6527,-7.482352941176471
51.974,58.291,58.15312194824219,0.8303,0.6527,-7.3882352941176475
52.024,58.071,58.15312194824219,0.8304,0.6527,-7.3882352941176475
52.076,58.144,58.15312194824219,0.8304,0.6527,-7.105882352941176
52.125,58.046,58.15312194824219,0.8304,0.6527,-7.105882352941176
52.175,58.046,58.15312194824219,0.8304,0.6527,0.0
52.225,58.046,58.15312194824219,0.8304,0.6527,0.0
52.275,58.193,58.15312194824219,0.8304,0.6527,7.105882352941176
52.325,57.998,56.65312576293945,0.8304,0.6527,7.105882352941176
52.375,58.144,56.65312576293945,0.8304,0.6527,0.0
52.425,58.193,56.65312576293945,0.8303,0.6527,0.0
52.475,58.364,56.65312576293945,0.8304,0.6527,-7.623529411764705
52.525,58.144,56.65312576293945,0.8303,0.6527,-7.623529411764705
52.575,58.217,56.65312576293945,0.8303,0.6527,-7.7176470588235295
52.625,57.9,56.65312576293945,0.8303,0.6527,-7.7176470588235295
52.675,58.022,56.65312576293945,0.8303,0.6527,-7.670588235294118
52.725,57.534,56.65312576293945,0.8303,0.6527,-7.529411764705882
52.775,57.143,56.65312576293945,0.8303,0.6527,-7.529411764705882
52.825,57.118,56.65312576293945,0.8303,0.6527,-7.3882352941176475
52.875,57.07,56.65312576293945,0.83,0.6527,-7.3882352941176475
52.925,56.923,56.65312576293945,0.83,0.6527,-7.247058823529412
52.975,57.07,56.65312576293945,0.83,0.6527,-7.247058823529412
53.025,56.142,56.65312576293945,0.83,0.6527,-7.152941176470589
53.075,56.679,56.65312576293945,0.8299,0.6527,-7.152941176470589
53.125,56.459,56.65312576293945,0.8299,0.6527,7.247058823529412
53.175,56.508,56.65312576293945,0.8299,0.6527,0.0
53.225,56.508,56.65312576293945,0.8299,0.6527,0.0
53.275,56.581,56.65312576293945,0.8298,0.6527,7.105882352941176
53.325,56.923,55.15312576293945,0.8298,0.6527,7.105882352941176
53.375,56.703,55.15312576293945,0.8298,0.6527,7.105882352941176
53.425,56.752,55.15312576293945,0.8298,0.6527,-7.7176470588235295
53.475,57.07,55.15312576293945,0.8298,0.6527,-7.7176470588235295
53.525,56.435,55.15312576293945,0.8298,0.6527,-7.670588235294118
53.575,56.703,55.15312576293945,0.8298,0.6527,-7.670588235294118
53.625,56.435,55.15312576293945,0.8297,0.6527,-7.529411764705882
53.675,55.849,55.15312576293945,0.8297,0.6527,-7.623529411764705
53.725,56.264,55.15312576293945,0.8297,0.6527,-7.623529411764705
53.775,55.873,55.15312576293945,0.8297,0.6527,-7.341176470588235
53.825,55.336,55.15312576293945,0.8297,0.6527,-7.341176470588235
53.875,55.8,55.15312576293945,0.8297,0.6527,-7.341176470588235
53.925,55.385,55.15312576293945,0.8297,0.6527,-7.341176470588235
53.975,55.36,55.15312576293945,0.8297,0.6527,-7.294117647058823
54.025,55.604,55.15312576293945,0.8297,0.6527,-7.294117647058823
54.077,55.092,55.15312576293945,0.8297,0.6527,-7.152941176470589
54.126,55.092,55.15312576293945,0.8297,0.6527,-7.152941176470589
54.176,54.994,55.15312576293945,0.8296,0.6527,0.0
54.226,54.994,55.15312576293945,0.8296,0.6527,0.0
54.276,54.994,55.15312576293945,0.8296,0.6527,7.105882352941176
54.326,55.116,53.65312194824219,0.8296,0.6527,7.105882352941176
54.376,55.214,53.65312194824219,0.8296,0.6527,7.105882352941176
54.426,56.02,53.65312194824219,0.8296,0.6527,-7.623529411764705
54.476,55.653,53.65312194824219,0.8296,0.6527,-7.623529411764705
54.526,55.311,53.65312194824219,0.8297,0.6527,-7.952941176470588
54.576,55.067,53.65312194824219,0.8297,0.6527,-7.952941176470588
54.626,54.921,53.65312194824219,0.8297,0.6527,-7.670588235294118
54.676,54.872,53.65312194824219,0.8297,0.6527,-7.576470588235294
54.726,54.359,53.65312194824219,0.8297,0.6527,-7.576470588235294
54.776,54.383,53.65312194824219,0.8296,0.6527,-7.529411764705882
54.826,54.164,53.65312194824219,0.8296,0.6527,-7.529411764705882
54.876,54.115,53.65312194824219,0.8297,0.6527,-7.341176470588235
54.926,53.822,53.65312194824219,0.8297,0.6527,-7.341176470588235
54.976,54.164,53.65312194824219,0.8296,0.6527,-7.247058823529412
55.026,53.309,53.65312194824219,0.8297,0.6527,-7.247058823529412
55.076,53.724,53.65312194824219,0.8295,0.6527,-7.247058823529412
55.126,53.48,53.65312194824219,0.8295,0.6527,-7.247058823529412
55.176,53.7,53.65312194824219,0.8295,0.6527,-7.105882352941176
55.226,53.553,53.65312194824219,0.8295,0.6527,-7.105882352941176
55.276,53.407,53.65312194824219,0.8295,0.6527,0.0
55.326,53.407,52.15312194824219,0.8295,0.6527,0.0
55.376,53.626,52.15312194824219,0.8295,0.6527,7.152941176470589
55.426,53.016,52.15312194824219,0.8295,0.6527,-7.529411764705882
55.476,53.578,52.15312194824219,0.8295,0.6527,-7.529411764705882
55.526,53.504,52.15312194824219,0.8295,0.6527,-7.3882352941176475
55.576,53.407,52.15312194824219,0.8294,0.6527,-7.3882352941176475
55.626,52.821,52.15312194824219,0.8294,0.6527,-7.576470588235294
55.676,53.04,52.15312194824219,0.8294,0.6527,-7.529411764705882
55.726,52.503,52.15312194824219,0.8293,0.6527,-7.529411764705882
55.776,52.43,52.15312194824219,0.8293,0.6527,-7.3882352941176475
55.826,52.821,52.15312194824219,0.8293,0.6527,-7.3882352941176475
55.876,52.576,52.15312194824219,0.8293,0.6527,-7.152941176470589
55.926,52.21,52.15312194824219,0.8292,0.6527,-7.294117647058823
55.976,52.479,52.15312194824219,0.8292,0.6527,-7.294117647058823
56.026,52.283,52.15312194824219,0.8292,0.6527,0.0
56.078,52.259,52.15312194824219,0.8292,0.6527,0.0
56.127,52.332,52.15312194824219,0.8292,0.6527,-7.105882352941176
56.177,52.552,52.15312194824219,0.8292,0.6527,-7.105882352941176
56.227,51.893,52.15312194824219,0.8292,0.6527,-7.105882352941176
56.277,52.381,52.15312194824219,0.8292,0.6527,-7.2
56.327,52.063,50.65312194824219,0.8292,0.6527,-7.2
56.377,52.137,50.65312194824219,0.8291,0.6527,-7.152941176470589
56.427,52.039,50.65312194824219,0.8291,0.6527,-7.576470588235294
56.477,51.697,50.65312194824219,0.8291,0.6527,-7.576470588235294
56.527,51.624,50.65312194824219,0.829,0.6527,-7.576470588235294
56.577,51.844,50.65312194824219,0.829,0.6527,-7.576470588235294
56.627,51.404,50.65312194824219,0.829,0.6527,-7.435294117647059
56.677,51.404,50.65312194824219,0.829,0.6527,-7.435294117647059
56.727,51.209,50.65312194824219,0.829,0.6527,-7.341176470588235
56.777,51.209,50.65312194824219,0.829,0.6527,-7.341176470588235
56.827,50.696,50.65312194824219,0.829,0.6527,-7.247058823529412
56.877,51.136,50.65312194824219,0.829,0.6527,-7.247058823529412
56.927,50.965,50.65312194824219,0.829,0.6527,0.0
56.977,50.94,50.65312194824219,0.829,0.6527,0.0
57.027,51.111,50.65312194824219,0.829,0.6527,-7.152941176470589
57.077,51.013,50.65312194824219,0.829,0.6527,-7.152941176470589
57.127,50.696,50.65312194824219,0.829,0.6527,-7.247058823529412
57.177,51.013,50.65312194824219,0.829,0.6527,-7.2
57.227,50.623,50.65312194824219,0.829,0.6527,-7.2
57.277,50.647,50.65312194824219,0.829,0.6527,-7.2
57.327,50.549,49.15312576293945,0.829,0.6527,-7.2
57.377,50.379,49.15312576293945,0.829,0.6527,0.0
57.427,50.232,49.15312576293945,0.829,0.6527,-7.576470588235294
57.477,50.403,49.15312576293945,0.829,0.6527,-7.576470588235294
57.527,49.695,49.15312576293945,0.829,0.6527,-7.482352941176471
57.577,49.963,49.15312576293945,0.829,0.6527,-7.482352941176471
57.627,50.037,49.15312576293945,0.8289,0.6527,-7.247058823529412
57.677,49.841,49.15312576293945,0.8289,0.6527,-7.341176470588235
57.727,49.695,49.15312576293945,0.8289,0.6527,-7.341176470588235
57.777,49.792,49.15312576293945,0.8289,0.6527,-7.341176470588235
57.827,50.525,49.15312576293945,0.8288,0.6527,-7.341176470588235
57.877,49.451,49.15312576293945,0.8288,0.6527,-7.294117647058823
57.927,49.353,49.15312576293945,0.8288,0.6527,-7.576470588235294
57.977,48.962,49.15312576293945,0.8286,0.6527,-7.576470588235294
58.027,48.596,49.15312576293945,0.8286,0.6527,-7.152941176470589
58.079,49.035,49.15312576293945,0.8287,0.6527,7.247058823529412
58.128,49.109,49.15312576293945,0.8287,0.6527,7.247058823529412
58.178,49.035,49.15312576293945,0.8286,0.6527,7.105882352941176
58.228,49.499,49.15312576293945,0.8287,0.6527,7.105882352941176
58.278,49.719,49.15312576293945,0.8286,0.6527,7.105882352941176
58.328,50.085,50.65312194824219,0.8285,0.6527,7.105882352941176
58.378,50.354,50.65312194824219,0.8284,0.6527,-7.294117647058823
58.428,49.939,50.65312194824219,0.8284,0.6527,-7.294117647058823
58.478,50.403,50.65312194824219,0.8284,0.6527,7.152941176470589
58.528,50.305,50.65312194824219,0.8284,0.6527,7.152941176470589
58.578,50.305,50.65312194824219,0.8284,0.6527,7.152941176470589
58.628,50.818,50.65312194824219,0.8283,0.6527,7.152941176470589
58.678,51.013,50.65312194824219,0.8283,0.6527,7.2
58.728,51.551,50.65312194824219,0.8283,0.6527,7.2
58.778,51.77,50.65312194824219,0.8283,0.6527,-7.2
58.828,51.624,50.65312194824219,0.8282,0.6527,-7.2
58.878,51.722,50.65312194824219,0.8283,0.6527,-7.482352941176471
58.928,51.477,50.65312194824219,0.8282,0.6527,-7.482352941176471
58.978,51.331,50.65312194824219,0.8282,0.6527,-7.482352941176471
59.028,51.087,50.65312194824219,0.8282,0.6527,-7.482352941176471
59.078,51.038,50.65312194824219,0.8282,0.6527,-7.294117647058823
59.128,50.427,50.65312194824219,0.8282,0.6527,-7.2
59.178,51.013,50.65312194824219,0.8282,0.6527,-7.2
59.228,50.745,50.65312194824219,0.8282,0.6527,7.152941176470589
59.278,50.598,50.65312194824219,0.8282,0.6527,7.152941176470589
59.328,50.867,49.15312576293945,0.8282,0.6527,-7.105882352941176
59.378,50.965,49.15312576293945,0.8282,0.6527,0.0
59.428,50.989,49.15312576293945,0.8282,0.6527,0.0
59.478,50.94,49.15312576293945,0.8282,0.6527,-7.7176470588235295
59.528,50.794,49.15312576293945,0.8282,0.6527,-7.7176470588235295
59.578,50.11,49.15312576293945,0.8282,0.6527,-7.7176470588235295
59.628,50.379,49.15312576293945,0.8282,0.6527,-7.670588235294118
59.678,49.963,49.15312576293945,0.8282,0.6527,-7.670588235294118
59.728,49.915,49.15312576293945,0.8282,0.6527,-7.529411764705882
59.778,49.475,49.15312576293945,0.8282,0.6527,-7.529411764705882
59.828,49.792,49.15312576293945,0.8282,0.6527,-7.341176470588235
59.878,49.402,49.15312576293945,0.8282,0.6527,-7.341176470588235
59.928,49.426,49.15312576293945,0.8282,0.6527,-7.294117647058823
59.978,49.377,49.15312576293945,0.8282,0.6527,-7.294117647058823
60.028,49.231,49.15312576293945,0.8282,0.6527,-7.152941176470589
60.08,48.816,49.15312576293945,0.8282,0.6527,-7.152941176470589
60.129,49.328,49.15312576293945,0.8282,0.6527,-7.105882352941176
60.179,49.353,49.15312576293945,0.8282,0.6527,-7.105882352941176
60.229,48.962,49.15312576293945,0.8282,0.6527,-7.105882352941176
60.279,48.62,49.15312576293945,0.8283,0.6527,-7.105882352941176
60.329,49.06,50.65312194824219,0.8283,0.6527,7.152941176470589
60.379,49.06,50.65312194824219,0.8282,0.6527,7.247058823529412
60.429,49.133,50.65312194824219,0.8282,0.6527,7.247058823529412
60.479,49.475,50.65312194824219,0.8283,0.6527,7.670588235294118
60.529,49.597,50.65312194824219,0.8283,0.6527,7.670588235294118
60.579,50.403,50.65312194824219,0.8284,0.6527,7.482352941176471
60.629,50.672,50.65312194824219,0.8283,0.6527,7.435294117647059
60.679,51.184,50.65312194824219,0.8283,0.6527,7.435294117647059
60.729,51.16,50.65312194824219,0.8283,0.6527,0.0
60.779,51.306,50.65312194824219,0.8283,0.6527,0.0
60.829,51.258,50.65312194824219,0.8282,0.6527,-7.247058823529412
60.879,51.136,50.65312194824219,0.8282,0.6527,-7.294117647058823
60.929,51.087,50.65312194824219,0.8283,0.6527,-7.294117647058823
60.979,51.013,50.65312194824219,0.8282,0.6527,-7.247058823529412
61.029,50.965,50.65312194824219,0.8282,0.6527,-7.247058823529412
61.079,50.696,50.65312194824219,0.8282,0.6527,-7.2
61.129,50.598,50.65312194824219,0.8282,0.6527,-7.152941176470589
61.179,50.33,50.65312194824219,0.8282,0.6527,-7.152941176470589
61.229,50.598,50.65312194824219,0.8282,0.6527,0.0
61.279,50.549,50.65312194824219,0.8282,0.6527,0.0
61.329,50.598,49.15312576293945,0.8282,0.6527,0.0
61.379,50.476,49.15312576293945,0.8282,0.6527,7.105882352941176
61.429,50.72,49.15312576293945,0.8282,0.6527,7.105882352941176
61.479,50.476,49.15312576293945,0.8282,0.6527,-7.576470588235294
61.529,50.574,49.15312576293945,0.8282,0.6527,-7.576470588235294
61.579,50.842,49.15312576293945,0.8283,0.6527,-7.576470588235294
61.629,50.427,49.15312576293945,0.8283,0.6527,-7.576470588235294
61.679,50.012,49.15312576293945,0.8283,0.6527,-7.576470588235294
61.729,49.841,49.15312576293945,0.8283,0.6527,-7.529411764705882
61.779,49.646,49.15312576293945,0.8283,0.6527,-7.529411764705882
61.829,49.817,49.15312576293945,0.8283,0.6527,-7.341176470588235
61.879,49.67,49.15312576293945,0.8283,0.6527,-7.247058823529412
61.929,49.597,49.15312576293945,0.8282,0.6527,-7.247058823529412
61.979,49.353,49.15312576293945,0.8281,0.6527,-7.247058823529412
62.029,49.28,49.15312576293945,0.8281,0.6527,-7.247058823529412
62.081,49.377,49.15312576293945,0.8281,0.6527,-7.152941176470589
62.13,49.035,49.15312576293945,0.8281,0.6527,-7.105882352941176
62.18,49.206,49.15312576293945,0.8281,0.6527,-7.105882352941176
62.23,49.182,49.15312576293945,0.8282,0.6527,7.105882352941176
62.28,49.206,49.15312576293945,0.8282,0.6527,7.105882352941176
62.33,49.255,50.65312194824219,0.8281,0.6527,0.0
62.38,49.402,50.65312194824219,0.8282,0.6527,0.0
62.43,49.426,50.65312194824219,0.8281,0.6527,0.0
62.48,49.402,50.65312194824219,0.8281,0.6527,7.529411764705882
62.53,49.353,50.65312194824219,0.8281,0.6527,7.529411764705882
62.58,49.817,50.65312194824219,0.8281,0.6527,7.529411764705882
62.63,50.085,50.65312194824219,0.8281,0.6527,7.529411764705882
62.68,50.598,50.65312194824219,0.8281,0.6527,7.529411764705882
62.73,51.038,50.65312194824219,0.8282,0.6527,7.294117647058823
62.78,51.453,50.65312194824219,0.8282,0.6527,7.294117647058823
62.83,51.355,50.65312194824219,0.8282,0.6527,-7.2
62.88,51.306,50.65312194824219,0.8282,0.6527,-7.341176470588235
62.93,51.062,50.65312194824219,0.8281,0.6527,-7.341176470588235
62.98,51.16,50.65312194824219,0.8281,0.6527,-7.294117647058823
63.03,51.258,50.65312194824219,0.8281,0.6527,-7.294117647058823
63.08,51.013,50.65312194824219,0.8281,0.6527,-7.247058823529412
63.13,50.696,50.65312194824219,0.8281,0.6527,-7.294117647058823
63.18,50.769,50.65312194824219,0.8281,0.6527,-7.294117647058823
63.23,50.72,50.65312194824219,0.8281,0.6527,0.0
63.28,50.72,50.65312194824219,0.8281,0.6527,0.0
63.33,52.186,49.15312576293945,0.8281,0.6527,-7.105882352941176
63.38,50.647,49.15312576293945,0.8282,0.6527,-7.105882352941176
63.43,50.623,49.15312576293945,0.8281,0.6527,-8.188235294117646
63.48,50.623,49.15312576293945,0.8281,0.6527,-8.188235294117646
63.53,49.89,49.15312576293945,0.8281,0.6527,-7.623529411764705
63.58,49.89,49.15312576293945,0.8281,0.6527,-7.623529411764705
63.63,49.524,49.15312576293945,0.8281,0.6527,-7.341176470588235
63.68,49.573,49.15312576293945,0.8281,0.6527,-7.341176470588235
63.73,49.475,49.15312576293945,0.8281,0.6527,-7.2
63.78,49.475,49.15312576293945,0.8281,0.6527,-7.2
63.83,48.962,49.15312576293945,0.828,0.6527,-7.2
63.88,49.084,49.15312576293945,0.8279,0.6527,-7.2
63.93,49.109,49.15312576293945,0.828,0.6527,-7.2
63.98,49.06,49.15312576293945,0.828,0.6527,7.105882352941176
64.03,49.255,49.15312576293945,0.828,0.6527,7.105882352941176
64.082,49.158,49.15312576293945,0.828,0.6527,7.105882352941176
64.131,48.987,49.15312576293945,0.8279,0.6527,-7.105882352941176
64.181,49.231,49.15312576293945,0.828,0.6527,-7.105882352941176
64.231,49.475,49.15312576293945,0.8279,0.6527,7.105882352941176
64.281,49.719,49.15312576293945,0.828,0.6527,7.105882352941176
64.331,49.475,50.65312194824219,0.828,0.6527,-7.2
64.381,49.621,50.65312194824219,0.8279,0.6527,-7.2
64.431,49.548,50.65312194824219,0.8279,0.6527,7.482352941176471
64.481,50.11,50.65312194824219,0.8279,0.6527,7.482352941176471
64.531,49.939,50.65312194824219,0.8279,0.6527,7.482352941176471
64.581,49.89,50.65312194824219,0.8279,0.6527,7.482352941176471
64.631,50.891,50.65312194824219,0.8281,0.6527,7.341176470588235
64.681,50.891,50.65312194824219,0.828,0.6527,7.341176470588235
64.731,51.087,50.65312194824219,0.8279,0.6527,-7.152941176470589
64.781,50.965,50.65312194824219,0.8279,0.6527,-7.152941176470589
64.831,50.989,50.65312194824219,0.8279,0.6527,-7.2
64.881,50.989,50.65312194824219,0.8279,0.6527,-7.152941176470589
64.931,50.916,50.65312194824219,0.8279,0.6527,-7.152941176470589
64.981,50.794,50.65312194824219,0.8279,0.6527,-7.2
65.031,50.305,50.65312194824219,0.8279,0.6527,-7.2
65.081,50.452,50.65312194824219,0.8279,0.6527,-7.105882352941176
65.131,50.574,50.65312194824219,0.8279,0.6527,7.2
65.181,50.623,50.65312194824219,0.8279,0.6527,7.2
65.231,50.94,50.65312194824219,0.828,0.6527,7.105882352941176
65.281,51.038,50.65312194824219,0.828,0.6527,7.105882352941176
65.331,51.282,49.15312576293945,0.8282,0.6527,-7.152941176470589
65.381,51.038,49.15312576293945,0.8282,0.6527,-7.152941176470589
65.431,51.355,49.15312576293945,0.8282,0.6527,-7.858823529411764
65.481,51.087,49.15312576293945,0.8282,0.6527,-7.858823529411764
65.531,50.891,49.15312576293945,0.8282,0.6527,-7.905882352941177
65.581,50.354,49.15312576293945,0.8282,0.6527,-7.764705882352941
65.631,50.427,49.15312576293945,0.8282,0.6527,-7.764705882352941
65.681,49.89,49.15312576293945,0.8282,0.6527,-7.529411764705882
65.731,50.159,49.15312576293945,0.8282,0.6527,-7.529411764705882
65.781,49.695,49.15312576293945,0.8282,0.6527,-7.341176470588235
65.831,49.915,49.15312576293945,0.8281,0.6527,-7.435294117647059
65.881,49.988,49.15312576293945,0.8282,0.6527,-7.435294117647059
65.931,49.255,49.15312576293945,0.8281,0.6527,-7.341176470588235
65.981,49.182,49.15312576293945,0.8281,0.6527,-7.341176470588235
66.031,49.353,49.15312576293945,0.8281,0.6527,-7.105882352941176
66.083,49.377,49.15312576293945,0.828,0.6527,0.0
66.132,49.353,49.15312576293945,0.828,0.6527,0.0
66.182,49.231,49.15312576293945,0.828,0.6527,-7.152941176470589
66.232,48.791,49.15312576293945,0.828,0.6527,-7.152941176470589
66.282,49.084,49.15312576293945,0.828,0.6527,-7.105882352941176
66.332,48.864,47.65312194824219,0.8281,0.6527,-7.105882352941176
66.382,49.011,47.65312194824219,0.8281,0.6527,7.105882352941176
66.432,49.158,47.65312194824219,0.8281,0.6527,7.105882352941176
66.482,48.938,47.65312194824219,0.828,0.6527,-7.576470588235294
66.532,49.231,47.65312194824219,0.828,0.6527,-7.576470588235294
66.582,48.718,47.65312194824219,0.8281,0.6527,-7.529411764705882
66.632,48.864,47.65312194824219,0.8281,0.6527,-7.529411764705882
66.682,48.987,47.65312194824219,0.8281,0.6527,-7.482352941176471
66.732,48.718,47.65312194824219,0.8281,0.6527,-7.482352941176471
66.782,48.571,47.65312194824219,0.8281,0.6527,-7.576470588235294
66.832,48.376,47.65312194824219,0.8281,0.6527,-7.576470588235294
66.882,47.839,47.65312194824219,0.8281,0.6527,-7.3882352941176475
66.932,48.083,47.65312194824219,0.8281,0.6527,-7.3882352941176475
66.982,48.01,47.65312194824219,0.8281,0.6527,-7.105882352941176
67.032,48.059,47.65312194824219,0.8281,0.6527,-7.105882352941176
67.082,47.814,47.65312194824219,0.8281,0.6527,-7.2
67.132,47.937,47.65312194824219,0.828,0.6527,-7.2
67.182,47.766,47.65312194824219,0.828,0.6527,-7.105882352941176
67.232,47.668,47.65312194824219,0.828,0.6527,-7.105882352941176
67.282,47.497,47.65312194824219,0.828,0.6527,-7.105882352941176
67.332,47.595,46.15312576293945,0.828,0.6527,0.0
67.382,47.595,46.15312576293945,0.828,0.6527,0.0
67.432,47.619,46.15312576293945,0.828,0.6527,-7.623529411764705
67.482,47.228,46.15312576293945,0.828,0.6527,-7.623529411764705
67.532,47.009,46.15312576293945,0.828,0.6527,-7.623529411764705
67.582,46.789,46.15312576293945,0.828,0.6527,-7.623529411764705
67.632,47.082,46.15312576293945,0.8281,0.6527,-7.3882352941176475
67.682,47.277,46.15312576293945,0.8281,0.6527,-7.3882352941176475
67.732,46.496,46.15312576293945,0.8281,0.6527,-7.3882352941176475
67.782,46.374,46.15312576293945,0.8281,0.6527,-7.3882352941176475
67.832,46.667,46.15312576293945,0.8281,0.6527,-7.2
67.882,46.398,46.15312576293945,0.8281,0.6527,-7.2
67.932,46.545,46.15312576293945,0.8281,0.6527,-7.247058823529412
67.982,46.422,46.15312576293945,0.8281,0.6527,-7.247058823529412
68.032,45.983,46.15312576293945,0.8281,0.6527,-7.2
68.084,46.276,46.15312576293945,0.8281,0.6527,-7.2
68.133,46.374,46.15312576293945,0.8281,0.6527,7.105882352941176
68.183,46.422,46.15312576293945,0.8281,0.6527,7.105882352941176
68.233,46.325,46.15312576293945,0.828,0.6527,-7.152941176470589
68.283,46.422,46.15312576293945,0.828,0.6527,-7.152941176470589
68.333,46.129,44.65312194824219,0.828,0.6527,-7.105882352941176
68.383,45.885,44.65312194824219,0.828,0.6527,-7.105882352941176
68.433,46.081,44.65312194824219,0.8279,0.6527,-7.623529411764705
68.483,46.227,44.65312194824219,0.8279,0.6527,-7.623529411764705
68.533,45.568,44.65312194824219,0.8279,0.6527,-7.576470588235294
68.583,45.568,44.65312194824219,0.8279,0.6527,-7.670588235294118
68.633,45.275,44.65312194824219,0.8278,0.6527,-7.670588235294118
68.683,45.543,44.65312194824219,0.8278,0.6527,-7.3882352941176475
68.733,45.372,44.65312194824219,0.8278,0.6527,-7.3882352941176475
68.783,45.201,44.65312194824219,0.8277,0.6527,-7.3882352941176475
68.833,45.079,44.65312194824219,0.8277,0.6527,-7.341176470588235
68.883,44.933,44.65312194824219,0.8277,0.6527,-7.341176470588235
68.933,44.884,44.65312194824219,0.8276,0.6527,-7.2
68.983,44.689,44.65312194824219,0.8276,0.6527,-7.2
69.033,44.762,44.65312194824219,0.8276,0.6527,-7.152941176470589
69.083,44.786,44.65312194824219,0.8276,0.6527,0.0
69.133,44.811,44.65312194824219,0.8275,0.6527,0.0
69.183,44.786,44.65312194824219,0.8275,0.6527,-7.105882352941176
69.233,44.713,44.65312194824219,0.8273,0.6527,-7.105882352941176
69.283,44.664,44.65312194824219,0.8272,0.6527,-7.105882352941176
69.333,44.664,43.15312576293945,0.8272,0.6527,0.0
69.383,44.737,43.15312576293945,0.8271,0.6527,0.0
69.433,44.713,43.15312576293945,0.827,0.6527,-7.623529411764705
69.483,44.493,43.15312576293945,0.827,0.6527,-7.623529411764705
69.533,44.298,43.15312576293945,0.8269,0.6527,-7.623529411764705
69.583,44.103,43.15312576293945,0.8265,0.6527,-7.623529411764705
69.633,43.639,43.15312576293945,0.8265,0.6527,-7.482352941176471
69.683,43.468,43.15312576293945,0.8264,0.6527,-7.482352941176471
69.733,43.687,43.15312576293945,0.8262,0.6527,-7.247058823529412
69.783,43.419,43.15312576293945,0.826,0.6527,-7.247058823529412
69.833,43.223,43.15312576293945,0.8258,0.6527,-7.247058823529412
69.883,43.077,43.15312576293945,0.8257,0.6527,-7.247058823529412
69.933,43.101,43.15312576293945,0.8256,0.6527,-7.105882352941176
69.983,43.297,43.15312576293945,0.8255,0.6527,-7.105882352941176
70.033,43.297,43.15312576293945,0.8253,0.6527,0.0
70.085,42.833,43.15312576293945,0.825,0.6527,-7.105882352941176
70.134,43.394,43.15312576293945,0.8243,0.6527,-7.105882352941176
70.184,43.37,43.15312576293945,0.8242,0.6527,7.2
70.234,43.346,43.15312576293945,0.8239,0.6527,7.2
70.284,43.223,43.15312576293945,0.8239,0.6527,-7.152941176470589
70.334,43.175,41.65312194824219,0.8236,0.6527,-7.152941176470589
70.384,43.443,41.65312194824219,0.8232,0.6527,-7.152941176470589
70.434,43.321,41.65312194824219,0.8231,0.6527,-7.623529411764705
70.484,43.101,41.65312194824219,0.8223,0.6527,-7.623529411764705
70.534,43.004,41.65312194824219,0.8222,0.6527,-7.670588235294118
70.584,42.979,41.65312194824219,0.8221,0.6527,-7.670588235294118
70.634,42.808,41.65312194824219,0.8215,0.6527,-7.576470588235294
70.684,42.271,41.65312194824219,0.8214,0.6527,-7.576470588235294
70.734,42.491,41.65312194824219,0.8209,0.6527,-7.482352941176471
70.784,41.856,41.65312194824219,0.8204,0.6527,-7.294117647058823
70.834,42.149,41.65312194824219,0.8199,0.6527,-7.294117647058823
70.884,42.1,41.65312194824219,0.8181,0.6527,-7.152941176470589
70.934,41.709,41.65312194824219,0.8181,0.6527,-7.152941176470589
70.984,42.1,41.65312194824219,0.8174,0.6527,-7.247058823529412
71.034,42.027,41.65312194824219,0.8168,0.6527,0.0
71.084,42.002,41.65312194824219,0.816,0.6527,0.0
71.134,41.929,41.65312194824219,0.8152,0.6527,-7.2
71.184,41.929,41.65312194824219,0.8142,0.6527,-7.2
71.234,41.978,41.65312194824219,0.8134,0.6527,-7.152941176470589
71.284,41.734,41.65312194824219,0.8122,0.6527,-7.152941176470589
71.334,41.441,40.15312576293945,0.8113,0.6527,-7.2
71.384,41.319,40.15312576293945,0.8108,0.6527,-7.2
71.434,41.661,40.15312576293945,0.8101,0.6527,-7.529411764705882
71.484,41.294,40.15312576293945,0.8084,0.6527,-7.529411764705882
71.534,41.368,40.15312576293945,0.8076,0.6527,-7.623529411764705
71.584,40.928,40.15312576293945,0.8061,0.6527,-7.623529411764705
71.634,41.148,40.15312576293945,0.8046,0.6527,-7.529411764705882
71.684,41.074,40.15312576293945,0.8035,0.6527,-7.529411764705882
71.734,40.415,40.15312576293945,0.8021,0.6527,-7.435294117647059
71.784,40.781,40.15312576293945,0.801,0.6527,-7.3882352941176475
71.834,40.22,40.15312576293945,0.7998,0.6527,-7.3882352941176475
71.884,40.488,40.15312576293945,0.7983,0.6527,-7.294117647058823
71.934,40.317,40.15312576293945,0.796,0.6527,-7.294117647058823
71.984,40.391,40.15312576293945,0.7955,0.6527,-7.2
72.034,40.317,40.15312576293945,0.794,0.6527,-7.105882352941176
72.086,39.853,40.15312576293945,0.7926,0.6527,-7.105882352941176
72.135,40.317,40.15312576293945,0.7913,0.6527,-7.105882352941176
72.185,40.147,40.15312576293945,0.7895,0.6527,-7.105882352941176
72.235,39.634,40.15312576293945,0.7878,0.6527,-7.105882352941176
72.285,40.0,40.15312576293945,0.7862,0.6527,-7.105882352941176
72.335,40.049,39.47712326049805,0.7848,0.6527,7.247058823529412
72.385,40.098,39.47712326049805,0.7837,0.6527,7.247058823529412
72.435,40.415,39.47712326049805,0.7815,0.6527,-7.294117647058823
72.485,39.951,39.47712326049805,0.7802,0.6527,-7.294117647058823
72.535,40.098,39.47712326049805,0.7787,0.6527,-7.435294117647059
72.585,40.0,39.47712326049805,0.7767,0.6527,-7.435294117647059
72.635,39.902,39.47712326049805,0.7754,0.6527,-7.294117647058823
72.685,39.756,39.47712326049805,0.7739,0.6527,-7.294117647058823
72.735,39.56,39.47712326049805,0.7716,0.6527,-7.2
72.785,39.609,39.47712326049805,0.7706,0.6527,-7.152941176470589
72.835,39.316,39.47712326049805,0.7688,0.6527,-7.152941176470589
72.885,39.609,39.47712326049805,0.7669,0.6527,-7.105882352941176
72.935,39.121,39.47712326049805,0.765,0.6527,-7.105882352941176
72.985,39.463,39.47712326049805,0.764,0.6527,-7.105882352941176
73.035,39.316,39.47712326049805,0.7622,0.6527,7.2
73.085,39.365,39.47712326049805,0.76,0.6527,7.2
73.135,39.683,39.47712326049805,0.759,0.6527,7.105882352941176
73.185,39.707,39.47712326049805,0.7569,0.6527,7.105882352941176
73.235,40.195,39.47712326049805,0.7547,0.6527,-7.152941176470589
73.285,40.171,39.47712326049805,0.7536,0.6527,-7.152941176470589
73.335,40.024,40.97712707519531,0.7514,0.6527,-7.152941176470589
73.385,40.024,40.97712707519531,0.7495,0.6527,-7.341176470588235
73.435,39.731,40.97712707519531,0.7486,0.6527,-7.341176470588235
73.485,39.976,40.97712707519531,0.7457,0.6527,7.435294117647059
73.535,39.829,40.97712707519531,0.7439,0.6527,7.435294117647059
73.585,39.902,40.97712707519531,0.7424,0.6527,7.435294117647059
73.635,40.366,40.97712707519531,0.7404,0.6527,7.435294117647059
73.685,40.391,40.97712707519531,0.7385,0.6527,7.482352941176471
73.735,41.074,40.97712707519531,0.7365,0.6527,7.482352941176471
73.785,40.83,40.97712707519531,0.7339,0.6527,7.294117647058823
73.835,41.758,40.97712707519531,0.732,0.6527,7.294117647058823
73.885,41.88,40.97712707519531,0.7299,0.6527,7.105882352941176
73.935,42.344,40.97712707519531,0.7279,0.6527,7.105882352941176
73.985,42.491,40.97712707519531,0.7254,0.6527,-7.3882352941176475
74.035,42.369,40.97712707519531,0.7236,0.6527,-7.576470588235294
74.087,42.711,40.97712707519531,0.7207,0.6527,-7.576470588235294
74.136,42.54,40.97712707519531,0.7185,0.6527,-7.576470588235294
74.186,42.393,40.97712707519531,0.7164,0.6527,-7.576470588235294
74.236,42.149,40.97712707519531,0.7138,0.6527,-7.670588235294118
74.286,41.685,40.97712707519531,0.7117,0.6527,-7.576470588235294
74.336,41.685,42.47712326049805,0.7091,0.6527,-7.576470588235294
74.386,41.27,42.47712326049805,0.707,0.6527,-7.341176470588235
74.436,41.074,42.47712326049805,0.7042,0.6527,-7.341176470588235
74.486,41.294,42.47712326049805,0.7016,0.6527,7.529411764705882
74.536,41.368,42.47712326049805,0.6987,0.6527,7.576470588235294
74.586,41.563,42.47712326049805,0.6963,0.6527,7.576470588235294
74.636,42.393,42.47712326049805,0.6933,0.6527,7.482352941176471
74.686,42.515,42.47712326049805,0.6904,0.6527,7.482352941176471
74.736,42.955,42.47712326049805,0.6881,0.6527,7.105882352941176
74.786,42.882,42.47712326049805,0.6852,0.6527,0.0
74.836,42.979,42.47712326049805,0.6822,0.6527,0.0
74.886,43.004,42.47712326049805,0.6799,0.6527,-7.2
74.936,43.126,42.47712326049805,0.677,0.6527,-7.2
74.986,42.564,42.47712326049805,0.6747,0.6527,-7.247058823529412
75.036,42.833,42.47712326049805,0.6721,0.6527,-7.294117647058823
75.086,42.613,42.47712326049805,0.6691,0.6527,-7.294117647058823
75.136,42.711,42.47712326049805,0.6669,0.6527,-7.2
75.186,42.54,42.47712326049805,0.6639,0.6527,-7.2
75.236,42.002,42.47712326049805,0.6619,0.6527,-7.152941176470589
75.286,42.271,42.47712326049805,0.6588,0.6527,-7.105882352941176
75.336,41.978,43.97712326049805,0.6566,0.6527,-7.105882352941176
75.386,42.32,43.97712326049805,0.6544,0.6527,7.152941176470589
75.436,42.173,43.97712326049805,0.6517,0.6527,7.152941176470589
75.486,42.515,43.97712326049805,0.6493,0.6527,7.670588235294118
75.536,42.54,43.97712326049805,0.6469,0.6527,7.7176470588235295
75.586,43.053,43.97712326049805,0.6444,0.6527,7.7176470588235295
75.636,43.346,43.97712326049805,0.6422,0.6527,7.576470588235294
75.686,43.883,43.97712326049805,0.6405,0.6527,7.576470588235294
75.736,43.98,43.97712326049805,0.6382,0.6527,7.294117647058823
75.786,44.176,43.97712326049805,0.6361,0.6527,7.105882352941176
75.836,44.982,43.97712326049805,0.6341,0.6527,7.105882352941176
75.886,45.201,43.97712326049805,0.6326,0.6527,-7.152941176470589
75.936,45.128,43.97712326049805,0.63,0.6527,-7.152941176470589
75.986,45.299,43.97712326049805,0.6282,0.6527,-7.529411764705882
76.036,44.982,43.97712326049805,0.627,0.6527,-7.482352941176471
76.088,44.469,43.97712326049805,0.6249,0.6527,-7.482352941176471
76.137,44.298,43.97712326049805,0.6234,0.6527,-7.435294117647059
76.187,44.371,43.97712326049805,0.6217,0.6527,-7.435294117647059
76.237,44.469,43.97712326049805,0.6197,0.6527,-7.2
76.287,44.225,43.97712326049805,0.6179,0.6527,-7.2
76.337,44.127,45.47712326049805,0.616,0.6527,-7.2
76.387,43.736,45.47712326049805,0.6141,0.6527,-7.152941176470589
76.437,43.468,45.47712326049805,0.6133,0.6527,-7.152941176470589
76.487,44.2,45.47712326049805,0.6111,0.6527,7.7176470588235295
76.537,43.932,45.47712326049805,0.6094,0.6527,7.811764705882353
76.587,44.274,45.47712326049805,0.6075,0.6527,7.811764705882353
76.637,44.567,45.47712326049805,0.6062,0.6527,7.623529411764705
76.687,45.177,45.47712326049805,0.6052,0.6527,7.623529411764705
76.737,45.495,45.47712326049805,0.6033,0.6527,7.3882352941176475
76.787,45.788,45.47712326049805,0.6023,0.6527,7.3882352941176475
76.837,45.983,45.47712326049805,0.6008,0.6527,0.0
76.887,46.056,45.47712326049805,0.5992,0.6527,0.0
76.937,46.203,45.47712326049805,0.5981,0.6527,-7.247058823529412
76.987,46.081,45.47712326049805,0.5967,0.6527,-7.294117647058823
77.037,45.495,45.47712326049805,0.5949,0.6527,-7.294117647058823
77.087,45.69,45.47712326049805,0.5941,0.6527,-7.294117647058823
77.137,45.25,45.47712326049805,0.5928,0.6527,-7.294117647058823
77.187,45.397,45.47712326049805,0.591,0.6527,-7.152941176470589
77.237,45.47,45.47712326049805,0.5892,0.6527,-7.152941176470589
77.287,45.226,45.47712326049805,0.5882,0.6527,7.105882352941176
77.337,45.495,46.97712707519531,0.5866,0.6527,7.105882352941176
77.387,45.641,46.97712707519531,0.5854,0.6527,7.152941176470589
77.437,45.739,46.97712707519531,0.5845,0.6527,7.152941176470589
77.487,46.154,46.97712707519531,0.5829,0.6527,7.576470588235294
77.537,46.203,46.97712707519531,0.581,0.6527,7.529411764705882
77.587,46.984,46.97712707519531,0.5802,0.6527,7.529411764705882
77.637,47.473,46.97712707519531,0.5785,0.6527,7.341176470588235
77.687,47.741,46.97712707519531,0.5774,0.6527,7.341176470588235
77.737,47.473,46.97712707519531,0.5763,0.6527,-7.247058823529412
77.787,47.643,46.97712707519531,0.5753,0.6527,-7.341176470588235
77.837,47.668,46.97712707519531,0.574,0.6527,-7.341176470588235
77.887,47.057,46.97712707519531,0.5729,0.6527,-7.294117647058823
77.937,47.131,46.97712707519531,0.5721,0.6527,-7.294117647058823
77.987,46.935,46.97712707519531,0.5705,0.6527,-7.105882352941176
78.037,47.082,46.97712707519531,0.5692,0.6527,-7.105882352941176
78.089,45.519,46.97712707519531,0.5686,0.6527,-7.105882352941176
78.138,47.131,46.97712707519531,0.5675,0.6527,-7.105882352941176
78.188,46.96,46.97712707519531,0.5664,0.6527,-7.105882352941176
78.238,46.496,46.97712707519531,0.5651,0.6527,-7.105882352941176
78.288,46.862,46.97712707519531,0.5638,0.6527,-7.105882352941176
78.338,46.618,48.47712707519531,0.5627,0.6527,7.247058823529412
78.388,46.667,48.47712707519531,0.5621,0.6527,7.247058823529412
78.438,46.813,48.47712707519531,0.5613,0.6527,7.764705882352941
78.488,46.935,48.47712707519531,0.5603,0.6527,7.7176470588235295
78.538,47.424,48.47712707519531,0.5598,0.6527,7.7176470588235295
78.588,47.424,48.47712707519531,0.5589,0.6527,7.623529411764705
78.638,47.863,48.47712707519531,0.5578,0.6527,7.623529411764705
78.688,48.034,48.47712707519531,0.5575,0.6527,7.435294117647059
78.738,48.816,48.47712707519531,0.5573,0.6527,7.294117647058823
78.788,49.011,48.47712707519531,0.5568,0.6527,7.294117647058823
78.838,49.158,48.47712707519531,0.5566,0.6527,-7.2
78.888,49.768,48.47712707519531,0.5566,0.6527,-7.2
78.938,49.035,48.47712707519531,0.5557,0.6527,-7.294117647058823
78.988,49.621,48.47712707519531,0.5556,0.6527,-7.294117647058823
79.038,48.816,48.47712707519531,0.5555,0.6527,-7.247058823529412
79.088,48.913,48.47712707519531,0.5554,0.6527,-7.247058823529412
79.138,48.767,48.47712707519531,0.5554,0.6527,-7.2
79.188,48.889,48.47712707519531,0.5554,0.6527,-7.2
79.238,48.669,48.47712707519531,0.5554,0.6527,-7.152941176470589
79.288,48.498,48.47712707519531,0.5554,0.6527,-7.152941176470589
79.338,47.888,49.53081512451172,0.5554,0.6527,-7.152941176470589
79.388,48.156,49.53081512451172,0.5554,0.6527,-7.152941176470589
79.438,48.107,49.53081512451172,0.5554,0.6527,7.670588235294118
79.488,48.23,49.53081512451172,0.5554,0.6527,7.576470588235294
79.538,48.474,49.53081512451172,0.5562,0.6527,7.576470588235294
79.588,48.742,49.53081512451172,0.5563,0.6527,7.529411764705882
79.638,49.158,49.53081512451172,0.5564,0.6527,7.529411764705882
79.688,49.377,49.53081512451172,0.5574,0.6527,7.341176470588235
79.738,50.232,49.53081512451172,0.5577,0.6527,7.2
79.788,49.915,49.53081512451172,0.558,0.6527,7.2
79.838,50.476,49.53081512451172,0.5593,0.6527,-7.341176470588235
79.888,50.623,49.53081512451172,0.5598,0.6527,-7.341176470588235
79.938,50.305,49.53081512451172,0.5599,0.6527,-7.435294117647059
79.988,49.866,49.53081512451172,0.5606,0.6527,-7.482352941176471
80.038,49.768,49.53081512451172,0.5615,0.6527,-7.482352941176471
80.09,49.915,49.53081512451172,0.5617,0.6527,-7.2
80.139,49.695,49.53081512451172,0.5632,0.6527,-7.2
80.189,49.719,49.53081512451172,0.5641,0.6527,-7.2
80.239,48.987,49.53081512451172,0.5643,0.6527,-7.105882352941176
80.289,49.109,49.53081512451172,0.5649,0.6527,-7.105882352941176
80.339,49.206,48.030818939208984,0.5657,0.6527,7.247058823529412
80.389,49.231,48.030818939208984,0.5666,0.6527,7.247058823529412
80.439,49.402,48.030818939208984,0.5673,0.6527,-7.482352941176471
80.489,48.987,48.030818939208984,0.5688,0.6527,-7.529411764705882
80.539,48.987,48.030818939208984,0.5691,0.6527,-7.529411764705882
80.589,48.987,48.030818939208984,0.5706,0.6527,-7.435294117647059
80.639,48.816,48.030818939208984,0.5714,0.6527,-7.435294117647059
80.689,48.694,48.030818939208984,0.5719,0.6527,-7.435294117647059
80.739,48.205,48.030818939208984,0.5734,0.6527,-7.341176470588235
80.789,48.327,48.030818939208984,0.5748,0.6527,-7.341176470588235
80.839,47.937,48.030818939208984,0.5754,0.6527,-7.105882352941176
80.889,48.327,48.030818939208984,0.5765,0.6527,-7.105882352941176
80.939,48.034,48.030818939208984,0.5774,0.6527,7.105882352941176
80.989,48.205,48.030818939208984,0.5784,0.6527,-7.152941176470589
81.039,48.132,48.030818939208984,0.5796,0.6527,-7.152941176470589
81.089,48.083,48.030818939208984,0.5811,0.6527,-7.105882352941176
81.139,47.839,48.030818939208984,0.5826,0.6527,-7.105882352941176
81.189,47.79,48.030818939208984,0.5836,0.6527,0.0
81.239,47.717,48.030818939208984,0.5843,0.6527,7.152941176470589
81.289,47.668,48.030818939208984,0.5862,0.6527,7.152941176470589
81.339,48.01,46.53081512451172,0.5868,0.6527,7.2
81.389,48.156,46.53081512451172,0.5882,0.6527,7.2
81.439,48.669,46.53081512451172,0.5904,0.6527,-7.623529411764705
81.489,48.205,46.53081512451172,0.5914,0.6527,-7.670588235294118
81.539,48.376,46.53081512451172,0.5927,0.6527,-7.670588235294118
81.589,48.327,46.53081512451172,0.5948,0.6527,-7.670588235294118
81.639,48.01,46.53081512451172,0.5961,0.6527,-7.670588235294118
81.689,47.912,46.53081512451172,0.5971,0.6527,-7.7176470588235295
81.739,47.253,46.53081512451172,0.5998,0.6527,-7.623529411764705
81.789,47.668,46.53081512451172,0.6015,0.6527,-7.623529411764705
81.839,47.009,46.53081512451172,0.6023,0.6527,-7.341176470588235
81.889,48.474,46.53081512451172,0.6047,0.6527,-7.341176470588235
81.939,46.422,46.53081512451172,0.6065,0.6527,-7.247058823529412
81.989,46.838,46.53081512451172,0.6072,0.6527,-7.811764705882353
82.039,46.203,46.53081512451172,0.6096,0.6527,-7.811764705882353
82.091,45.885,46.53081512451172,0.6112,0.6527,-7.152941176470589
82.14,46.349,46.53081512451172,0.6128,0.6527,-7.152941176470589
82.19,46.056,46.53081512451172,0.6147,0.6527,7.294117647058823
82.24,46.325,46.53081512451172,0.6165,0.6527,7.105882352941176
82.29,46.276,46.53081512451172,0.6177,0.6527,7.105882352941176
82.34,46.862,45.030818939208984,0.6199,0.6527,7.152941176470589
82.39,46.691,45.030818939208984,0.6219,0.6527,7.152941176470589
82.44,47.253,45.030818939208984,0.6231,0.6527,-7.764705882352941
82.49,47.424,45.030818939208984,0.6255,0.6527,-7.670588235294118
82.54,47.082,45.030818939208984,0.6276,0.6527,-7.670588235294118
82.59,46.667,45.030818939208984,0.6295,0.6527,-7.952941176470588
82.64,46.398,45.030818939208984,0.6311,0.6527,-7.952941176470588
82.69,46.496,45.030818939208984,0.6333,0.6527,-7.670588235294118
82.74,45.812,45.030818939208984,0.6355,0.6527,-7.576470588235294
82.79,46.178,45.030818939208984,0.6371,0.6527,-7.576470588235294
82.84,45.641,45.030818939208984,0.6397,0.6527,-7.341176470588235
82.89,45.861,45.030818939208984,0.6411,0.6527,-7.341176470588235
82.94,45.275,45.030818939208984,0.6427,0.6527,-7.294117647058823
82.99,45.104,45.030818939208984,0.6448,0.6527,-7.3882352941176475
83.04,45.079,45.030818939208984,0.6463,0.6527,-7.3882352941176475
83.09,45.177,45.030818939208984,0.6484,0.6527,-7.105882352941176
83.14,44.86,45.030818939208984,0.6505,0.6527,-7.105882352941176
83.19,44.908,45.030818939208984,0.6523,0.6527,-7.105882352941176
83.24,44.493,45.030818939208984,0.6541,0.6527,-7.105882352941176
83.29,44.835,45.030818939208984,0.6554,0.6527,7.105882352941176
83.34,44.835,43.53081512451172,0.6572,0.6527,7.105882352941176
83.39,44.933,43.53081512451172,0.6593,0.6527,7.152941176470589
83.44,45.006,43.53081512451172,0.6604,0.6527,-7.529411764705882
83.49,45.47,43.53081512451172,0.663,0.6527,-7.529411764705882
83.54,44.982,43.53081512451172,0.6649,0.6527,-7.623529411764705
83.59,45.031,43.53081512451172,0.6664,0.6527,-7.623529411764705
83.64,46.032,43.53081512451172,0.668,0.6527,-7.623529411764705
83.69,44.127,43.53081512451172,0.6699,0.6527,-7.623529411764705
83.74,44.347,43.53081512451172,0.6712,0.6527,-8.0
83.79,43.932,43.53081512451172,0.6731,0.6527,-8.0
83.84,43.639,43.53081512451172,0.6753,0.6527,-7.3882352941176475
83.89,43.346,43.53081512451172,0.6767,0.6527,-7.3882352941176475
83.94,43.053,43.53081512451172,0.6782,0.6527,-7.105882352941176
83.99,43.663,43.53081512451172,0.6797,0.6527,-7.105882352941176
84.04,43.199,43.53081512451172,0.6808,0.6527,7.247058823529412
84.092,43.443,43.53081512451172,0.6821,0.6527,7.247058823529412
84.141,43.736,43.53081512451172,0.684,0.6527,7.2
84.191,43.736,43.53081512451172,0.6859,0.6527,7.105882352941176
84.241,44.542,43.53081512451172,0.6867,0.6527,7.105882352941176
84.291,44.737,43.53081512451172,0.6886,0.6527,-7.152941176470589
84.341,44.444,42.030818939208984,0.6901,0.6527,-7.152941176470589
84.391,44.86,42.030818939208984,0.6909,0.6527,-7.529411764705882
84.441,44.396,42.030818939208984,0.6933,0.6527,-7.952941176470588
84.491,44.151,42.030818939208984,0.6947,0.6527,-7.952941176470588
84.541,43.956,42.030818939208984,0.696,0.6527,-7.952941176470588
84.591,43.516,42.030818939208984,0.6974,0.6527,-7.952941176470588
84.641,43.394,42.030818939208984,0.699,0.6527,-7.764705882352941
84.691,43.272,42.030818939208984,0.6996,0.6527,-7.623529411764705
84.741,43.004,42.030818939208984,0.7013,0.6527,-7.623529411764705
84.791,42.564,42.030818939208984,0.7035,0.6527,-7.529411764705882
84.841,42.711,42.030818939208984,0.7035,0.6527,-7.529411764705882
84.891,42.637,42.030818939208984,0.7052,0.6527,-7.247058823529412
84.941,42.393,42.030818939208984,0.7071,0.6527,-7.294117647058823
84.991,42.564,42.030818939208984,0.7072,0.6527,-7.294117647058823
85.041,41.905,42.030818939208984,0.7081,0.6527,-7.2
85.091,42.149,42.030818939208984,0.7093,0.6527,-7.2
85.141,42.247,42.030818939208984,0.7108,0.6527,7.105882352941176
85.191,42.173,42.030818939208984,0.7117,0.6527,7.105882352941176
85.241,42.149,42.030818939208984,0.7134,0.6527,-7.152941176470589
85.291,42.515,42.030818939208984,0.7142,0.6527,-7.152941176470589
85.341,41.758,41.93083190917969,0.715,0.6527,-7.105882352941176
85.391,42.198,41.93083190917969,0.716,0.6527,-7.105882352941176
85.441,42.002,41.93083190917969,0.7172,0.6527,7.105882352941176
85.491,41.88,41.93083190917969,0.718,0.6527,7.105882352941176
85.541,41.954,41.93083190917969,0.7191,0.6527,-7.105882352941176
85.591,42.295,41.93083190917969,0.7207,0.6527,-7.105882352941176
85.641,42.125,41.93083190917969,0.7216,0.6527,0.0
85.691,40.659,41.93083190917969,0.7218,0.6527,-7.2
85.741,41.978,41.93083190917969,0.7226,0.6527,-7.2
85.791,42.222,41.93083190917969,0.7229,0.6527,7.529411764705882
85.841,41.954,41.93083190917969,0.7241,0.6527,7.529411764705882
85.891,42.32,41.93083190917969,0.7253,0.6527,-7.152941176470589
85.941,42.369,41.93083190917969,0.7257,0.6527,0.0
85.991,42.418,41.93083190917969,0.7262,0.6527,0.0
86.041,42.32,41.93083190917969,0.7266,0.6527,-7.247058823529412
86.093,42.173,41.93083190917969,0.7274,0.6527,-7.247058823529412
86.142,42.295,41.93083190917969,0.7277,0.6527,-7.2
86.192,42.271,41.93083190917969,0.7284,0.6527,-7.152941176470589
86.242,41.709,41.93083190917969,0.7296,0.6527,-7.152941176470589
86.292,41.807,41.93083190917969,0.7296,0.6527,-7.2
86.342,41.783,41.23016357421875,0.7297,0.6527,-7.2
86.392,41.856,41.23016357421875,0.7305,0.6527,7.105882352941176
86.442,41.636,41.23016357421875,0.7305,0.6527,-7.247058823529412
86.492,41.758,41.23016357421875,0.7308,0.6527,-7.247058823529412
86.542,41.197,41.23016357421875,0.7314,0.6527,-7.2
86.592,41.685,41.23016357421875,0.7316,0.6527,-7.2
86.642,41.587,41.23016357421875,0.7317,0.6527,0.0
86.692,40.44,41.23016357421875,0.7317,0.6527,-7.247058823529412
86.742,41.441,41.23016357421875,0.7317,0.6527,-7.247058823529412
86.792,39.585,41.23016357421875,0.7317,0.6527,7.341176470588235
86.842,41.49,41.23016357421875,0.7317,0.6527,7.341176470588235
86.892,41.661,41.23016357421875,0.7317,0.6527,7.670588235294118
86.942,42.051,41.23016357421875,0.7317,0.6527,-7.152941176470589
86.992,42.076,41.23016357421875,0.7317,0.6527,-7.152941176470589
87.042,41.661,41.23016357421875,0.7317,0.6527,-7.3882352941176475
87.092,41.88,41.23016357421875,0.7311,0.6527,-7.3882352941176475
87.142,41.514,41.23016357421875,0.7311,0.6527,-7.2
87.192,41.587,41.23016357421875,0.731,0.6527,-7.294117647058823
87.242,41.245,41.23016357421875,0.7309,0.6527,-7.294117647058823
87.292,41.612,41.23016357421875,0.7308,0.6527,-7.2
87.342,41.221,42.73016357421875,0.7305,0.6527,-7.2
87.392,41.441,42.73016357421875,0.7297,0.6527,-7.2
87.442,41.026,42.73016357421875,0.7293,0.6527,7.623529411764705
87.492,41.197,42.73016357421875,0.7288,0.6527,7.623529411764705
87.542,41.49,42.73016357421875,0.7286,0.6527,7.7176470588235295
87.592,41.636,42.73016357421875,0.7286,0.6527,7.7176470588235295
87.642,42.002,42.73016357421875,0.7281,0.6527,7.529411764705882
87.692,42.442,42.73016357421875,0.727,0.6527,7.482352941176471
87.742,43.175,42.73016357421875,0.7264,0.6527,7.482352941176471
87.792,43.004,42.73016357421875,0.726,0.6527,7.152941176470589
87.842,43.785,42.73016357421875,0.7258,0.6527,7.152941176470589
87.892,44.078,42.73016357421875,0.725,0.6527,-7.152941176470589
87.942,44.127,42.73016357421875,0.7245,0.6527,-7.435294117647059
87.992,44.054,42.73016357421875,0.7243,0.6527,-7.435294117647059
88.042,43.81,42.73016357421875,0.7227,0.6527,-7.576470588235294
88.094,43.639,42.73016357421875,0.7225,0.6527,-7.576470588235294
88.143,43.394,42.73016357421875,0.7224,0.6527,-7.482352941176471
88.193,43.492,42.73016357421875,0.721,0.6527,-7.3882352941176475
88.243,42.808,42.73016357421875,0.7207,0.6527,-7.3882352941176475
88.293,43.175,42.73016357421875,0.7203,0.6527,-7.341176470588235
88.343,42.515,43.995872497558594,0.7186,0.6527,-7.341176470588235
88.393,43.004,43.995872497558594,0.7176,0.6527,-7.247058823529412
88.443,42.735,43.995872497558594,0.7176,0.6527,7.623529411764705
88.493,42.808,43.995872497558594,0.7166,0.6527,7.623529411764705
88.543,42.808,43.995872497558594,0.7157,0.6527,7.529411764705882
88.593,43.053,43.995872497558594,0.7145,0.6527,7.529411764705882
88.643,44.054,43.995872497558594,0.7138,0.6527,7.529411764705882
88.693,43.907,43.995872497558594,0.7125,0.6527,7.529411764705882
88.743,44.493,43.995872497558594,0.712,0.6527,0.0
88.793,44.737,43.995872497558594,0.7109,0.6527,0.0
88.843,44.811,43.995872497558594,0.7101,0.6527,-7.247058823529412
88.893,44.908,43.995872497558594,0.7096,0.6527,-7.341176470588235
88.943,44.493,43.995872497558594,0.7085,0.6527,-7.341176470588235
88.993,44.444,43.995872497558594,0.7069,0.6527,-7.3882352941176475
89.043,44.249,43.995872497558594,0.7062,0.6527,-7.3882352941176475
89.093,44.151,43.995872497558594,0.7056,0.6527,-7.247058823529412
89.143,43.834,43.995872497558594,0.704,0.6527,-7.247058823529412
89.193,44.078,43.995872497558594,0.7036,0.6527,-7.105882352941176
89.243,43.785,43.995872497558594,0.7027,0.6527,-7.105882352941176
89.293,43.81,43.995872497558594,0.7016,0.6527,-7.105882352941176
89.343,43.59,45.4141845703125,0.6998,0.6527,-7.105882352941176
89.393,43.687,45.4141845703125,0.699,0.6527,7.105882352941176
89.443,42.466,45.4141845703125,0.6983,0.6527,7.764705882352941
89.493,43.736,45.4141845703125,0.6974,0.6527,7.764705882352941
89.543,44.029,45.4141845703125,0.6968,0.6527,8.188235294117646
89.593,44.493,45.4141845703125,0.6958,0.6527,8.188235294117646
89.643,45.421,45.4141845703125,0.6946,0.6527,7.576470588235294
89.693,45.177,45.4141845703125,0.6936,0.6527,7.3882352941176475
89.743,45.983,45.4141845703125,0.6931,0.6527,7.3882352941176475
89.793,46.252,45.4141845703125,0.6921,0.6527,7.152941176470589
89.843,46.545,45.4141845703125,0.6915,0.6527,-7.294117647058823
89.893,46.789,45.4141845703125,0.6915,0.6527,-7.294117647058823
89.943,46.545,45.4141845703125,0.6896,0.6527,-7.482352941176471
89.993,46.203,45.4141845703125,0.6892,0.6527,-7.482352941176471
90.043,46.276,45.4141845703125,0.6885,0.6527,-7.482352941176471
90.095,45.592,45.4141845703125,0.6877,0.6527,-7.3882352941176475
90.144,46.203,45.4141845703125,0.6867,0.6527,-7.3882352941176475
90.194,45.812,45.4141845703125,0.6863,0.6527,-7.105882352941176
90.244,45.592,45.4141845703125,0.6856,0.6527,-7.105882352941176
90.294,45.519,45.4141845703125,0.6837,0.6527,-7.2
90.344,45.372,44.694122314453125,0.6837,0.6527,-7.2
90.394,45.201,44.694122314453125,0.6828,0.6527,-7.105882352941176
90.444,44.762,44.694122314453125,0.6813,0.6527,-7.105882352941176
90.494,45.25,44.694122314453125,0.6812,0.6527,-7.247058823529412
90.544,44.664,44.694122314453125,0.6808,0.6527,-7.247058823529412
90.594,44.86,44.694122314453125,0.6795,0.6527,-7.247058823529412
90.644,44.835,44.694122314453125,0.6794,0.6527,0.0
90.694,44.811,44.694122314453125,0.6781,0.6527,0.0
90.744,44.664,44.694122314453125,0.6774,0.6527,-7.105882352941176
90.794,44.737,44.694122314453125,0.677,0.6527,-7.105882352941176
90.844,44.737,44.694122314453125,0.6767,0.6527,0.0
90.894,44.737,44.694122314453125,0.6754,0.6527,0.0
90.944,44.737,44.694122314453125,0.6751,0.6527,0.0
90.994,44.737,44.694122314453125,0.675,0.6527,0.0
91.044,44.737,44.694122314453125,0.6739,0.6527,0.0
91.094,44.737,44.694122314453125,0.6731,0.6527,0.0
91.144,44.762,44.694122314453125,0.6731,0.6527,0.0
91.194,44.737,44.694122314453125,0.673,0.6527,0.0
91.244,44.762,44.694122314453125,0.6717,0.6527,-7.105882352941176
91.294,44.615,44.694122314453125,0.6716,0.6527,-7.105882352941176
91.344,44.151,43.194122314453125,0.6711,0.6527,-7.105882352941176
91.394,44.42,43.194122314453125,0.6701,0.6527,7.105882352941176
91.444,44.542,43.194122314453125,0.6695,0.6527,7.105882352941176
91.494,44.444,43.194122314453125,0.6691,0.6527,-7.529411764705882
91.544,44.786,43.194122314453125,0.6691,0.6527,-7.529411764705882
91.594,44.493,43.194122314453125,0.6686,0.6527,-7.529411764705882
91.644,43.932,43.194122314453125,0.6683,0.6527,-7.670588235294118
91.694,43.761,43.194122314453125,0.6683,0.6527,-7.670588235294118
91.744,43.712,43.194122314453125,0.6673,0.6527,-7.341176470588235
91.794,43.541,43.194122314453125,0.6673,0.6527,-7.341176470588235
91.844,43.761,43.194122314453125,0.6673,0.6527,-7.247058823529412
91.894,43.443,43.194122314453125,0.6672,0.6527,-7.247058823529412
91.944,43.126,43.194122314453125,0.6668,0.6527,-7.294117647058823
91.994,42.784,43.194122314453125,0.6665,0.6527,-7.294117647058823
92.044,43.101,43.194122314453125,0.6662,0.6527,7.105882352941176
92.096,43.394,43.194122314453125,0.666,0.6527,7.105882352941176
92.145,43.297,43.194122314453125,0.6654,0.6527,7.105882352941176
92.195,43.785,43.194122314453125,0.6651,0.6527,7.105882352941176
92.245,43.883,43.194122314453125,0.6649,0.6527,-7.105882352941176
92.295,43.932,43.194122314453125,0.6649,0.6527,-7.105882352941176
92.345,43.516,44.694122314453125,0.6638,0.6527,-7.341176470588235
92.395,43.468,44.694122314453125,0.6638,0.6527,-7.341176470588235
92.445,43.663,44.694122314453125,0.6635,0.6527,-7.341176470588235
92.495,43.541,44.694122314453125,0.6632,0.6527,7.529411764705882
92.545,43.639,44.694122314453125,0.6626,0.6527,7.529411764705882
92.595,44.029,44.694122314453125,0.6626,0.6527,7.482352941176471
92.645,44.371,44.694122314453125,0.6621,0.6527,7.435294117647059
92.695,44.713,44.694122314453125,0.6619,0.6527,7.435294117647059
92.745,44.908,44.694122314453125,0.6618,0.6527,7.2
92.795,45.372,44.694122314453125,0.6609,0.6527,7.2
92.845,45.446,44.694122314453125,0.6606,0.6527,-7.152941176470589
92.895,45.519,44.694122314453125,0.6606,0.6527,-7.294117647058823
92.945,45.079,44.694122314453125,0.6595,0.6527,-7.294117647058823
92.995,45.299,44.694122314453125,0.6595,0.6527,-7.3882352941176475
93.045,45.226,44.694122314453125,0.659,0.6527,-7.3882352941176475
93.095,44.811,44.694122314453125,0.658,0.6527,-7.294117647058823
93.145,44.493,44.694122314453125,0.658,0.6527,-7.247058823529412
93.195,44.835,44.694122314453125,0.6573,0.6527,-7.247058823529412
93.245,44.664,44.694122314453125,0.6568,0.6527,7.152941176470589
93.295,44.811,44.694122314453125,0.6559,0.6527,7.152941176470589
93.345,44.786,46.194122314453125,0.6547,0.6527,0.0
93.395,44.982,46.194122314453125,0.6542,0.6527,-7.105882352941176
93.445,44.615,46.194122314453125,0.6531,0.6527,-7.105882352941176
93.495,44.762,46.194122314453125,0.6526,0.6527,7.529411764705882
93.545,45.031,46.194122314453125,0.652,0.6527,7.529411764705882
93.595,45.079,46.194122314453125,0.6509,0.6527,7.576470588235294
93.645,45.177,46.194122314453125,0.6501,0.6527,7.482352941176471
93.695,45.69,46.194122314453125,0.649,0.6527,7.482352941176471
93.745,45.983,46.194122314453125,0.6483,0.6527,7.435294117647059
93.795,46.716,46.194122314453125,0.648,0.6527,7.435294117647059
93.845,47.106,46.194122314453125,0.6472,0.6527,7.152941176470589
93.895,47.082,46.194122314453125,0.6459,0.6527,-7.247058823529412
93.945,47.35,46.194122314453125,0.6455,0.6527,-7.247058823529412
93.995,47.253,46.194122314453125,0.6448,0.6527,-7.3882352941176475
94.045,46.862,46.194122314453125,0.644,0.6527,-7.3882352941176475
94.097,46.545,46.194122314453125,0.6429,0.6527,-7.294117647058823
94.146,46.154,46.194122314453125,0.642,0.6527,-7.294117647058823
94.196,46.471,46.194122314453125,0.6419,0.6527,-7.294117647058823
94.246,46.349,46.194122314453125,0.6406,0.6527,0.0
94.296,46.325,46.194122314453125,0.6404,0.6527,0.0
94.346,46.3,47.57770538330078,0.6394,0.6527,-7.105882352941176
94.396,46.252,47.57770538330078,0.6377,0.6527,-7.105882352941176
94.446,46.154,47.57770538330078,0.6377,0.6527,7.529411764705882
94.496,45.861,47.57770538330078,0.6373,0.6527,7.529411764705882
94.546,46.691,47.57770538330078,0.6365,0.6527,7.576470588235294
94.596,46.984,47.57770538330078,0.6362,0.6527,7.7176470588235295
94.646,47.35,47.57770538330078,0.6361,0.6527,7.7176470588235295
94.696,47.814,47.57770538330078,0.635,0.6527,7.294117647058823
94.746,48.205,47.57770538330078,0.635,0.6527,7.294117647058823
94.796,47.912,47.57770538330078,0.6349,0.6527,-7.152941176470589
94.846,48.449,47.57770538330078,0.6346,0.6527,-7.152941176470589
94.896,47.985,47.57770538330078,0.6344,0.6527,-7.2
94.946,47.521,47.57770538330078,0.6341,0.6527,-7.2
94.996,47.448,47.57770538330078,0.634,0.6527,-7.2
95.046,47.399,47.57770538330078,0.6339,0.6527,-7.2
95.096,47.57,47.57770538330078,0.6339,0.6527,7.105882352941176
95.146,47.473,47.57770538330078,0.6339,0.6527,7.105882352941176
95.196,47.937,47.57770538330078,0.6339,0.6527,7.105882352941176
95.246,48.303,47.57770538330078,0.6339,0.6527,7.105882352941176
95.296,48.547,47.57770538330078,0.634,0.6527,7.105882352941176
95.346,48.596,48.05549240112305,0.634,0.6527,-7.341176470588235
95.396,48.523,48.05549240112305,0.634,0.6527,-7.435294117647059
95.446,48.547,48.05549240112305,0.6341,0.6527,-7.435294117647059
95.496,48.205,48.05549240112305,0.6344,0.6527,-7.247058823529412
95.546,48.205,48.05549240112305,0.6349,0.6527,-7.247058823529412
95.596,48.181,48.05549240112305,0.6355,0.6527,-7.105882352941176
95.646,47.692,48.05549240112305,0.6358,0.6527,-7.105882352941176
95.696,47.912,48.05549240112305,0.636,0.6527,-7.105882352941176
95.746,47.985,48.05549240112305,0.6365,0.6527,7.2
95.796,48.01,48.05549240112305,0.6369,0.6527,7.2
95.846,48.23,48.05549240112305,0.6373,0.6527,7.105882352941176
95.896,48.352,48.05549240112305,0.6386,0.6527,0.0
95.946,48.4,48.05549240112305,0.6388,0.6527,0.0
95.996,48.083,48.05549240112305,0.6389,0.6527,-7.152941176470589
96.046,48.474,48.05549240112305,0.64,0.6527,-7.152941176470589
96.098,48.303,48.05549240112305,0.6401,0.6527,0.0
96.147,48.205,48.05549240112305,0.6405,0.6527,-7.2
96.197,48.205,48.05549240112305,0.6416,0.6527,-7.2
96.247,47.692,48.05549240112305,0.6423,0.6527,-7.105882352941176
96.297,48.01,48.05549240112305,0.6428,0.6527,-7.105882352941176
96.347,48.913,46.55549240112305,0.6434,0.6527,7.2
96.397,48.01,46.55549240112305,0.6446,0.6527,7.2
96.447,48.083,46.55549240112305,0.6449,0.6527,-7.952941176470588
96.497,48.059,46.55549240112305,0.6454,0.6527,-7.952941176470588
96.547,47.863,46.55549240112305,0.6466,0.6527,-7.623529411764705
96.597,47.179,46.55549240112305,0.6474,0.6527,-7.623529411764705
96.647,47.57,46.55549240112305,0.6477,0.6527,-7.623529411764705
96.697,47.253,46.55549240112305,0.6488,0.6527,-7.294117647058823
96.747,47.106,46.55549240112305,0.6493,0.6527,-7.294117647058823
96.797,46.74,46.55549240112305,0.6501,0.6527,-7.341176470588235
96.847,46.691,46.55549240112305,0.6522,0.6527,-7.247058823529412
96.897,46.642,46.55549240112305,0.6526,0.6527,-7.247058823529412
96.947,46.422,46.55549240112305,0.6536,0.6527,-7.105882352941176
96.997,46.618,46.55549240112305,0.6546,0.6527,-7.105882352941176
97.047,46.593,46.55549240112305,0.6555,0.6527,7.105882352941176
97.097,46.667,46.55549240112305,0.6558,0.6527,7.105882352941176
97.147,46.789,46.55549240112305,0.6573,0.6527,0.0
97.197,46.789,46.55549240112305,0.6584,0.6527,0.0
97.247,46.789,46.55549240112305,0.659,0.6527,-7.152941176470589
97.297,46.593,46.55549240112305,0.6601,0.6527,-7.152941176470589
97.347,46.667,45.05549240112305,0.6611,0.6527,-7.152941176470589
97.397,46.667,45.05549240112305,0.6622,0.6527,0.0
97.447,46.667,45.05549240112305,0.6629,0.6527,0.0
97.497,46.52,45.05549240112305,0.6652,0.6527,-7.670588235294118
97.547,46.569,45.05549240112305,0.6656,0.6527,-7.670588235294118
97.597,45.885,45.05549240112305,0.6674,0.6527,-7.623529411764705
97.647,46.105,45.05549240112305,0.6683,0.6527,-7.623529411764705
97.697,45.861,45.05549240112305,0.6697,0.6527,-7.3882352941176475
97.747,45.861,45.05549240112305,0.6707,0.6527,-7.3882352941176475
97.797,45.665,45.05549240112305,0.6721,0.6527,-7.341176470588235
97.847,45.592,45.05549240112305,0.6737,0.6527,-7.341176470588235
97.897,45.348,45.05549240112305,0.6747,0.6527,-7.341176470588235
97.947,45.299,45.05549240112305,0.6763,0.6527,-7.247058823529412
97.997,45.153,45.05549240112305,0.6775,0.6527,-7.247058823529412
98.047,45.177,45.05549240112305,0.6781,0.6527,-7.152941176470589
98.099,45.006,45.05549240112305,0.6798,0.6527,-7.105882352941176
98.148,44.786,45.05549240112305,0.6817,0.6527,-7.105882352941176
98.198,44.811,45.05549240112305,0.6829,0.6527,0.0
98.248,44.835,45.05549240112305,0.684,0.6527,0.0
98.298,44.689,45.05549240112305,0.6855,0.6527,7.152941176470589
98.348,44.957,43.55549240112305,0.687,0.6527,7.152941176470589
98.398,44.982,43.55549240112305,0.688,0.6527,7.152941176470589
98.448,44.884,43.55549240112305,0.6899,0.6527,-7.576470588235294
98.498,44.933,43.55549240112305,0.6914,0.6527,-7.576470588235294
98.548,45.128,43.55549240112305,0.6927,0.6527,-7.576470588235294
98.598,45.177,43.55549240112305,0.6943,0.6527,-7.576470588235294
98.648,44.835,43.55549240112305,0.6957,0.6527,-7.576470588235294
98.698,44.762,43.55549240112305,0.6968,0.6527,-7.670588235294118
98.748,44.444,43.55549240112305,0.6984,0.6527,-7.670588235294118
98.798,44.469,43.55549240112305,0.7001,0.6527,-7.529411764705882
98.848,43.614,43.55549240112305,0.7012,0.6527,-7.3882352941176475
98.898,43.761,43.55549240112305,0.7028,0.6527,-7.3882352941176475
98.948,43.761,43.55549240112305,0.7041,0.6527,0.0
98.998,43.761,43.55549240112305,0.7048,0.6527,0.0
99.048,43.394,43.55549240112305,0.7068,0.6527,-7.152941176470589
99.098,43.785,43.55549240112305,0.708,0.6527,-7.152941176470589
99.148,43.59,43.55549240112305,0.7088,0.6527,-7.152941176470589
99.198,43.687,43.55549240112305,0.7103,0.6527,-7.152941176470589
99.248,43.077,43.55549240112305,0.7122,0.6527,-7.152941176470589
99.298,43.516,43.55549240112305,0.713,0.6527,-7.105882352941176
99.348,43.443,42.05549240112305,0.7136,0.6527,-7.105882352941176
99.398,43.297,42.05549240112305,0.7151,0.6527,0.0
99.448,43.297,42.05549240112305,0.7158,0.6527,0.0
99.498,43.346,42.05549240112305,0.7172,0.6527,-7.529411764705882
99.548,43.223,42.05549240112305,0.719,0.6527,-7.529411764705882
99.598,43.272,42.05549240112305,0.7194,0.6527,-7.529411764705882
99.648,42.955,42.05549240112305,0.7201,0.6527,-7.529411764705882
99.698,42.906,42.05549240112305,0.7214,0.6527,-7.529411764705882
99.748,42.564,42.05549240112305,0.7229,0.6527,-7.529411764705882
99.798,42.759,42.05549240112305,0.7234,0.6527,-7.3882352941176475
99.848,41.954,42.05549240112305,0.7247,0.6527,-7.3882352941176475
99.898,42.369,42.05549240112305,0.7255,0.6527,-7.341176470588235
99.948,42.173,42.05549240112305,0.7257,0.6527,-7.341176470588235
99.998,42.295,42.05549240112305,0.7265,0.6527,-7.2
100.048,41.88,42.05549240112305,0.7281,0.6527,-7.2
100.1,41.905,42.05549240112305,0.7283,0.6527,-7.152941176470589
100.149,41.783,42.05549240112305,0.7292,0.6527,-7.152941176470589
100.199,41.783,42.05549240112305,0.7301,0.6527,7.105882352941176
100.249,41.954,42.05549240112305,0.7306,0.6527,7.105882352941176
100.299,42.027,42.05549240112305,0.7314,0.6527,7.152941176470589
100.349,42.442,40.55549240112305,0.7321,0.6527,7.105882352941176
100.399,42.393,40.55549240112305,0.733,0.6527,7.105882352941176
100.449,42.784,40.55549240112305,0.733,0.6527,-7.764705882352941
100.499,42.955,40.55549240112305,0.7343,0.6527,-7.764705882352941
100.549,42.589,40.55549240112305,0.7352,0.6527,-7.905882352941177
100.599,42.808,40.55549240112305,0.7352,0.6527,-7.952941176470588
100.649,41.905,40.55549240112305,0.7359,0.6527,-7.952941176470588
100.699,42.051,40.55549240112305,0.7361,0.6527,-7.905882352941177
100.749,41.734,40.55549240112305,0.7367,0.6527,-7.576470588235294
100.799,41.661,40.55549240112305,0.7368,0.6527,-7.576470588235294
100.849,41.245,40.55549240112305,0.7378,0.6527,-7.482352941176471
100.899,40.977,40.55549240112305,0.7379,0.6527,-7.482352941176471
100.949,39.389,40.55549240112305,0.7381,0.6527,-7.341176470588235
100.999,41.026,40.55549240112305,0.7388,0.6527,-7.341176470588235
101.049,40.928,40.55549240112305,0.7388,0.6527,7.482352941176471
101.099,41.099,40.55549240112305,0.739,0.6527,-7.247058823529412
101.149,40.781,40.55549240112305,0.7394,0.6527,-7.247058823529412
101.199,40.928,40.55549240112305,0.7398,0.6527,-7.247058823529412
101.249,40.611,40.55549240112305,0.7401,0.6527,-7.247058823529412
101.299,40.513,40.55549240112305,0.7401,0.6527,-7.2
101.349,40.586,40.24509811401367,0.7401,0.6527,0.0
101.399,40.586,40.24509811401367,0.7401,0.6527,0.0
101.449,40.342,40.24509811401367,0.7403,0.6527,-7.2
101.499,40.611,40.24509811401367,0.7404,0.6527,-7.2
101.549,40.44,40.24509811401367,0.7404,0.6527,-7.105882352941176
101.599,40.488,40.24509811401367,0.7407,0.6527,-7.2
101.649,40.122,40.24509811401367,0.7407,0.6527,-7.2
101.699,40.342,40.24509811401367,0.7407,0.6527,-7.152941176470589
101.749,39.829,40.24509811401367,0.7404,0.6527,-7.152941176470589
101.799,40.391,40.24509811401367,0.7404,0.6527,-7.105882352941176
101.849,40.098,40.24509811401367,0.7403,0.6527,7.2
101.899,40.049,40.24509811401367,0.7402,0.6527,7.2
101.949,40.293,40.24509811401367,0.7402,0.6527,7.105882352941176
101.999,40.513,40.24509811401367,0.7399,0.6527,7.105882352941176
102.049,40.855,40.24509811401367,0.7398,0.6527,0.0
102.101,40.977,40.24509811401367,0.7398,0.6527,-7.152941176470589
102.15,40.928,40.24509811401367,0.7395,0.6527,-7.152941176470589
102.2,40.928,40.24509811401367,0.7391,0.6527,-7.341176470588235
102.25,40.513,40.24509811401367,0.7388,0.6527,-7.341176470588235
102.3,40.733,40.24509811401367,0.7388,0.6527,-7.294117647058823
102.35,40.366,41.74509811401367,0.7375,0.6527,-7.152941176470589
102.4,40.586,41.74509811401367,0.7371,0.6527,-7.152941176470589
102.45,40.293,41.74509811401367,0.7368,0.6527,7.576470588235294
102.5,40.098,41.74509811401367,0.7367,0.6527,7.576470588235294
102.55,40.781,41.74509811401367,0.7361,0.6527,7.623529411764705
102.6,40.611,41.74509811401367,0.735,0.6527,7.623529411764705
102.65,41.563,41.74509811401367,0.7343,0.6527,7.435294117647059
102.7,41.197,41.74509811401367,0.7338,0.6527,7.435294117647059
102.75,42.173,41.74509811401367,0.7329,0.6527,7.105882352941176
102.8,42.002,41.74509811401367,0.7317,0.6527,7.247058823529412
102.85,43.004,41.74509811401367,0.7311,0.6527,7.247058823529412
102.9,43.028,41.74509811401367,0.7304,0.6527,-7.152941176470589
102.95,43.199,41.74509811401367,0.7292,0.6527,-7.152941176470589
103.0,43.126,41.74509811401367,0.7281,0.6527,-7.529411764705882
103.05,42.491,41.74509811401367,0.727,0.6527,-7.623529411764705
103.1,42.808,41.74509811401367,0.7263,0.6527,-7.623529411764705
103.15,42.418,41.74509811401367,0.7248,0.6527,-7.341176470588235
103.2,42.491,41.74509811401367,0.7238,0.6527,-7.341176470588235
103.25,42.295,41.74509811401367,0.723,0.6527,-7.294117647058823
103.3,42.271,41.74509811401367,0.7207,0.6527,-7.294117647058823
103.35,41.905,43.24509811401367,0.7194,0.6527,-7.247058823529412
103.4,42.149,43.24509811401367,0.7188,0.6527,-7.247058823529412
103.45,41.783,43.24509811401367,0.7164,0.6527,7.576470588235294
103.5,41.734,43.24509811401367,0.7153,0.6527,7.576470588235294
103.55,42.369,43.24509811401367,0.7143,0.6527,7.623529411764705
103.6,42.418,43.24509811401367,0.7122,0.6527,7.623529411764705
103.65,43.028,43.24509811401367,0.7101,0.6527,7.623529411764705
103.7,42.979,43.24509811401367,0.7093,0.6527,7.3882352941176475
103.75,43.785,43.24509811401367,0.7078,0.6527,7.3882352941176475
103.8,44.029,43.24509811401367,0.7054,0.6527,7.152941176470589
103.85,44.127,43.24509811401367,0.7047,0.6527,-7.247058823529412
103.9,44.396,43.24509811401367,0.7033,0.6527,-7.247058823529412
103.95,44.2,43.24509811401367,0.7007,0.6527,-7.3882352941176475
104.0,44.371,43.24509811401367,0.6999,0.6527,-7.3882352941176475
104.05,43.907,43.24509811401367,0.6981,0.6527,-7.435294117647059
104.102,43.394,43.24509811401367,0.6963,0.6527,-7.435294117647059
104.151,43.761,43.24509811401367,0.6949,0.6527,-7.294117647058823
104.201,43.639,43.24509811401367,0.6937,0.6527,-7.294117647058823
104.251,43.492,43.24509811401367,0.692,0.6527,-7.247058823529412
104.301,43.663,43.24509811401367,0.6899,0.6527,-7.2
104.351,43.248,44.74509811401367,0.6881,0.6527,-7.2
104.401,43.468,44.74509811401367,0.6869,0.6527,-7.2
104.451,42.613,44.74509811401367,0.6851,0.6527,-7.2
104.501,42.955,44.74509811401367,0.6842,0.6527,7.529411764705882
104.551,43.248,44.74509811401367,0.6829,0.6527,7.529411764705882
104.601,43.15,44.74509811401367,0.6811,0.6527,7.7176470588235295
104.651,43.785,44.74509811401367,0.6795,0.6527,7.7176470588235295
104.701,43.834,44.74509811401367,0.6783,0.6527,7.670588235294118
104.751,44.591,44.74509811401367,0.6766,0.6527,7.670588235294118
104.801,44.567,44.74509811401367,0.6754,0.6527,7.3882352941176475
104.851,45.275,44.74509811401367,0.6747,0.6527,7.105882352941176
104.901,45.226,44.74509811401367,0.6733,0.6527,7.105882352941176
104.951,45.885,44.74509811401367,0.6716,0.6527,-7.247058823529412
105.001,46.154,44.74509811401367,0.6709,0.6527,-7.247058823529412
105.051,45.836,44.74509811401367,0.6691,0.6527,-7.482352941176471
105.101,45.665,44.74509811401367,0.6684,0.6527,-7.482352941176471
105.151,45.934,44.74509811401367,0.6678,0.6527,-7.482352941176471
105.201,45.275,44.74509811401367,0.6662,0.6527,-7.482352941176471
105.251,45.104,44.74509811401367,0.6648,0.6527,-7.529411764705882
105.301,44.884,44.74509811401367,0.6638,0.6527,-7.247058823529412
105.351,44.835,46.24509811401367,0.6624,0.6527,-7.247058823529412
105.401,45.104,46.24509811401367,0.6609,0.6527,-7.105882352941176
105.451,44.737,46.24509811401367,0.6607,0.6527,-7.105882352941176
105.501,44.811,46.24509811401367,0.6596,0.6527,7.482352941176471
105.551,44.884,46.24509811401367,0.6577,0.6527,7.623529411764705
105.601,44.542,46.24509811401367,0.6571,0.6527,7.623529411764705
105.651,45.47,46.24509811401367,0.656,0.6527,7.576470588235294
105.701,45.348,46.24509811401367,0.6538,0.6527,7.576470588235294
105.751,45.763,46.24509811401367,0.6537,0.6527,7.341176470588235
105.801,45.934,46.24509811401367,0.653,0.6527,7.3882352941176475
105.851,46.935,46.24509811401367,0.6518,0.6527,7.3882352941176475
105.901,47.033,46.24509811401367,0.6513,0.6527,7.152941176470589
105.951,47.595,46.24509811401367,0.6502,0.6527,7.152941176470589
106.001,47.912,46.24509811401367,0.6483,0.6527,-7.341176470588235
106.051,47.497,46.24509811401367,0.6482,0.6527,-7.576470588235294
106.103,47.057,46.24509811401367,0.6472,0.6527,-7.576470588235294
106.152,47.424,46.24509811401367,0.6456,0.6527,-7.529411764705882
106.202,47.326,46.24509811401367,0.6451,0.6527,-7.529411764705882
106.252,46.862,46.24509811401367,0.6435,0.6527,-7.482352941176471
106.302,46.96,46.24509811401367,0.6427,0.6527,-7.482352941176471
106.352,46.471,47.74509811401367,0.641,0.6527,-7.482352941176471
106.402,46.716,47.74509811401367,0.6399,0.6527,-7.341176470588235
106.452,46.422,47.74509811401367,0.6389,0.6527,-7.341176470588235
106.502,45.958,47.74509811401367,0.6378,0.6527,7.435294117647059
106.552,46.52,47.74509811401367,0.6368,0.6527,7.576470588235294
106.602,46.349,47.74509811401367,0.6358,0.6527,7.576470588235294
106.652,46.935,47.74509811401367,0.6341,0.6527,7.529411764705882
106.702,46.886,47.74509811401367,0.6327,0.6527,7.529411764705882
106.752,47.79,47.74509811401367,0.6322,0.6527,7.341176470588235
106.802,48.01,47.74509811401367,0.6313,0.6527,7.3882352941176475
106.852,48.449,47.74509811401367,0.6299,0.6527,7.3882352941176475
106.902,48.181,47.74509811401367,0.6296,0.6527,-7.152941176470589
106.952,48.474,47.74509811401367,0.6283,0.6527,-7.152941176470589
107.002,48.62,47.74509811401367,0.6269,0.6527,-7.2
107.052,48.278,47.74509811401367,0.6267,0.6527,-7.341176470588235
107.102,48.278,47.74509811401367,0.6255,0.6527,-7.341176470588235
107.152,47.766,47.74509811401367,0.6244,0.6527,-7.247058823529412
107.202,48.059,47.74509811401367,0.624,0.6527,-7.247058823529412
107.252,47.839,47.74509811401367,0.623,0.6527,0.0
107.302,47.888,47.74509811401367,0.6216,0.6527,-7.2
107.352,47.228,49.24509811401367,0.6212,0.6527,-7.2
107.402,47.79,49.24509811401367,0.6201,0.6527,-7.105882352941176
107.452,47.448,49.24509811401367,0.6189,0.6527,-7.105882352941176
107.502,47.546,49.24509811401367,0.6188,0.6527,7.623529411764705
107.552,47.643,49.24509811401367,0.6186,0.6527,7.7176470588235295
107.602,47.79,49.24509811401367,0.6174,0.6527,7.7176470588235295
107.652,48.254,49.24509811401367,0.6174,0.6527,7.670588235294118
107.702,48.083,49.24509811401367,0.6164,0.6527,7.670588235294118
107.752,49.133,49.24509811401367,0.6162,0.6527,7.435294117647059
107.802,49.035,49.24509811401367,0.6162,0.6527,7.482352941176471
107.852,49.719,49.24509811401367,0.6162,0.6527,7.482352941176471
107.902,49.695,49.24509811401367,0.6162,0.6527,7.152941176470589
107.952,50.501,49.24509811401367,0.6161,0.6527,7.152941176470589
108.002,50.672,49.24509811401367,0.6161,0.6527,-7.247058823529412
108.052,50.72,49.24509811401367,0.6161,0.6527,-7.529411764705882
108.104,50.281,49.24509811401367,0.6161,0.6527,-7.529411764705882
108.153,50.427,49.24509811401367,0.6162,0.6527,-7.623529411764705
108.203,50.305,49.24509811401367,0.6162,0.6527,-7.623529411764705
108.253,49.841,49.24509811401367,0.6164,0.6527,-7.482352941176471
108.303,49.792,49.24509811401367,0.6166,0.6527,-7.482352941176471
108.353,49.597,47.81795883178711,0.6167,0.6527,-7.294117647058823
108.403,49.524,47.81795883178711,0.617,0.6527,-7.294117647058823
108.453,49.035,47.81795883178711,0.6171,0.6527,-7.7176470588235295
108.503,48.962,47.81795883178711,0.6174,0.6527,-7.7176470588235295
108.553,48.864,47.81795883178711,0.6178,0.6527,-7.7176470588235295
108.603,48.84,47.81795883178711,0.6184,0.6527,-7.482352941176471
108.653,48.449,47.81795883178711,0.619,0.6527,-7.482352941176471
108.703,48.425,47.81795883178711,0.6193,0.6527,-7.435294117647059
108.753,47.766,47.81795883178711,0.6202,0.6527,-7.294117647058823
108.803,48.132,47.81795883178711,0.621,0.6527,-7.294117647058823
108.853,47.888,47.81795883178711,0.6218,0.6527,0.0
108.903,47.888,47.81795883178711,0.6221,0.6527,0.0
108.953,47.595,47.81795883178711,0.6228,0.6527,-7.105882352941176
109.003,47.863,47.81795883178711,0.6239,0.6527,-7.105882352941176
109.053,47.375,47.81795883178711,0.6242,0.6527,-7.105882352941176
109.103,47.619,47.81795883178711,0.6259,0.6527,0.0
109.153,47.595,47.81795883178711,0.6267,0.6527,0.0
109.203,47.766,47.81795883178711,0.6272,0.6527,7.152941176470589
109.253,47.595,47.81795883178711,0.6281,0.6527,7.152941176470589
109.303,47.863,47.81795883178711,0.6294,0.6527,0.0
109.353,47.888,46.31795883178711,0.6296,0.6527,0.0
109.403,47.912,46.31795883178711,0.631,0.6527,0.0
109.453,47.912,46.31795883178711,0.632,0.6527,0.0
109.503,47.961,46.31795883178711,0.633,0.6527,-7.670588235294118
109.553,47.937,46.31795883178711,0.6348,0.6527,-7.670588235294118
109.603,47.277,46.31795883178711,0.6359,0.6527,-7.670588235294118
109.653,47.497,46.31795883178711,0.6367,0.6527,-7.670588235294118
109.703,47.473,46.31795883178711,0.6378,0.6527,-7.670588235294118
109.753,46.911,46.31795883178711,0.6394,0.6527,-7.482352941176471
109.803,47.179,46.31795883178711,0.6407,0.6527,-7.482352941176471
109.853,46.838,46.31795883178711,0.6424,0.6527,-7.482352941176471
109.903,46.838,46.31795883178711,0.643,0.6527,-7.3882352941176475
109.953,46.471,46.31795883178711,0.6448,0.6527,-7.3882352941176475
110.003,46.691,46.31795883178711,0.6456,0.6527,-7.247058823529412
110.053,46.3,46.31795883178711,0.6473,0.6527,-7.105882352941176
110.105,45.763,46.31795883178711,0.6489,0.6527,-7.105882352941176
110.154,46.056,46.31795883178711,0.65,0.6527,0.0
110.204,46.032,46.31795883178711,0.6517,0.6527,0.0
110.254,45.934,46.31795883178711,0.6532,0.6527,7.152941176470589
110.304,46.276,46.31795883178711,0.6535,0.6527,7.152941176470589
110.354,46.496,44.81795883178711,0.6551,0.6527,7.152941176470589
110.404,46.593,44.81795883178711,0.657,0.6527,0.0
110.454,46.691,44.81795883178711,0.6582,0.6527,0.0
110.504,46.691,44.81795883178711,0.6595,0.6527,-7.7176470588235295
110.554,46.642,44.81795883178711,0.6615,0.6527,-7.7176470588235295
110.604,46.471,44.81795883178711,0.6625,0.6527,-7.764705882352941
110.654,46.154,44.81795883178711,0.6632,0.6527,-7.764705882352941
110.704,46.178,44.81795883178711,0.6655,0.6527,-7.670588235294118
110.754,45.788,44.81795883178711,0.6665,0.6527,-7.576470588235294
110.804,45.739,44.81795883178711,0.6677,0.6527,-7.576470588235294
110.854,45.079,44.81795883178711,0.6699,0.6527,-7.435294117647059
110.904,45.397,44.81795883178711,0.6715,0.6527,-7.435294117647059
110.954,44.762,44.81795883178711,0.6721,0.6527,-7.152941176470589
111.004,45.226,44.81795883178711,0.6735,0.6527,-7.294117647058823
111.054,44.786,44.81795883178711,0.6755,0.6527,-7.294117647058823
111.104,44.957,44.81795883178711,0.6758,0.6527,-7.2
111.154,44.689,44.81795883178711,0.6776,0.6527,-7.2
111.204,44.664,44.81795883178711,0.6797,0.6527,-7.105882352941176
111.254,44.493,44.81795883178711,0.68,0.6527,-7.105882352941176
111.304,42.491,44.81795883178711,0.6823,0.6527,7.105882352941176
111.354,44.567,43.88172912597656,0.6831,0.6527,7.105882352941176
111.404,44.64,43.88172912597656,0.6847,0.6527,7.952941176470588
111.454,45.201,43.88172912597656,0.6861,0.6527,7.952941176470588
111.504,45.592,43.88172912597656,0.6876,0.6527,-7.341176470588235
111.554,45.201,43.88172912597656,0.6885,0.6527,-7.341176470588235
111.604,45.348,43.88172912597656,0.6901,0.6527,-7.7176470588235295
111.654,45.031,43.88172912597656,0.6914,0.6527,-7.7176470588235295
111.704,44.957,43.88172912597656,0.6924,0.6527,-7.623529411764705
111.754,44.518,43.88172912597656,0.6937,0.6527,-7.623529411764705
111.804,44.689,43.88172912597656,0.6948,0.6527,-7.482352941176471
111.854,44.322,43.88172912597656,0.6969,0.6527,-7.482352941176471
111.904,44.42,43.88172912597656,0.6977,0.6527,-7.341176470588235
111.954,43.614,43.88172912597656,0.699,0.6527,-7.341176470588235
112.004,44.176,43.88172912597656,0.6999,0.6527,-7.247058823529412
112.054,43.272,43.88172912597656,0.7013,0.6527,-7.247058823529412
112.106,43.614,43.88172912597656,0.7025,0.6527,-7.152941176470589
112.155,43.639,43.88172912597656,0.7039,0.6527,-7.152941176470589
112.205,45.153,43.88172912597656,0.7055,0.6527,7.152941176470589
112.255,43.761,43.88172912597656,0.7063,0.6527,7.152941176470589
112.305,43.614,43.88172912597656,0.7078,0.6527,7.152941176470589
112.355,44.127,42.38172912597656,0.7086,0.6527,7.105882352941176
112.405,44.176,42.38172912597656,0.7096,0.6527,7.105882352941176
112.455,44.713,42.38172912597656,0.7113,0.6527,-7.7176470588235295
112.505,45.91,42.38172912597656,0.7127,0.6527,-7.7176470588235295
112.555,44.225,42.38172912597656,0.7129,0.6527,-7.7176470588235295
112.605,44.371,42.38172912597656,0.7151,0.6527,-8.376470588235295
112.655,44.225,42.38172912597656,0.7158,0.6527,-8.376470588235295
112.705,43.687,42.38172912597656,0.7162,0.6527,-7.811764705882353
112.755,43.37,42.38172912597656,0.7182,0.6527,-7.764705882352941
112.805,43.199,42.38172912597656,0.7187,0.6527,-7.764705882352941
112.855,42.979,42.38172912597656,0.7202,0.6527,-7.435294117647059
112.905,42.833,42.38172912597656,0.721,0.6527,-7.435294117647059
112.955,43.004,42.38172912597656,0.7218,0.6527,-7.294117647058823
113.005,42.93,42.38172912597656,0.7226,0.6527,-7.247058823529412
113.055,42.442,42.38172912597656,0.724,0.6527,-7.247058823529412
113.105,42.613,42.38172912597656,0.725,0.6527,-7.247058823529412
113.155,42.027,42.38172912597656,0.7258,0.6527,-7.247058823529412
113.205,42.295,42.38172912597656,0.7268,0.6527,-7.152941176470589
113.255,42.149,42.38172912597656,0.7278,0.6527,7.2
113.305,42.369,42.38172912597656,0.7284,0.6527,7.2
113.355,42.662,41.72727584838867,0.7294,0.6527,7.152941176470589
113.405,42.589,41.72727584838867,0.7305,0.6527,7.152941176470589
113.455,43.053,41.72727584838867,0.7314,0.6527,-7.3882352941176475
113.505,42.906,41.72727584838867,0.732,0.6527,-7.3882352941176475
113.555,43.101,41.72727584838867,0.733,0.6527,-7.3882352941176475
113.605,42.662,41.72727584838867,0.7341,0.6527,-7.482352941176471
113.655,42.491,41.72727584838867,0.7341,0.6527,-7.482352941176471
113.705,42.759,41.72727584838867,0.7352,0.6527,-7.3882352941176475
113.755,42.32,41.72727584838867,0.7359,0.6527,-7.341176470588235
113.805,42.076,41.72727584838867,0.7369,0.6527,-7.341176470588235
113.855,42.027,41.72727584838867,0.7375,0.6527,-7.294117647058823
113.905,42.076,41.72727584838867,0.7382,0.6527,-7.294117647058823
113.955,41.563,41.72727584838867,0.7384,0.6527,-7.152941176470589
114.005,42.149,41.72727584838867,0.7386,0.6527,-7.2
114.055,41.685,41.72727584838867,0.7394,0.6527,-7.2
114.107,41.612,41.72727584838867,0.7401,0.6527,-7.2
114.156,41.685,41.72727584838867,0.7402,0.6527,-7.2
114.206,41.612,41.72727584838867,0.741,0.6527,7.105882352941176
114.256,41.661,41.72727584838867,0.7412,0.6527,7.105882352941176
114.306,41.758,41.72727584838867,0.7414,0.6527,7.105882352941176
114.356,42.125,40.22727584838867,0.742,0.6527,7.105882352941176
114.406,42.247,40.22727584838867,0.7423,0.6527,0.0
114.456,42.344,40.22727584838867,0.743,0.6527,0.0
114.506,42.369,40.22727584838867,0.7431,0.6527,-7.811764705882353
114.556,42.247,40.22727584838867,0.7432,0.6527,-7.811764705882353
114.606,42.173,40.22727584838867,0.7433,0.6527,-7.858823529411764
114.656,41.807,40.22727584838867,0.7434,0.6527,-7.858823529411764
114.706,41.709,40.22727584838867,0.7434,0.6527,-7.811764705882353
114.756,41.294,40.22727584838867,0.7434,0.6527,-7.670588235294118
114.806,41.416,40.22727584838867,0.7434,0.6527,-7.670588235294118
114.856,40.659,40.22727584838867,0.7434,0.6527,-7.482352941176471
114.906,41.123,40.22727584838867,0.7434,0.6527,-7.482352941176471
114.956,40.44,40.22727584838867,0.7434,0.6527,-7.2
115.006,40.855,40.22727584838867,0.7434,0.6527,-7.2
115.056,40.537,40.22727584838867,0.7434,0.6527,-7.152941176470589
115.106,40.733,40.22727584838867,0.7431,0.6527,-7.152941176470589
115.156,40.611,40.22727584838867,0.743,0.6527,-7.152941176470589
115.206,40.562,40.22727584838867,0.7426,0.6527,-7.152941176470589
115.256,40.391,40.22727584838867,0.7421,0.6527,-7.2
115.306,40.415,40.22727584838867,0.7419,0.6527,-7.2
115.356,40.0,41.72727584838867,0.7418,0.6527,-7.105882352941176
115.406,40.293,41.72727584838867,0.7414,0.6527,-7.105882352941176
115.456,40.073,41.72727584838867,0.7413,0.6527,7.7176470588235295
115.506,39.902,41.72727584838867,0.7413,0.6527,7.576470588235294
115.556,40.317,41.72727584838867,0.7408,0.6527,7.576470588235294
115.606,40.391,41.72727584838867,0.7401,0.6527,7.764705882352941
115.656,41.465,41.72727584838867,0.7399,0.6527,7.764705882352941
115.706,41.123,41.72727584838867,0.7387,0.6527,7.576470588235294
115.756,41.612,41.72727584838867,0.7383,0.6527,7.152941176470589
115.806,42.247,41.72727584838867,0.7382,0.6527,7.152941176470589
115.856,42.955,41.72727584838867,0.7376,0.6527,7.105882352941176
115.906,42.637,41.72727584838867,0.7372,0.6527,7.105882352941176
115.956,43.15,41.72727584838867,0.7359,0.6527,-7.529411764705882
116.006,43.492,41.72727584838867,0.7355,0.6527,-7.529411764705882
116.056,43.053,41.72727584838867,0.7349,0.6527,-7.576470588235294
116.108,42.882,41.72727584838867,0.7342,0.6527,-7.576470588235294
116.157,42.466,41.72727584838867,0.734,0.6527,-7.576470588235294
116.207,42.759,41.72727584838867,0.7324,0.6527,-7.482352941176471
116.257,42.589,41.72727584838867,0.7323,0.6527,-7.482352941176471
116.307,42.222,41.72727584838867,0.731,0.6527,-7.435294117647059
116.357,42.051,42.03413009643555,0.7296,0.6527,-7.435294117647059
116.407,42.173,42.03413009643555,0.7292,0.6527,-7.247058823529412
116.457,41.978,42.03413009643555,0.7284,0.6527,0.0
116.507,42.002,42.03413009643555,0.7264,0.6527,0.0
116.557,42.002,42.03413009643555,0.7264,0.6527,0.0
116.607,41.978,42.03413009643555,0.7253,0.6527,0.0
116.657,42.002,42.03413009643555,0.7235,0.6527,0.0
116.707,41.978,42.03413009643555,0.7229,0.6527,0.0
116.757,42.002,42.03413009643555,0.721,0.6527,0.0
116.807,42.002,42.03413009643555,0.7202,0.6527,0.0
116.857,41.978,42.03413009643555,0.7193,0.6527,0.0
116.907,41.954,42.03413009643555,0.7176,0.6527,0.0
116.957,42.002,42.03413009643555,0.717,0.6527,0.0
117.007,42.125,42.03413009643555,0.7154,0.6527,7.105882352941176
117.057,42.125,42.03413009643555,0.7137,0.6527,7.105882352941176
117.107,42.198,42.03413009643555,0.7131,0.6527,-7.105882352941176
117.157,42.002,42.03413009643555,0.711,0.6527,-7.105882352941176
117.207,42.418,42.03413009643555,0.7108,0.6527,-7.105882352941176
117.257,42.002,42.03413009643555,0.709,0.6527,-7.105882352941176
117.307,42.076,42.03413009643555,0.7072,0.6527,-7.2
117.357,41.416,43.53413009643555,0.7064,0.6527,-7.2
117.407,41.709,43.53413009643555,0.7044,0.6527,0.0
117.457,41.856,43.53413009643555,0.7029,0.6527,7.858823529411764
117.507,41.758,43.53413009643555,0.7019,0.6527,7.858823529411764
117.557,42.344,43.53413009643555,0.7013,0.6527,7.670588235294118
117.607,42.564,43.53413009643555,0.6998,0.6527,7.670588235294118
117.657,43.199,43.53413009643555,0.6981,0.6527,7.529411764705882
117.707,43.101,43.53413009643555,0.6972,0.6527,7.435294117647059
117.757,43.98,43.53413009643555,0.6952,0.6527,7.435294117647059
117.807,43.858,43.53413009643555,0.6942,0.6527,7.2
117.857,44.615,43.53413009643555,0.6933,0.6527,7.2
117.907,44.835,43.53413009643555,0.6923,0.6527,-7.2
117.957,44.86,43.53413009643555,0.6909,0.6527,-7.482352941176471
118.007,44.786,43.53413009643555,0.6895,0.6527,-7.482352941176471
118.057,44.078,43.53413009643555,0.6883,0.6527,-7.576470588235294
118.109,44.322,43.53413009643555,0.6869,0.6527,-7.576470588235294
118.158,44.249,43.53413009643555,0.6859,0.6527,-7.247058823529412
118.208,44.103,43.53413009643555,0.6844,0.6527,-7.341176470588235
118.258,43.98,43.53413009643555,0.6835,0.6527,-7.341176470588235
118.308,44.054,43.53413009643555,0.6817,0.6527,-7.294117647058823
118.358,43.565,45.03413009643555,0.6808,0.6527,-7.294117647058823
118.408,43.81,45.03413009643555,0.6784,0.6527,-7.247058823529412
118.458,43.394,45.03413009643555,0.6773,0.6527,7.623529411764705
118.508,43.883,45.03413009643555,0.6767,0.6527,7.623529411764705
118.558,43.614,45.03413009643555,0.6751,0.6527,7.670588235294118
118.608,43.81,45.03413009643555,0.6731,0.6527,7.670588235294118
118.658,44.737,45.03413009643555,0.6726,0.6527,7.576470588235294
118.708,44.371,45.03413009643555,0.6703,0.6527,7.529411764705882
118.758,45.495,45.03413009643555,0.6693,0.6527,7.529411764705882
118.808,45.397,45.03413009643555,0.6683,0.6527,7.294117647058823
118.858,46.325,45.03413009643555,0.6669,0.6527,7.294117647058823
118.908,46.398,45.03413009643555,0.666,0.6527,-7.2
118.958,45.934,45.03413009643555,0.6638,0.6527,-7.529411764705882
119.008,46.349,45.03413009643555,0.6626,0.6527,-7.529411764705882
119.058,45.958,45.03413009643555,0.661,0.6527,-7.3882352941176475
119.108,46.178,45.03413009643555,0.6598,0.6527,-7.3882352941176475
119.158,45.397,45.03413009643555,0.6585,0.6527,-7.3882352941176475
119.208,45.69,45.03413009643555,0.657,0.6527,-7.482352941176471
119.258,45.446,45.03413009643555,0.6556,0.6527,-7.482352941176471
119.308,45.617,45.03413009643555,0.6537,0.6527,-7.294117647058823
119.358,45.128,46.53412628173828,0.6523,0.6527,-7.294117647058823
119.408,45.275,46.53412628173828,0.6508,0.6527,-7.294117647058823
119.458,44.86,46.53412628173828,0.6496,0.6527,7.576470588235294
119.508,44.737,46.53412628173828,0.6476,0.6527,7.576470588235294
119.558,45.348,46.53412628173828,0.6465,0.6527,7.670588235294118
119.608,45.421,46.53412628173828,0.645,0.6527,7.670588235294118
119.658,46.178,46.53412628173828,0.6435,0.6527,7.482352941176471
119.708,45.983,46.53412628173828,0.6421,0.6527,7.482352941176471
119.758,46.52,46.53412628173828,0.6411,0.6527,7.482352941176471
119.808,46.618,46.53412628173828,0.6397,0.6527,7.247058823529412
119.858,47.326,46.53412628173828,0.6389,0.6527,7.247058823529412
119.908,48.205,46.53412628173828,0.6379,0.6527,-7.105882352941176
119.958,47.546,46.53412628173828,0.6362,0.6527,-7.341176470588235
120.008,47.79,46.53412628173828,0.6348,0.6527,-7.341176470588235
120.058,47.448,46.53412628173828,0.634,0.6527,-7.435294117647059
120.11,47.057,46.53412628173828,0.6328,0.6527,-7.435294117647059
120.159,47.302,46.53412628173828,0.6311,0.6527,-7.3882352941176475
120.209,47.131,46.53412628173828,0.6307,0.6527,-7.247058823529412
120.259,46.74,46.53412628173828,0.6298,0.6527,-7.247058823529412
120.309,47.009,46.53412628173828,0.6273,0.6527,-7.294117647058823
120.359,46.325,46.988670349121094,0.6267,0.6527,-7.294117647058823
120.409,46.52,46.988670349121094,0.6258,0.6527,-7.247058823529412
120.459,46.349,46.988670349121094,0.6248,0.6527,7.294117647058823
120.509,46.349,46.988670349121094,0.6241,0.6527,7.294117647058823
120.559,46.911,46.988670349121094,0.6231,0.6527,7.294117647058823
120.609,46.74,46.988670349121094,0.6221,0.6527,7.294117647058823
120.659,47.326,46.988670349121094,0.6213,0.6527,7.105882352941176
120.709,47.375,46.988670349121094,0.621,0.6527,7.152941176470589
120.759,47.766,46.988670349121094,0.6207,0.6527,7.152941176470589
120.809,48.156,46.988670349121094,0.6197,0.6527,-7.2
120.859,47.814,46.988670349121094,0.6196,0.6527,-7.2
120.909,48.107,46.988670349121094,0.6189,0.6527,-7.482352941176471
120.959,47.643,46.988670349121094,0.618,0.6527,-7.482352941176471
121.009,47.79,46.988670349121094,0.6177,0.6527,-7.482352941176471
121.059,47.082,46.988670349121094,0.6176,0.6527,-7.482352941176471
121.109,47.448,46.988670349121094,0.6169,0.6527,-7.341176470588235
121.159,47.033,46.988670349121094,0.6167,0.6527,-7.105882352941176
121.209,47.179,46.988670349121094,0.6164,0.6527,-7.105882352941176
121.259,47.082,46.988670349121094,0.6152,0.6527,0.0
121.309,47.057,46.988670349121094,0.6152,0.6527,0.0
121.359,47.155,48.13078689575195,0.6151,0.6527,-7.105882352941176
121.409,47.155,48.13078689575195,0.6144,0.6527,-7.105882352941176
121.459,46.838,48.13078689575195,0.6143,0.6527,7.435294117647059
121.509,47.033,48.13078689575195,0.6143,0.6527,7.435294117647059
121.559,47.033,48.13078689575195,0.6143,0.6527,7.529411764705882
121.609,47.131,48.13078689575195,0.6142,0.6527,7.529411764705882
121.659,47.985,48.13078689575195,0.6142,0.6527,7.482352941176471
121.709,47.741,48.13078689575195,0.6139,0.6527,7.482352941176471
121.759,48.523,48.13078689575195,0.6139,0.6527,7.105882352941176
121.809,48.767,48.13078689575195,0.6139,0.6527,7.105882352941176
121.859,49.158,48.13078689575195,0.6139,0.6527,-7.2
121.909,49.035,48.13078689575195,0.6139,0.6527,-7.294117647058823
121.959,48.84,48.13078689575195,0.6139,0.6527,-7.294117647058823
122.009,48.547,48.13078689575195,0.6143,0.6527,-7.3882352941176475
122.059,48.23,48.13078689575195,0.6144,0.6527,-7.3882352941176475
122.111,49.133,48.13078689575195,0.6145,0.6527,-7.2
122.16,48.498,48.13078689575195,0.6147,0.6527,-7.2
122.21,48.01,48.13078689575195,0.6147,0.6527,-7.435294117647059
122.26,48.034,48.13078689575195,0.6148,0.6527,-7.435294117647059
122.31,48.083,48.13078689575195,0.6152,0.6527,7.105882352941176
122.36,48.156,47.04610824584961,0.6152,0.6527,7.105882352941176
122.41,48.083,47.04610824584961,0.6154,0.6527,0.0
122.46,48.01,47.04610824584961,0.6155,0.6527,-7.482352941176471
122.51,47.937,47.04610824584961,0.6155,0.6527,-7.482352941176471
122.56,47.717,47.04610824584961,0.6159,0.6527,-7.435294117647059
122.61,47.57,47.04610824584961,0.616,0.6527,-7.435294117647059
122.66,47.643,47.04610824584961,0.6165,0.6527,-7.294117647058823
122.71,47.253,47.04610824584961,0.6165,0.6527,-7.294117647058823
122.76,47.033,47.04610824584961,0.617,0.6527,-7.294117647058823
122.81,47.106,47.04610824584961,0.6174,0.6527,-7.294117647058823
122.86,47.155,47.04610824584961,0.6176,0.6527,0.0
122.91,47.155,47.04610824584961,0.6187,0.6527,0.0
122.96,47.082,47.04610824584961,0.6188,0.6527,-7.105882352941176
123.01,46.935,47.04610824584961,0.619,0.6527,-7.105882352941176
123.06,47.033,47.04610824584961,0.6192,0.6527,0.0
123.11,47.082,47.04610824584961,0.6198,0.6527,0.0
123.16,47.057,47.04610824584961,0.6205,0.6527,0.0
123.21,47.057,47.04610824584961,0.621,0.6527,0.0
123.26,47.082,47.04610824584961,0.6212,0.6527,0.0
123.31,47.082,47.04610824584961,0.6217,0.6527,0.0
123.36,47.082,45.726280212402344,0.6218,0.6527,0.0
123.41,47.082,45.726280212402344,0.623,0.6527,0.0
123.46,47.057,45.726280212402344,0.6236,0.6527,0.0
123.51,47.179,45.726280212402344,0.6243,0.6527,-7.576470588235294
123.56,46.838,45.726280212402344,0.6256,0.6527,-7.576470588235294
123.61,46.862,45.726280212402344,0.6267,0.6527,-7.623529411764705
123.66,46.252,45.726280212402344,0.6268,0.6527,-7.482352941176471
123.71,46.178,45.726280212402344,0.6281,0.6527,-7.482352941176471
123.76,45.788,45.726280212402344,0.6296,0.6527,-7.247058823529412
123.81,45.958,45.726280212402344,0.6297,0.6527,-7.247058823529412
123.86,45.934,45.726280212402344,0.6314,0.6527,0.0
123.91,45.983,45.726280212402344,0.6328,0.6527,-7.152941176470589
123.96,45.861,45.726280212402344,0.6337,0.6527,-7.152941176470589
124.01,45.47,45.726280212402344,0.6345,0.6527,-7.152941176470589
124.06,45.372,45.726280212402344,0.6358,0.6527,-7.152941176470589
124.112,46.056,45.726280212402344,0.6363,0.6527,7.152941176470589
124.161,45.568,45.726280212402344,0.6377,0.6527,7.2
124.211,45.69,45.726280212402344,0.6398,0.6527,7.2
124.261,46.349,45.726280212402344,0.6399,0.6527,7.105882352941176
124.311,46.52,45.726280212402344,0.6412,0.6527,7.105882352941176
124.361,46.593,45.35902786254883,0.6429,0.6527,-7.294117647058823
124.411,46.252,45.35902786254883,0.6438,0.6527,-7.341176470588235
124.461,46.667,45.35902786254883,0.6454,0.6527,-7.341176470588235
124.511,46.349,45.35902786254883,0.6466,0.6527,-7.3882352941176475
124.561,45.861,45.35902786254883,0.6483,0.6527,-7.3882352941176475
124.611,46.129,45.35902786254883,0.6495,0.6527,-7.435294117647059
124.661,45.788,45.35902786254883,0.6504,0.6527,-7.247058823529412
124.711,45.885,45.35902786254883,0.6523,0.6527,-7.247058823529412
124.761,45.372,45.35902786254883,0.6531,0.6527,-7.2
124.811,45.421,45.35902786254883,0.6547,0.6527,-7.2
124.861,45.568,45.35902786254883,0.6565,0.6527,0.0
124.911,45.568,45.35902786254883,0.6568,0.6527,0.0
124.961,45.568,45.35902786254883,0.6582,0.6527,0.0
125.011,45.617,45.35902786254883,0.66,0.6527,-7.152941176470589
125.061,45.104,45.35902786254883,0.661,0.6527,-7.152941176470589
125.111,45.104,45.35902786254883,0.6617,0.6527,-7.152941176470589
125.161,45.348,45.35902786254883,0.6633,0.6527,7.152941176470589
125.211,45.372,45.35902786254883,0.6649,0.6527,7.152941176470589
125.261,45.519,45.35902786254883,0.6652,0.6527,0.0
125.311,45.543,45.35902786254883,0.6666,0.6527,0.0
125.361,45.201,43.85902404785156,0.6674,0.6527,-7.105882352941176
125.411,45.641,43.85902404785156,0.6683,0.6527,-7.105882352941176
125.461,45.226,43.85902404785156,0.6696,0.6527,-7.105882352941176
125.511,45.397,43.85902404785156,0.6715,0.6527,-7.7176470588235295
125.561,45.055,43.85902404785156,0.6717,0.6527,-7.7176470588235295
125.611,45.031,43.85902404785156,0.6725,0.6527,-7.623529411764705
125.661,44.811,43.85902404785156,0.6742,0.6527,-7.529411764705882
125.711,44.42,43.85902404785156,0.6742,0.6527,-7.529411764705882
125.761,44.371,43.85902404785156,0.6761,0.6527,-7.435294117647059
125.811,44.298,43.85902404785156,0.6772,0.6527,-7.435294117647059
125.861,43.785,43.85902404785156,0.6774,0.6527,-7.247058823529412
125.911,43.59,43.85902404785156,0.6787,0.6527,-7.247058823529412
125.961,43.663,43.85902404785156,0.6798,0.6527,-7.247058823529412
126.011,43.761,43.85902404785156,0.68,0.6527,7.152941176470589
126.061,43.932,43.85902404785156,0.681,0.6527,7.152941176470589
126.113,43.883,43.85902404785156,0.6822,0.6527,7.105882352941176
126.162,43.858,43.85902404785156,0.6833,0.6527,-7.105882352941176
126.212,44.176,43.85902404785156,0.6835,0.6527,-7.105882352941176
126.262,44.347,43.85902404785156,0.685,0.6527,0.0
126.312,44.322,43.85902404785156,0.6861,0.6527,0.0
126.362,44.029,43.30362319946289,0.6863,0.6527,-7.247058823529412
126.412,44.078,43.30362319946289,0.6881,0.6527,-7.247058823529412
126.462,44.005,43.30362319946289,0.6885,0.6527,-7.247058823529412
126.512,43.761,43.30362319946289,0.6897,0.6527,-7.341176470588235
126.562,43.565,43.30362319946289,0.6902,0.6527,-7.341176470588235
126.612,43.468,43.30362319946289,0.6917,0.6527,-7.247058823529412
126.662,43.15,43.30362319946289,0.6931,0.6527,-7.152941176470589
126.712,43.492,43.30362319946289,0.6931,0.6527,-7.152941176470589
126.762,43.37,43.30362319946289,0.6947,0.6527,7.105882352941176
126.812,43.468,43.30362319946289,0.6959,0.6527,7.105882352941176
126.862,43.394,43.30362319946289,0.696,0.6527,-7.105882352941176
126.912,43.419,43.30362319946289,0.6974,0.6527,-7.105882352941176
126.962,43.443,43.30362319946289,0.6984,0.6527,-7.105882352941176
127.012,43.37,43.30362319946289,0.6985,0.6527,-7.105882352941176
127.062,43.175,43.30362319946289,0.7006,0.6527,-7.105882352941176
127.112,43.101,43.30362319946289,0.7017,0.6527,-7.105882352941176
127.162,42.857,43.30362319946289,0.7018,0.6527,-7.105882352941176
127.212,43.126,43.30362319946289,0.7036,0.6527,7.152941176470589
127.262,43.248,43.30362319946289,0.7046,0.6527,7.152941176470589
127.312,43.321,43.30362319946289,0.7047,0.6527,7.105882352941176
127.362,43.858,41.80362319946289,0.7062,0.6527,7.105882352941176
127.412,43.956,41.80362319946289,0.7077,0.6527,0.0
127.462,44.005,41.80362319946289,0.708,0.6527,0.0
127.512,44.103,41.80362319946289,0.7091,0.6527,-7.858823529411764
127.562,43.98,41.80362319946289,0.71,0.6527,-7.858823529411764
127.612,43.687,41.80362319946289,0.7105,0.6527,-7.905882352941177
127.662,43.541,41.80362319946289,0.711,0.6527,-7.905882352941177
127.712,43.419,41.80362319946289,0.7134,0.6527,-7.764705882352941
127.762,43.15,41.80362319946289,0.7135,0.6527,-7.764705882352941
127.812,42.515,41.80362319946289,0.7145,0.6527,-7.670588235294118
127.862,42.759,41.80362319946289,0.7152,0.6527,-7.576470588235294
127.912,42.222,41.80362319946289,0.7154,0.6527,-7.576470588235294
127.962,42.369,41.80362319946289,0.7158,0.6527,-7.435294117647059
128.012,42.393,41.80362319946289,0.7166,0.6527,-7.435294117647059
128.062,42.149,41.80362319946289,0.7176,0.6527,-7.294117647058823
128.114,41.929,41.80362319946289,0.7177,0.6527,-7.294117647058823
128.163,42.076,41.80362319946289,0.7182,0.6527,-7.294117647058823
128.213,41.685,41.80362319946289,0.7194,0.6527,-7.105882352941176
128.263,41.441,41.80362319946289,0.7195,0.6527,-7.105882352941176
128.313,41.661,41.80362319946289,0.7197,0.6527,7.105882352941176
128.363,41.807,42.452064514160156,0.7206,0.6527,7.2
128.413,41.954,42.452064514160156,0.7208,0.6527,7.2
128.463,42.418,42.452064514160156,0.721,0.6527,7.294117647058823
128.513,42.637,42.452064514160156,0.7214,0.6527,7.294117647058823
128.563,42.808,42.452064514160156,0.7216,0.6527,0.0
128.613,42.686,42.452064514160156,0.7216,0.6527,-7.105882352941176
128.663,43.101,42.452064514160156,0.722,0.6527,-7.105882352941176
128.713,42.784,42.452064514160156,0.7222,0.6527,-7.152941176470589
128.763,42.515,42.452064514160156,0.7222,0.6527,-7.152941176470589
128.813,42.466,42.452064514160156,0.7224,0.6527,-7.2
128.863,42.418,42.452064514160156,0.7224,0.6527,-7.105882352941176
128.913,42.393,42.452064514160156,0.7224,0.6527,-7.105882352941176
128.963,42.393,42.452064514160156,0.7226,0.6527,0.0
129.013,42.344,42.452064514160156,0.7226,0.6527,0.0
129.063,42.32,42.452064514160156,0.7226,0.6527,0.0
129.113,42.369,42.452064514160156,0.7224,0.6527,0.0
129.163,42.173,42.452064514160156,0.7224,0.6527,7.105882352941176
129.213,42.418,42.452064514160156,0.7223,0.6527,7.105882352941176
129.263,42.271,42.452064514160156,0.7222,0.6527,7.152941176470589
129.313,42.686,42.452064514160156,0.7221,0.6527,7.152941176470589
129.363,43.077,42.2312126159668,0.7221,0.6527,7.105882352941176
129.413,43.419,42.2312126159668,0.7218,0.6527,-7.152941176470589
129.463,43.468,42.2312126159668,0.7217,0.6527,-7.152941176470589
129.513,43.541,42.2312126159668,0.7216,0.6527,-7.529411764705882
129.563,43.248,42.2312126159668,0.7211,0.6527,-7.529411764705882
129.613,42.735,42.2312126159668,0.7209,0.6527,-7.529411764705882
129.663,42.906,42.2312126159668,0.7206,0.6527,-7.529411764705882
129.713,42.735,42.2312126159668,0.7199,0.6527,-7.247058823529412
129.763,42.125,42.2312126159668,0.7198,0.6527,-7.247058823529412
129.813,42.491,42.2312126159668,0.7196,0.6527,-7.247058823529412
129.863,42.515,42.2312126159668,0.7188,0.6527,7.105882352941176
129.913,42.564,42.2312126159668,0.7184,0.6527,7.105882352941176
129.963,42.491,42.2312126159668,0.7179,0.6527,-7.152941176470589
130.013,42.515,42.2312126159668,0.7177,0.6527,-7.152941176470589
130.063,42.442,42.2312126159668,0.7172,0.6527,-7.152941176470589
130.115,41.954,42.2312126159668,0.7166,0.6527,-7.152941176470589
130.164,42.076,42.2312126159668,0.7158,0.6527,-7.152941176470589
130.214,42.295,42.2312126159668,0.7147,0.6527,7.152941176470589
130.264,42.466,42.2312126159668,0.7144,0.6527,7.152941176470589
130.314,42.515,42.2312126159668,0.7139,0.6527,-7.105882352941176
130.364,42.247,43.7312126159668,0.7137,0.6527,-7.152941176470589
130.414,42.32,43.7312126159668,0.7135,0.6527,-7.152941176470589
130.464,42.222,43.7312126159668,0.7129,0.6527,7.623529411764705
130.514,42.589,43.7312126159668,0.7116,0.6527,7.623529411764705
130.564,42.418,43.7312126159668,0.7116,0.6527,7.623529411764705
130.614,43.272,43.7312126159668,0.7113,0.6527,7.482352941176471
130.664,43.687,43.7312126159668,0.7101,0.6527,7.482352941176471
130.714,43.883,43.7312126159668,0.71,0.6527,7.247058823529412
130.764,43.932,43.7312126159668,0.7099,0.6527,7.247058823529412
130.814,44.274,43.7312126159668,0.7087,0.6527,-7.105882352941176
130.864,44.567,43.7312126159668,0.7081,0.6527,-7.152941176470589
130.914,44.322,43.7312126159668,0.7079,0.6527,-7.152941176470589
130.964,43.907,43.7312126159668,0.7068,0.6527,-7.3882352941176475
131.014,44.054,43.7312126159668,0.7066,0.6527,-7.3882352941176475
131.064,44.078,43.7312126159668,0.7059,0.6527,-7.105882352941176
131.114,43.956,43.7312126159668,0.7057,0.6527,-7.2
131.164,43.834,43.7312126159668,0.7048,0.6527,-7.2
131.214,43.639,43.7312126159668,0.7043,0.6527,-7.152941176470589
131.264,43.223,43.7312126159668,0.7035,0.6527,-7.152941176470589
131.314,43.492,43.7312126159668,0.7028,0.6527,7.105882352941176
131.364,43.639,43.95338821411133,0.7027,0.6527,7.247058823529412
131.414,43.663,43.95338821411133,0.7016,0.6527,7.247058823529412
131.464,44.347,43.95338821411133,0.7006,0.6527,7.2
131.514,44.542,43.95338821411133,0.6997,0.6527,7.2
131.564,44.689,43.95338821411133,0.6996,0.6527,-7.2
131.614,44.64,43.95338821411133,0.6985,0.6527,-7.294117647058823
131.664,44.567,43.95338821411133,0.6974,0.6527,-7.294117647058823
131.714,44.396,43.95338821411133,0.6973,0.6527,-7.294117647058823
131.764,44.347,43.95338821411133,0.6967,0.6527,-7.294117647058823
131.814,44.029,43.95338821411133,0.6947,0.6527,-7.247058823529412
131.864,44.005,43.95338821411133,0.6947,0.6527,-7.2
131.914,43.932,43.95338821411133,0.6938,0.6527,-7.2
131.964,43.956,43.95338821411133,0.692,0.6527,0.0
132.014,43.932,43.95338821411133,0.692,0.6527,0.0
132.064,43.956,43.95338821411133,0.6913,0.6527,0.0
132.116,43.956,43.95338821411133,0.6893,0.6527,0.0
132.165,43.956,43.95338821411133,0.6891,0.6527,0.0
132.215,43.956,43.95338821411133,0.6885,0.6527,0.0
132.265,43.956,43.95338821411133,0.6866,0.6527,0.0
132.315,43.956,43.95338821411133,0.6861,0.6527,0.0
132.365,43.956,45.453392028808594,0.6858,0.6527,0.0
132.415,43.932,45.453392028808594,0.6839,0.6527,0.0
132.465,43.907,45.453392028808594,0.6833,0.6527,7.623529411764705
132.515,44.2,45.453392028808594,0.6828,0.6527,7.623529411764705
132.565,44.078,45.453392028808594,0.6819,0.6527,7.623529411764705
132.615,44.615,45.453392028808594,0.6807,0.6527,7.529411764705882
132.665,45.25,45.453392028808594,0.6806,0.6527,7.529411764705882
132.715,45.641,45.453392028808594,0.6794,0.6527,7.3882352941176475
132.765,45.983,45.453392028808594,0.6785,0.6527,7.3882352941176475
132.815,45.812,45.453392028808594,0.6777,0.6527,-7.152941176470589
132.865,46.129,45.453392028808594,0.6768,0.6527,-7.247058823529412
132.915,45.812,45.453392028808594,0.6754,0.6527,-7.247058823529412
132.965,45.519,45.453392028808594,0.6754,0.6527,-7.294117647058823
133.015,45.592,45.453392028808594,0.6743,0.6527,-7.294117647058823
133.065,45.104,45.453392028808594,0.6735,0.6527,-7.105882352941176
133.115,45.519,45.453392028808594,0.6727,0.6527,-7.105882352941176
133.165,45.495,45.453392028808594,0.672,0.6527,7.2
133.215,45.47,45.453392028808594,0.671,0.6527,7.2
133.265,45.568,45.453392028808594,0.6703,0.6527,0.0
133.315,45.592,45.453392028808594,0.6695,0.6527,0.0
133.365,45.69,46.50509262084961,0.6688,0.6527,-7.105882352941176
133.415,45.47,46.50509262084961,0.6678,0.6527,-7.105882352941176
133.465,45.372,46.50509262084961,0.6675,0.6527,7.3882352941176475
133.515,45.641,46.50509262084961,0.6661,0.6527,7.3882352941176475
133.565,45.958,46.50509262084961,0.6654,0.6527,7.482352941176471
133.615,46.252,46.50509262084961,0.6652,0.6527,7.3882352941176475
133.665,46.642,46.50509262084961,0.665,0.6527,7.3882352941176475
133.715,46.813,46.50509262084961,0.6638,0.6527,7.152941176470589
133.765,47.106,46.50509262084961,0.6635,0.6527,7.152941176470589
133.815,47.155,46.50509262084961,0.6631,0.6527,-7.152941176470589
133.865,47.106,46.50509262084961,0.6613,0.6527,-7.294117647058823
133.915,47.155,46.50509262084961,0.6612,0.6527,-7.294117647058823
133.965,47.057,46.50509262084961,0.6609,0.6527,-7.294117647058823
134.015,46.667,46.50509262084961,0.6596,0.6527,-7.294117647058823
134.065,46.398,46.50509262084961,0.659,0.6527,-7.247058823529412
134.117,46.74,46.50509262084961,0.6587,0.6527,-7.105882352941176
134.166,46.862,46.50509262084961,0.6572,0.6527,-7.105882352941176
134.216,46.691,46.50509262084961,0.6571,0.6527,-7.152941176470589
134.266,46.496,46.50509262084961,0.6568,0.6527,-7.152941176470589
134.316,46.667,46.50509262084961,0.6554,0.6527,-7.105882352941176
134.366,46.325,46.688446044921875,0.6553,0.6527,0.0
134.416,46.325,46.688446044921875,0.6551,0.6527,0.0
134.466,46.52,46.688446044921875,0.6537,0.6527,7.2
134.516,46.398,46.688446044921875,0.6531,0.6527,7.2
134.566,46.789,46.688446044921875,0.6528,0.6527,7.105882352941176
134.616,46.593,46.688446044921875,0.6527,0.6527,7.105882352941176
134.666,46.886,46.688446044921875,0.6521,0.6527,-7.105882352941176
134.716,47.277,46.688446044921875,0.6516,0.6527,-7.105882352941176
134.766,46.569,46.688446044921875,0.6516,0.6527,-7.152941176470589
134.816,46.911,46.688446044921875,0.6508,0.6527,-7.294117647058823
134.866,46.667,46.688446044921875,0.6508,0.6527,-7.294117647058823
134.916,46.74,46.688446044921875,0.6505,0.6527,-7.152941176470589
134.966,46.349,46.688446044921875,0.6505,0.6527,-7.152941176470589
135.016,46.325,46.688446044921875,0.6499,0.6527,0.0
135.066,46.349,46.688446044921875,0.6499,0.6527,0.0
135.116,46.52,46.688446044921875,0.6494,0.6527,7.2
135.166,46.178,46.688446044921875,0.6489,0.6527,7.2
135.216,46.716,46.688446044921875,0.6489,0.6527,7.105882352941176
135.266,46.984,46.688446044921875,0.6487,0.6527,7.105882352941176
135.316,47.106,46.688446044921875,0.6487,0.6527,0.0
135.366,47.155,46.25677490234375,0.6487,0.6527,0.0
135.416,47.057,46.25677490234375,0.6487,0.6527,-7.2
135.466,46.911,46.25677490234375,0.6487,0.6527,-7.2
135.516,47.009,46.25677490234375,0.6487,0.6527,-7.341176470588235
135.566,46.911,46.25677490234375,0.6488,0.6527,-7.294117647058823
135.616,46.935,46.25677490234375,0.6489,0.6527,-7.294117647058823
135.666,46.545,46.25677490234375,0.6489,0.6527,-7.294117647058823
135.716,46.496,46.25677490234375,0.6489,0.6527,-7.294117647058823
135.766,46.325,46.25677490234375,0.6489,0.6527,-7.152941176470589
135.816,46.3,46.25677490234375,0.6493,0.6527,-7.152941176470589
135.866,46.178,46.25677490234375,0.6496,0.6527,-7.152941176470589
135.916,46.203,46.25677490234375,0.6496,0.6527,0.0
135.966,46.154,46.25677490234375,0.65,0.6527,0.0
136.016,46.154,46.25677490234375,0.6501,0.6527,0.0
136.066,46.154,46.25677490234375,0.6505,0.6527,0.0
136.118,46.3,46.25677490234375,0.6506,0.6527,7.105882352941176
136.167,46.252,46.25677490234375,0.6507,0.6527,7.105882352941176
136.217,46.325,46.25677490234375,0.6514,0.6527,0.0
136.267,46.374,46.25677490234375,0.6514,0.6527,0.0
136.317,46.3,46.25677490234375,0.6525,0.6527,-7.105882352941176
136.367,45.934,44.75677490234375,0.6525,0.6527,-7.105882352941176
136.417,46.3,44.75677490234375,0.6527,0.6527,0.0
136.467,46.3,44.75677490234375,0.6531,0.6527,0.0
136.517,46.178,44.75677490234375,0.6534,0.6527,-7.623529411764705
136.567,46.129,44.75677490234375,0.6539,0.6527,-7.623529411764705
136.617,45.568,44.75677490234375,0.6549,0.6527,-7.623529411764705
136.667,45.519,44.75677490234375,0.6554,0.6527,-7.576470588235294
136.717,45.788,44.75677490234375,0.6555,0.6527,-7.576470588235294
136.767,45.299,44.75677490234375,0.6557,0.6527,-7.341176470588235
136.817,45.104,44.75677490234375,0.6566,0.6527,-7.435294117647059
136.867,45.177,44.75677490234375,0.6568,0.6527,-7.435294117647059
136.917,44.908,44.75677490234375,0.657,0.6527,-7.2
136.967,44.786,44.75677490234375,0.6579,0.6527,-7.2
137.017,44.713,44.75677490234375,0.6581,0.6527,-7.105882352941176
137.067,44.762,44.75677490234375,0.6584,0.6527,0.0
137.117,44.762,44.75677490234375,0.6593,0.6527,0.0
137.167,44.737,44.75677490234375,0.6596,0.6527,0.0
137.217,44.762,44.75677490234375,0.6596,0.6527,0.0
137.267,44.762,44.75677490234375,0.6609,0.6527,0.0
137.317,44.762,44.75677490234375,0.6612,0.6527,0.0
137.367,44.737,44.05207824707031,0.6614,0.6527,0.0
137.417,44.762,44.05207824707031,0.6623,0.6527,0.0
137.467,44.762,44.05207824707031,0.6625,0.6527,0.0
137.517,44.42,44.05207824707031,0.6625,0.6527,-7.341176470588235
137.567,44.664,44.05207824707031,0.6635,0.6527,-7.341176470588235
137.617,44.469,44.05207824707031,0.6643,0.6527,-7.2
137.667,44.444,44.05207824707031,0.6647,0.6527,-7.2
137.717,44.371,44.05207824707031,0.6648,0.6527,-7.2
137.767,44.054,44.05207824707031,0.6658,0.6527,-7.2
137.817,43.98,44.05207824707031,0.6658,0.6527,-7.2
137.867,43.98,44.05207824707031,0.6669,0.6527,-7.2
137.917,43.907,44.05207824707031,0.6676,0.6527,7.105882352941176
137.967,44.029,44.05207824707031,0.6678,0.6527,7.105882352941176
138.017,44.274,44.05207824707031,0.6678,0.6527,7.105882352941176
138.067,44.396,44.05207824707031,0.6687,0.6527,0.0
138.119,44.396,44.05207824707031,0.6689,0.6527,0.0
138.168,44.371,44.05207824707031,0.6696,0.6527,-7.2
138.218,43.98,44.05207824707031,0.6705,0.6527,-7.2
138.268,43.907,44.05207824707031,0.6708,0.6527,-7.2
138.318,44.249,44.05207824707031,0.671,0.6527,7.105882352941176
138.368,44.371,45.13051986694336,0.6718,0.6527,7.105882352941176
138.418,44.737,45.13051986694336,0.6723,0.6527,-7.152941176470589
138.468,44.029,45.13051986694336,0.6723,0.6527,-7.152941176470589
138.518,44.322,45.13051986694336,0.6731,0.6527,7.2
138.568,45.543,45.13051986694336,0.6737,0.6527,7.482352941176471
138.618,44.225,45.13051986694336,0.6742,0.6527,7.482352941176471
138.668,44.786,45.13051986694336,0.6747,0.6527,-7.2
138.718,44.835,45.13051986694336,0.6747,0.6527,-7.2
138.768,44.713,45.13051986694336,0.6754,0.6527,7.2
138.818,44.615,45.13051986694336,0.6756,0.6527,7.152941176470589
138.868,45.079,45.13051986694336,0.6762,0.6527,7.152941176470589
138.918,45.543,45.13051986694336,0.6768,0.6527,7.247058823529412
138.968,45.568,45.13051986694336,0.6768,0.6527,7.247058823529412
139.018,45.885,45.13051986694336,0.677,0.6527,-7.2
139.068,45.372,45.13051986694336,0.6771,0.6527,-7.2
139.118,45.812,45.13051986694336,0.6774,0.6527,-7.2
139.168,45.446,45.13051986694336,0.6782,0.6527,-7.152941176470589
139.218,45.739,45.13051986694336,0.6784,0.6527,-7.152941176470589
139.268,45.275,45.13051986694336,0.6785,0.6527,-7.2
139.318,45.446,45.13051986694336,0.6789,0.6527,-7.294117647058823
139.368,45.031,44.85527420043945,0.679,0.6527,-7.294117647058823
139.418,45.177,44.85527420043945,0.679,0.6527,-7.2
139.468,44.933,44.85527420043945,0.679,0.6527,-7.2
139.518,45.031,44.85527420043945,0.6794,0.6527,-7.2
139.568,44.689,44.85527420043945,0.6796,0.6527,-7.105882352941176
139.618,44.737,44.85527420043945,0.6796,0.6527,-7.105882352941176
139.668,44.542,44.85527420043945,0.6798,0.6527,7.105882352941176
139.718,44.42,44.85527420043945,0.6799,0.6527,7.105882352941176
139.768,44.811,44.85527420043945,0.68,0.6527,7.2
139.818,44.982,44.85527420043945,0.6803,0.6527,7.2
139.868,45.031,44.85527420043945,0.6805,0.6527,7.2
139.918,45.788,44.85527420043945,0.6806,0.6527,-7.105882352941176
139.968,45.47,44.85527420043945,0.6807,0.6527,-7.105882352941176
140.018,45.69,44.85527420043945,0.6807,0.6527,-7.3882352941176475
140.068,45.128,44.85527420043945,0.6811,0.6527,-7.294117647058823
140.12,45.201,44.85527420043945,0.6812,0.6527,-7.294117647058823
140.169,44.811,44.85527420043945,0.6815,0.6527,-7.152941176470589
140.219,43.883,44.85527420043945,0.6816,0.6527,-7.152941176470589
140.269,44.982,44.85527420043945,0.6817,0.6527,0.0
140.319,44.957,44.85527420043945,0.682,0.6527,7.435294117647059
140.369,45.006,43.988956451416016,0.6822,0.6527,7.435294117647059
140.419,45.275,43.988956451416016,0.6824,0.6527,-7.105882352941176
140.469,45.177,43.988956451416016,0.6829,0.6527,-7.105882352941176
140.519,45.299,43.988956451416016,0.6836,0.6527,-7.529411764705882
140.569,44.518,43.988956451416016,0.6837,0.6527,-7.529411764705882
140.619,44.444,43.988956451416016,0.6839,0.6527,-7.529411764705882
140.669,44.322,43.988956451416016,0.6841,0.6527,-7.247058823529412
140.719,44.689,43.988956451416016,0.6845,0.6527,-7.247058823529412
140.769,44.396,43.988956451416016,0.685,0.6527,-7.2
140.819,44.615,43.988956451416016,0.6856,0.6527,-7.2
140.869,44.151,43.988956451416016,0.6859,0.6527,-7.2
140.919,44.493,43.988956451416016,0.6865,0.6527,-7.2
140.969,43.663,43.988956451416016,0.6871,0.6527,-7.105882352941176
141.019,44.176,43.988956451416016,0.6872,0.6527,-7.247058823529412
141.069,43.565,43.988956451416016,0.6878,0.6527,-7.247058823529412
141.119,43.956,43.988956451416016,0.6889,0.6527,-7.105882352941176
141.169,43.614,43.988956451416016,0.6889,0.6527,-7.105882352941176
141.219,43.614,43.988956451416016,0.6895,0.6527,0.0
141.269,43.858,43.988956451416016,0.6897,0.6527,7.2
141.319,43.639,43.988956451416016,0.6901,0.6527,7.2
141.369,44.078,42.488956451416016,0.6911,0.6527,7.105882352941176
141.419,43.761,42.488956451416016,0.6917,0.6527,7.105882352941176
141.469,44.274,42.488956451416016,0.6927,0.6527,-7.670588235294118
141.519,43.712,42.488956451416016,0.6933,0.6527,-7.670588235294118
141.569,44.274,42.488956451416016,0.6938,0.6527,-7.7176470588235295
141.619,44.127,42.488956451416016,0.6946,0.6527,-7.7176470588235295
141.669,43.883,42.488956451416016,0.6947,0.6527,-7.7176470588235295
141.719,43.736,42.488956451416016,0.6953,0.6527,-7.7176470588235295
141.769,43.614,42.488956451416016,0.6962,0.6527,-7.576470588235294
141.819,44.542,42.488956451416016,0.6974,0.6527,-7.529411764705882
141.869,43.15,42.488956451416016,0.698,0.6527,-7.529411764705882
141.919,43.053,42.488956451416016,0.698,0.6527,-7.811764705882353
141.969,42.759,42.488956451416016,0.6983,0.6527,-7.811764705882353
142.019,42.418,42.488956451416016,0.6991,0.6527,-7.294117647058823
142.069,42.002,42.488956451416016,0.6992,0.6527,-7.294117647058823
142.121,42.491,42.488956451416016,0.7,0.6527,7.105882352941176
142.17,42.466,42.488956451416016,0.7002,0.6527,7.105882352941176
142.22,42.491,42.488956451416016,0.7009,0.6527,0.0
142.27,42.515,42.488956451416016,0.701,0.6527,0.0
142.32,42.515,42.488956451416016,0.7012,0.6527,0.0
142.37,42.564,43.73119354248047,0.7016,0.6527,0.0
142.42,42.564,43.73119354248047,0.7017,0.6527,0.0
142.47,42.759,43.73119354248047,0.7019,0.6527,7.482352941176471
142.52,42.857,43.73119354248047,0.7023,0.6527,7.482352941176471
142.57,43.272,43.73119354248047,0.7025,0.6527,7.482352941176471
142.62,43.199,43.73119354248047,0.7025,0.6527,7.3882352941176475
142.67,43.907,43.73119354248047,0.7025,0.6527,7.3882352941176475
142.72,43.834,43.73119354248047,0.7025,0.6527,7.247058823529412
142.77,44.2,43.73119354248047,0.7025,0.6527,-7.105882352941176
142.82,44.567,43.73119354248047,0.7025,0.6527,-7.105882352941176
142.87,43.883,43.73119354248047,0.7025,0.6527,-7.247058823529412
142.92,43.858,43.73119354248047,0.7025,0.6527,-7.247058823529412
142.97,43.98,43.73119354248047,0.7025,0.6527,-7.105882352941176
143.02,44.078,43.73119354248047,0.7024,0.6527,-7.105882352941176
143.07,43.639,43.73119354248047,0.7023,0.6527,-7.105882352941176
143.12,43.907,43.73119354248047,0.7022,0.6527,-7.2
143.17,43.59,43.73119354248047,0.7019,0.6527,-7.2
143.22,43.639,43.73119354248047,0.7015,0.6527,-7.105882352941176
143.27,43.541,43.73119354248047,0.7015,0.6527,7.105882352941176
143.32,43.565,43.73119354248047,0.7002,0.6527,7.105882352941176
143.37,43.81,44.060401916503906,0.6998,0.6527,7.152941176470589
143.42,43.956,44.060401916503906,0.6997,0.6527,7.152941176470589
143.47,44.444,44.060401916503906,0.6995,0.6527,7.152941176470589
143.52,44.42,44.060401916503906,0.699,0.6527,7.105882352941176
143.57,45.177,44.060401916503906,0.6987,0.6527,7.105882352941176
143.62,45.617,44.060401916503906,0.6982,0.6527,-7.2
143.67,45.006,44.060401916503906,0.6977,0.6527,-7.2
143.72,45.25,44.060401916503906,0.6964,0.6527,-7.623529411764705
143.77,44.908,44.060401916503906,0.6963,0.6527,-7.623529411764705
143.82,44.957,44.060401916503906,0.6958,0.6527,-7.529411764705882
143.87,44.615,44.060401916503906,0.6953,0.6527,-7.529411764705882
143.92,44.591,44.060401916503906,0.6946,0.6527,-7.3882352941176475
143.97,44.371,44.060401916503906,0.6944,0.6527,-7.3882352941176475
144.02,44.347,44.060401916503906,0.6931,0.6527,-7.247058823529412
144.07,43.639,44.060401916503906,0.6929,0.6527,-7.247058823529412
144.122,43.492,44.060401916503906,0.6922,0.6527,-7.152941176470589
144.171,44.005,44.060401916503906,0.6919,0.6527,-7.152941176470589
144.221,43.614,44.060401916503906,0.6916,0.6527,7.294117647058823
144.271,43.175,44.060401916503906,0.6909,0.6527,7.294117647058823
144.321,43.956,44.060401916503906,0.69,0.6527,7.247058823529412
144.371,44.469,44.54314041137695,0.6897,0.6527,7.247058823529412
144.421,44.64,44.54314041137695,0.6895,0.6527,7.105882352941176
144.471,45.201,44.54314041137695,0.6892,0.6527,7.105882352941176
144.521,45.348,44.54314041137695,0.6888,0.6527,-7.105882352941176
144.571,45.324,44.54314041137695,0.6887,0.6527,-7.105882352941176
144.621,45.201,44.54314041137695,0.6885,0.6527,-7.341176470588235
144.671,45.031,44.54314041137695,0.688,0.6527,-7.341176470588235
144.721,45.055,44.54314041137695,0.6879,0.6527,-7.294117647058823
144.771,44.713,44.54314041137695,0.6879,0.6527,-7.247058823529412
144.821,45.031,44.54314041137695,0.6879,0.6527,-7.247058823529412
144.871,44.469,44.54314041137695,0.6878,0.6527,-7.105882352941176
144.921,44.713,44.54314041137695,0.6874,0.6527,-7.105882352941176
144.971,44.371,44.54314041137695,0.6872,0.6527,7.105882352941176
145.021,44.493,44.54314041137695,0.6872,0.6527,7.105882352941176
145.071,44.835,44.54314041137695,0.6871,0.6527,7.105882352941176
145.121,44.689,44.54314041137695,0.6871,0.6527,7.105882352941176
145.171,45.226,44.54314041137695,0.6871,0.6527,-7.152941176470589
145.221,45.372,44.54314041137695,0.6871,0.6527,-7.152941176470589
145.271,44.86,44.54314041137695,0.6871,0.6527,-7.294117647058823
145.321,44.884,44.54314041137695,0.6872,0.6527,-7.294117647058823
145.371,44.591,44.43098449707031,0.6872,0.6527,-7.2
145.421,44.884,44.43098449707031,0.6872,0.6527,-7.2
145.471,44.176,44.43098449707031,0.6873,0.6527,-7.105882352941176
145.521,44.664,44.43098449707031,0.6873,0.6527,-7.247058823529412
145.571,44.347,44.43098449707031,0.6873,0.6527,-7.247058823529412
145.621,44.86,44.43098449707031,0.6873,0.6527,-7.152941176470589
145.671,44.2,44.43098449707031,0.6873,0.6527,-7.152941176470589
145.721,42.784,44.43098449707031,0.6873,0.6527,-7.2
145.771,43.98,44.43098449707031,0.6873,0.6527,7.152941176470589
145.821,43.834,44.43098449707031,0.6873,0.6527,7.152941176470589
145.871,44.347,44.43098449707031,0.6873,0.6527,7.247058823529412
145.921,44.371,44.43098449707031,0.6872,0.6527,7.247058823529412
145.971,44.884,44.43098449707031,0.6871,0.6527,7.105882352941176
146.021,45.153,44.43098449707031,0.687,0.6527,0.0
146.071,45.177,44.43098449707031,0.6869,0.6527,0.0
146.123,45.201,44.43098449707031,0.6866,0.6527,-7.341176470588235
146.172,45.568,44.43098449707031,0.6865,0.6527,-7.341176470588235
146.222,45.201,44.43098449707031,0.6862,0.6527,-7.341176470588235
146.272,44.884,44.43098449707031,0.6862,0.6527,-7.341176470588235
146.322,44.86,44.43098449707031,0.6861,0.6527,-7.341176470588235
146.372,44.737,44.315162658691406,0.686,0.6527,-7.341176470588235
146.422,44.615,44.315162658691406,0.6855,0.6527,-7.2
146.472,44.029,44.315162658691406,0.6854,0.6527,-7.2
146.522,44.493,44.315162658691406,0.6851,0.6527,-7.2
146.572,44.2,44.315162658691406,0.6842,0.6527,7.152941176470589
146.622,44.322,44.315162658691406,0.6838,0.6527,7.152941176470589
146.672,44.469,44.315162658691406,0.6837,0.6527,7.105882352941176
146.722,44.567,44.315162658691406,0.6831,0.6527,7.105882352941176
146.772,44.884,44.315162658691406,0.6831,0.6527,-7.105882352941176
146.822,45.006,44.315162658691406,0.683,0.6527,-7.105882352941176
146.872,44.567,44.315162658691406,0.6819,0.6527,-7.294117647058823
146.922,44.884,44.315162658691406,0.6814,0.6527,-7.294117647058823
146.972,44.664,44.315162658691406,0.6807,0.6527,-7.152941176470589
147.022,44.737,44.315162658691406,0.6806,0.6527,-7.152941176470589
147.072,44.371,44.315162658691406,0.6804,0.6527,-7.2
147.122,44.518,44.315162658691406,0.6798,0.6527,-7.2
147.172,44.298,44.315162658691406,0.6792,0.6527,0.0
147.222,44.347,44.315162658691406,0.6789,0.6527,0.0
147.272,44.347,44.315162658691406,0.6775,0.6527,0.0
147.322,44.322,44.315162658691406,0.6775,0.6527,0.0
147.372,44.347,44.22975158691406,0.6769,0.6527,0.0
147.422,44.347,44.22975158691406,0.6769,0.6527,0.0
147.472,44.371,44.22975158691406,0.6767,0.6527,-7.105882352941176
147.522,43.932,44.22975158691406,0.676,0.6527,-7.105882352941176
147.572,44.151,44.22975158691406,0.6748,0.6527,-7.105882352941176
147.622,44.005,44.22975158691406,0.6747,0.6527,7.152941176470589
147.672,44.127,44.22975158691406,0.6745,0.6527,7.152941176470589
147.722,44.493,44.22975158691406,0.6744,0.6527,7.152941176470589
147.772,44.591,44.22975158691406,0.6742,0.6527,7.152941176470589
147.822,44.762,44.22975158691406,0.6735,0.6527,-7.152941176470589
147.872,44.884,44.22975158691406,0.673,0.6527,-7.152941176470589
147.922,44.518,44.22975158691406,0.6729,0.6527,-7.247058823529412
147.972,44.371,44.22975158691406,0.6722,0.6527,-7.294117647058823
148.022,44.542,44.22975158691406,0.6721,0.6527,-7.294117647058823
148.072,43.932,44.22975158691406,0.672,0.6527,-7.105882352941176
148.124,44.42,44.22975158691406,0.672,0.6527,-7.105882352941176
148.173,44.347,44.22975158691406,0.6717,0.6527,7.152941176470589
148.223,44.249,44.22975158691406,0.6714,0.6527,-7.152941176470589
148.273,44.322,44.22975158691406,0.6714,0.6527,-7.152941176470589
148.323,44.103,44.22975158691406,0.6712,0.6527,0.0
148.373,44.078,45.27939987182617,0.671,0.6527,0.0
148.423,44.078,45.27939987182617,0.671,0.6527,7.105882352941176
148.473,44.371,45.27939987182617,0.6708,0.6527,7.529411764705882
148.523,44.42,45.27939987182617,0.6708,0.6527,7.529411764705882
148.573,45.055,45.27939987182617,0.6707,0.6527,7.3882352941176475
148.623,44.786,45.27939987182617,0.6706,0.6527,7.3882352941176475
148.673,45.397,45.27939987182617,0.6706,0.6527,7.152941176470589
148.723,45.397,45.27939987182617,0.6706,0.6527,7.152941176470589
148.773,45.788,45.27939987182617,0.6705,0.6527,-7.105882352941176
148.823,46.081,45.27939987182617,0.6703,0.6527,-7.105882352941176
148.873,45.788,45.27939987182617,0.6703,0.6527,-7.247058823529412
148.923,45.714,45.27939987182617,0.6702,0.6527,-7.247058823529412
148.973,46.545,45.27939987182617,0.6702,0.6527,-7.247058823529412
149.023,45.519,45.27939987182617,0.6702,0.6527,-7.247058823529412
149.073,45.104,45.27939987182617,0.67,0.6527,-7.529411764705882
149.123,45.275,45.27939987182617,0.67,0.6527,-7.529411764705882
149.173,45.031,45.27939987182617,0.6699,0.6527,7.105882352941176
149.223,45.153,45.27939987182617,0.6696,0.6527,0.0
149.273,45.153,45.27939987182617,0.6691,0.6527,0.0
149.323,45.324,45.27939987182617,0.6689,0.6527,7.105882352941176
149.373,45.275,45.133522033691406,0.6689,0.6527,7.105882352941176
149.423,45.275,45.133522033691406,0.6688,0.6527,0.0
149.473,45.299,45.133522033691406,0.6682,0.6527,-7.105882352941176
149.523,45.47,45.133522033691406,0.668,0.6527,-7.105882352941176
149.573,45.128,45.133522033691406,0.6677,0.6527,-7.105882352941176
149.623,45.299,45.133522033691406,0.6675,0.6527,-7.105882352941176
149.673,45.153,45.133522033691406,0.6669,0.6527,0.0
149.723,45.372,45.133522033691406,0.6667,0.6527,-7.105882352941176
149.773,44.982,45.133522033691406,0.6666,0.6527,-7.105882352941176
149.823,45.006,45.133522033691406,0.6664,0.6527,-7.152941176470589
149.873,44.762,45.133522033691406,0.6656,0.6527,-7.152941176470589
149.923,44.664,45.133522033691406,0.6654,0.6527,7.105882352941176
149.973,44.811,45.133522033691406,0.6647,0.6527,7.2
150.023,44.933,45.133522033691406,0.6647,0.6527,7.2
150.073,45.299,45.133522033691406,0.6639,0.6527,7.2
150.125,45.275,45.133522033691406,0.6633,0.6527,7.2
150.174,45.934,45.133522033691406,0.6632,0.6527,-7.105882352941176
150.224,46.203,45.133522033691406,0.6624,0.6527,-7.105882352941176
150.274,45.25,45.133522033691406,0.6624,0.6527,-7.105882352941176
150.324,45.69,45.133522033691406,0.6622,0.6527,-7.482352941176471
150.374,45.47,46.058284759521484,0.6614,0.6527,-7.482352941176471
150.424,45.324,46.058284759521484,0.6613,0.6527,-7.247058823529412
150.474,45.153,46.058284759521484,0.6611,0.6527,7.294117647058823
150.524,45.324,46.058284759521484,0.6605,0.6527,7.294117647058823
150.574,45.079,46.058284759521484,0.6604,0.6527,7.3882352941176475
150.624,45.519,46.058284759521484,0.6602,0.6527,7.3882352941176475
150.674,46.252,46.058284759521484,0.6602,0.6527,7.435294117647059
150.724,46.129,46.058284759521484,0.6599,0.6527,7.247058823529412
150.774,46.96,46.058284759521484,0.6598,0.6527,7.247058823529412
150.824,47.033,46.058284759521484,0.6591,0.6527,-7.105882352941176
150.874,46.569,46.058284759521484,0.659,0.6527,-7.105882352941176
150.924,46.935,46.058284759521484,0.6588,0.6527,-7.435294117647059
150.974,46.667,46.058284759521484,0.6587,0.6527,-7.247058823529412
151.024,46.74,46.058284759521484,0.6586,0.6527,-7.247058823529412
151.074,45.983,46.058284759521484,0.6586,0.6527,-7.294117647058823
151.124,46.716,46.058284759521484,0.6585,0.6527,-7.294117647058823
151.174,46.081,46.058284759521484,0.6585,0.6527,7.105882352941176
151.224,46.447,46.058284759521484,0.6585,0.6527,-7.294117647058823
151.274,45.836,46.058284759521484,0.6585,0.6527,-7.294117647058823
151.324,46.325,46.058284759521484,0.6585,0.6527,-7.2
151.374,45.91,44.6348876953125,0.6585,0.6527,-7.2
151.424,46.056,44.6348876953125,0.6586,0.6527,-7.152941176470589
151.474,45.617,44.6348876953125,0.6587,0.6527,-7.152941176470589
151.524,45.934,44.6348876953125,0.6587,0.6527,-7.576470588235294
151.574,45.641,44.6348876953125,0.6591,0.6527,-7.576470588235294
151.624,45.079,44.6348876953125,0.6592,0.6527,-7.529411764705882
151.674,45.177,44.6348876953125,0.6593,0.6527,-7.529411764705882
151.724,45.324,44.6348876953125,0.6593,0.6527,-7.247058823529412
151.774,45.031,44.6348876953125,0.6599,0.6527,-7.247058823529412
151.824,45.201,44.6348876953125,0.6603,0.6527,-7.341176470588235
151.874,44.737,44.6348876953125,0.6604,0.6527,-7.341176470588235
151.924,44.664,44.6348876953125,0.6606,0.6527,-7.294117647058823
151.974,44.322,44.6348876953125,0.6607,0.6527,-7.105882352941176
152.024,44.591,44.6348876953125,0.6608,0.6527,-7.105882352941176
152.074,43.858,44.6348876953125,0.661,0.6527,7.2
152.126,44.347,44.6348876953125,0.662,0.6527,7.2
152.175,44.591,44.6348876953125,0.6621,0.6527,7.341176470588235
152.225,44.469,44.6348876953125,0.6624,0.6527,7.152941176470589
152.275,45.055,44.6348876953125,0.6628,0.6527,7.152941176470589
152.325,45.055,44.6348876953125,0.6634,0.6527,7.105882352941176
152.375,45.958,44.95965576171875,0.664,0.6527,7.105882352941176
152.425,46.032,44.95965576171875,0.664,0.6527,-7.2
152.475,46.007,44.95965576171875,0.6644,0.6527,-7.2
152.525,46.178,44.95965576171875,0.6651,0.6527,-7.482352941176471
152.575,45.397,44.95965576171875,0.6653,0.6527,-7.482352941176471
152.625,45.861,44.95965576171875,0.6662,0.6527,-7.529411764705882
152.675,45.226,44.95965576171875,0.667,0.6527,-7.2
152.725,45.446,44.95965576171875,0.6675,0.6527,-7.2
152.775,44.811,44.95965576171875,0.6676,0.6527,-7.152941176470589
152.825,45.421,44.95965576171875,0.6681,0.6527,-7.152941176470589
152.875,45.031,44.95965576171875,0.6687,0.6527,7.105882352941176
152.925,45.275,44.95965576171875,0.6691,0.6527,-7.247058823529412
152.975,45.177,44.95965576171875,0.6693,0.6527,-7.247058823529412
153.025,45.128,44.95965576171875,0.6696,0.6527,-7.2
153.075,44.786,44.95965576171875,0.6699,0.6527,-7.2
153.125,44.957,44.95965576171875,0.6701,0.6527,-7.105882352941176
153.175,44.689,44.95965576171875,0.6707,0.6527,7.105882352941176
153.225,44.762,44.95965576171875,0.6708,0.6527,7.105882352941176
153.275,45.153,44.95965576171875,0.6711,0.6527,7.152941176470589
153.325,44.786,44.95965576171875,0.6712,0.6527,7.152941176470589
153.375,45.324,44.61539077758789,0.6717,0.6527,-7.152941176470589
153.425,45.47,44.61539077758789,0.6717,0.6527,7.105882352941176
153.475,45.568,44.61539077758789,0.6719,0.6527,7.105882352941176
153.525,45.69,44.61539077758789,0.6722,0.6527,-7.3882352941176475
153.575,45.226,44.61539077758789,0.6723,0.6527,-7.3882352941176475
153.625,45.763,44.61539077758789,0.6723,0.6527,-7.482352941176471
153.675,45.006,44.61539077758789,0.6726,0.6527,-7.294117647058823
153.725,45.519,44.61539077758789,0.6727,0.6527,-7.294117647058823
153.775,45.006,44.61539077758789,0.6727,0.6527,-7.2
153.825,45.275,44.61539077758789,0.6728,0.6527,-7.2
153.875,44.664,44.61539077758789,0.673,0.6527,-7.2
153.925,45.153,44.61539077758789,0.6733,0.6527,-7.2
153.975,44.762,44.61539077758789,0.6734,0.6527,0.0
154.025,44.762,44.61539077758789,0.6734,0.6527,0.0
154.075,44.786,44.61539077758789,0.6734,0.6527,-7.105882352941176
154.127,44.591,44.61539077758789,0.6735,0.6527,-7.105882352941176
154.176,44.518,44.61539077758789,0.6735,0.6527,-7.105882352941176
154.226,44.469,44.61539077758789,0.6738,0.6527,0.0
154.276,44.444,44.61539077758789,0.6738,0.6527,0.0
154.326,44.713,44.61539077758789,0.6739,0.6527,7.105882352941176
154.376,44.957,44.2147102355957,0.6739,0.6527,7.105882352941176
154.426,44.884,44.2147102355957,0.6741,0.6527,-7.105882352941176
154.476,44.371,44.2147102355957,0.6744,0.6527,-7.105882352941176
154.526,44.86,44.2147102355957,0.6745,0.6527,-7.294117647058823
154.576,43.98,44.2147102355957,0.6747,0.6527,-7.294117647058823
154.626,44.615,44.2147102355957,0.6751,0.6527,-7.294117647058823
154.676,44.274,44.2147102355957,0.6754,0.6527,7.152941176470589
154.726,44.42,44.2147102355957,0.6756,0.6527,7.152941176470589
154.776,44.396,44.2147102355957,0.6758,0.6527,0.0
154.826,44.444,44.2147102355957,0.6761,0.6527,0.0
154.876,44.103,44.2147102355957,0.6764,0.6527,-7.105882352941176
154.926,44.225,44.2147102355957,0.6767,0.6527,-7.152941176470589
154.976,44.347,44.2147102355957,0.6771,0.6527,-7.152941176470589
155.026,44.347,44.2147102355957,0.6771,0.6527,0.0
155.076,44.322,44.2147102355957,0.6779,0.6527,0.0
155.126,44.493,44.2147102355957,0.6781,0.6527,-7.105882352941176
155.176,44.298,44.2147102355957,0.6783,0.6527,-7.105882352941176
155.226,44.225,44.2147102355957,0.6793,0.6527,-7.152941176470589
155.276,43.98,44.2147102355957,0.6796,0.6527,-7.152941176470589
155.326,43.932,44.2147102355957,0.6799,0.6527,0.0
155.376,43.956,43.415077209472656,0.6804,0.6527,0.0
155.426,44.078,43.415077209472656,0.6809,0.6527,7.152941176470589
155.476,44.151,43.415077209472656,0.6814,0.6527,7.152941176470589
155.526,44.469,43.415077209472656,0.682,0.6527,-7.294117647058823
155.576,43.834,43.415077209472656,0.6827,0.6527,-7.294117647058823
155.626,44.103,43.415077209472656,0.6831,0.6527,-7.435294117647059
155.676,43.761,43.415077209472656,0.6834,0.6527,-7.2
155.726,44.127,43.415077209472656,0.6841,0.6527,-7.2
155.776,43.614,43.415077209472656,0.6841,0.6527,-7.2
155.826,44.127,43.415077209472656,0.6847,0.6527,-7.2
155.876,43.077,43.415077209472656,0.6859,0.6527,-7.152941176470589
155.926,43.468,43.415077209472656,0.6861,0.6527,-7.341176470588235
155.976,42.882,43.415077209472656,0.6862,0.6527,-7.341176470588235
156.026,43.15,43.415077209472656,0.687,0.6527,0.0
156.076,43.175,43.415077209472656,0.6872,0.6527,0.0
156.128,43.126,43.415077209472656,0.6873,0.6527,7.152941176470589
156.177,43.101,43.415077209472656,0.688,0.6527,7.152941176470589
156.227,43.565,43.415077209472656,0.6884,0.6527,7.152941176470589
156.277,43.541,43.415077209472656,0.6886,0.6527,7.152941176470589
156.327,43.98,43.415077209472656,0.6889,0.6527,-7.105882352941176
156.377,43.834,43.02922058105469,0.6891,0.6527,-7.105882352941176
156.427,44.029,43.02922058105469,0.6892,0.6527,-7.294117647058823
156.477,43.712,43.02922058105469,0.6896,0.6527,-7.294117647058823
156.527,43.761,43.02922058105469,0.6897,0.6527,-7.435294117647059
156.577,43.59,43.02922058105469,0.6897,0.6527,-7.435294117647059
156.627,43.394,43.02922058105469,0.69,0.6527,-7.341176470588235
156.677,43.053,43.02922058105469,0.69,0.6527,-7.247058823529412
156.727,43.394,43.02922058105469,0.69,0.6527,-7.247058823529412
156.777,43.004,43.02922058105469,0.69,0.6527,0.0
156.827,42.93,43.02922058105469,0.69,0.6527,0.0
156.877,42.955,43.02922058105469,0.69,0.6527,0.0
156.927,43.223,43.02922058105469,0.6897,0.6527,7.105882352941176
156.977,43.101,43.02922058105469,0.6895,0.6527,7.105882352941176
157.027,43.321,43.02922058105469,0.6893,0.6527,-7.152941176470589
157.077,42.833,43.02922058105469,0.689,0.6527,-7.152941176470589
157.127,43.248,43.02922058105469,0.6888,0.6527,-7.152941176470589
157.177,43.15,43.02922058105469,0.6888,0.6527,7.152941176470589
157.227,42.906,43.02922058105469,0.6884,0.6527,7.152941176470589
157.277,43.272,43.02922058105469,0.6883,0.6527,-7.105882352941176
157.327,43.468,43.02922058105469,0.6882,0.6527,-7.105882352941176
157.377,43.126,43.96091842651367,0.688,0.6527,-7.152941176470589
157.427,43.248,43.96091842651367,0.6877,0.6527,-7.247058823529412
157.477,42.808,43.96091842651367,0.6876,0.6527,-7.247058823529412
157.527,43.053,43.96091842651367,0.6874,0.6527,7.341176470588235
157.577,43.028,43.96091842651367,0.6869,0.6527,7.341176470588235
157.627,43.175,43.96091842651367,0.6866,0.6527,7.3882352941176475
157.677,43.223,43.96091842651367,0.6859,0.6527,7.3882352941176475
157.727,43.394,43.96091842651367,0.6856,0.6527,7.3882352941176475
157.777,44.127,43.96091842651367,0.6856,0.6527,7.341176470588235
157.827,44.127,43.96091842651367,0.6854,0.6527,7.341176470588235
157.877,43.053,43.96091842651367,0.6844,0.6527,-7.105882352941176
157.927,44.64,43.96091842651367,0.6843,0.6527,-7.105882352941176
157.977,44.542,43.96091842651367,0.6839,0.6527,-7.105882352941176
158.027,44.786,43.96091842651367,0.6832,0.6527,-7.294117647058823
158.077,44.005,43.96091842651367,0.6832,0.6527,-7.294117647058823
158.129,44.322,43.96091842651367,0.683,0.6527,0.0
158.178,44.347,43.96091842651367,0.6822,0.6527,0.0
158.228,44.371,43.96091842651367,0.6822,0.6527,0.0
158.278,44.347,43.96091842651367,0.682,0.6527,-7.2
158.328,44.444,43.96091842651367,0.681,0.6527,-7.2
158.378,43.81,43.63068771362305,0.681,0.6527,-7.2
158.428,44.151,43.63068771362305,0.6808,0.6527,-7.2
158.478,43.932,43.63068771362305,0.6804,0.6527,-7.105882352941176
158.528,44.127,43.63068771362305,0.6802,0.6527,-7.105882352941176
158.578,43.663,43.63068771362305,0.6796,0.6527,-7.152941176470589
158.628,44.347,43.63068771362305,0.6787,0.6527,-7.247058823529412
158.678,43.321,43.63068771362305,0.6786,0.6527,-7.247058823529412
158.728,43.712,43.63068771362305,0.6784,0.6527,-7.341176470588235
158.778,43.077,43.63068771362305,0.6779,0.6527,-7.341176470588235
158.828,43.443,43.63068771362305,0.6779,0.6527,-7.105882352941176
158.878,42.857,43.63068771362305,0.6773,0.6527,-7.105882352941176
158.928,43.346,43.63068771362305,0.6772,0.6527,7.152941176470589
158.978,43.272,43.63068771362305,0.6763,0.6527,7.152941176470589
159.028,43.15,43.63068771362305,0.6761,0.6527,7.152941176470589
159.078,43.516,43.63068771362305,0.6759,0.6527,7.152941176470589
159.128,43.736,43.63068771362305,0.6755,0.6527,7.247058823529412
159.178,44.2,43.63068771362305,0.6753,0.6527,7.105882352941176
159.228,44.469,43.63068771362305,0.675,0.6527,7.105882352941176
159.278,44.64,43.63068771362305,0.6744,0.6527,-7.294117647058823
159.328,44.908,43.63068771362305,0.6744,0.6527,-7.294117647058823
159.378,44.615,44.19122314453125,0.6738,0.6527,-7.435294117647059
159.428,44.884,44.19122314453125,0.6737,0.6527,-7.529411764705882
159.478,44.298,44.19122314453125,0.6735,0.6527,-7.529411764705882
159.528,43.98,44.19122314453125,0.6734,0.6527,-7.341176470588235
159.578,43.663,44.19122314453125,0.6726,0.6527,-7.341176470588235
159.628,44.151,44.19122314453125,0.6723,0.6527,7.152941176470589
159.678,44.029,44.19122314453125,0.6722,0.6527,7.152941176470589
159.728,44.054,44.19122314453125,0.6722,0.6527,0.0
159.778,44.127,44.19122314453125,0.672,0.6527,0.0
159.828,44.274,44.19122314453125,0.6713,0.6527,7.105882352941176
159.878,44.322,44.19122314453125,0.6712,0.6527,7.105882352941176
159.928,44.713,44.19122314453125,0.6711,0.6527,7.105882352941176
159.978,44.64,44.19122314453125,0.6703,0.6527,-7.105882352941176
160.028,44.591,44.19122314453125,0.6697,0.6527,-7.105882352941176
160.078,44.274,44.19122314453125,0.6696,0.6527,-7.247058823529412
160.13,44.298,44.19122314453125,0.6693,0.6527,-7.2
160.179,44.396,44.19122314453125,0.6688,0.6527,-7.2
160.229,44.347,44.19122314453125,0.6685,0.6527,-7.105882352941176
160.279,44.274,44.19122314453125,0.6675,0.6527,-7.105882352941176
160.329,43.834,44.19122314453125,0.6672,0.6527,-7.105882352941176
160.379,43.736,45.69122314453125,0.6672,0.6527,-7.105882352941176
160.429,43.98,45.69122314453125,0.6665,0.6527,-7.105882352941176
160.479,43.98,45.69122314453125,0.6662,0.6527,7.811764705882353
160.529,44.151,45.69122314453125,0.6656,0.6527,7.811764705882353
160.579,44.274,45.69122314453125,0.6648,0.6527,7.7176470588235295
160.629,44.908,45.69122314453125,0.6638,0.6527,7.623529411764705
160.679,44.737,45.69122314453125,0.6638,0.6527,7.623529411764705
160.729,45.495,45.69122314453125,0.6631,0.6527,7.341176470588235
160.779,45.739,45.69122314453125,0.6628,0.6527,7.341176470588235
160.829,45.958,45.69122314453125,0.6619,0.6527,7.152941176470589
160.879,46.007,45.69122314453125,0.6612,0.6527,0.0
160.929,46.032,45.69122314453125,0.6608,0.6527,0.0
160.979,45.665,45.69122314453125,0.6607,0.6527,-7.2
161.029,46.227,45.69122314453125,0.66,0.6527,-7.2
161.079,46.032,45.69122314453125,0.6591,0.6527,0.0
161.129,46.007,45.69122314453125,0.659,0.6527,0.0
161.179,45.592,45.69122314453125,0.6577,0.6527,-7.2
161.229,45.934,45.69122314453125,0.6571,0.6527,-7.2
161.279,45.836,45.69122314453125,0.6565,0.6527,7.105882352941176
161.329,45.934,45.69122314453125,0.6565,0.6527,7.105882352941176
161.379,45.861,46.21818542480469,0.6551,0.6527,-7.105882352941176
161.429,45.836,46.21818542480469,0.6548,0.6527,-7.152941176470589
161.479,45.788,46.21818542480469,0.6542,0.6527,-7.152941176470589
161.529,45.91,46.21818542480469,0.6532,0.6527,7.2
161.579,46.129,46.21818542480469,0.6528,0.6527,7.2
161.629,45.934,46.21818542480469,0.6526,0.6527,7.152941176470589
161.679,46.398,46.21818542480469,0.6519,0.6527,7.105882352941176
161.729,46.593,46.21818542480469,0.6512,0.6527,7.105882352941176
161.779,46.642,46.21818542480469,0.6512,0.6527,-7.105882352941176
161.829,46.789,46.21818542480469,0.6502,0.6527,-7.105882352941176
161.879,46.3,46.21818542480469,0.6494,0.6527,-7.2
161.929,46.618,46.21818542480469,0.6492,0.6527,-7.2
161.979,46.569,46.21818542480469,0.6488,0.6527,-7.105882352941176
162.029,46.716,46.21818542480469,0.6484,0.6527,-7.105882352941176
162.079,46.325,46.21818542480469,0.6479,0.6527,-7.2
162.131,46.178,46.21818542480469,0.6477,0.6527,-7.247058823529412
162.18,46.276,46.21818542480469,0.6469,0.6527,-7.247058823529412
162.23,46.032,46.21818542480469,0.6467,0.6527,0.0
162.28,46.056,46.21818542480469,0.6467,0.6527,0.0
162.33,46.203,46.21818542480469,0.6463,0.6527,7.105882352941176
162.38,46.252,45.263065338134766,0.6461,0.6527,7.105882352941176
162.43,46.227,45.263065338134766,0.6456,0.6527,7.105882352941176
162.48,46.593,45.263065338134766,0.6455,0.6527,-7.435294117647059
162.53,46.374,45.263065338134766,0.6455,0.6527,-7.435294117647059
162.58,45.958,45.263065338134766,0.6455,0.6527,-7.576470588235294
162.63,46.471,45.263065338134766,0.6455,0.6527,-7.482352941176471
162.68,45.861,45.263065338134766,0.6455,0.6527,-7.482352941176471
162.73,46.007,45.263065338134766,0.6455,0.6527,-7.529411764705882
162.78,45.299,45.263065338134766,0.6456,0.6527,-7.529411764705882
162.83,45.592,45.263065338134766,0.6456,0.6527,-7.341176470588235
162.88,45.519,45.263065338134766,0.6456,0.6527,0.0
162.93,45.495,45.263065338134766,0.6458,0.6527,0.0
162.98,45.421,45.263065338134766,0.6459,0.6527,-7.152941176470589
163.03,45.495,45.263065338134766,0.6466,0.6527,-7.152941176470589
163.08,45.153,45.263065338134766,0.6466,0.6527,-7.105882352941176
163.13,45.299,45.263065338134766,0.6468,0.6527,-7.152941176470589
163.18,45.128,45.263065338134766,0.6469,0.6527,-7.152941176470589
163.23,45.079,45.263065338134766,0.6472,0.6527,0.0
163.28,45.079,45.263065338134766,0.6478,0.6527,0.0
163.33,45.226,45.263065338134766,0.6478,0.6527,7.105882352941176
163.38,45.128,45.55377197265625,0.6484,0.6527,7.105882352941176
163.43,45.177,45.55377197265625,0.649,0.6527,0.0
163.48,45.201,45.55377197265625,0.6493,0.6527,0.0
163.53,45.397,45.55377197265625,0.6497,0.6527,7.2
163.58,45.397,45.55377197265625,0.6504,0.6527,7.2
163.63,45.519,45.55377197265625,0.6507,0.6527,7.105882352941176
163.68,46.178,45.55377197265625,0.6513,0.6527,7.105882352941176
163.73,46.032,45.55377197265625,0.6518,0.6527,0.0
163.78,46.105,45.55377197265625,0.6521,0.6527,0.0
163.83,46.227,45.55377197265625,0.6525,0.6527,-7.247058823529412
163.88,46.105,45.55377197265625,0.6532,0.6527,-7.247058823529412
163.93,46.227,45.55377197265625,0.6537,0.6527,-7.247058823529412
163.98,45.91,45.55377197265625,0.654,0.6527,-7.247058823529412
164.03,46.056,45.55377197265625,0.6547,0.6527,-7.247058823529412
164.08,45.519,45.55377197265625,0.655,0.6527,-7.2
164.132,45.519,45.55377197265625,0.6556,0.6527,-7.247058823529412
164.181,45.665,45.55377197265625,0.656,0.6527,-7.247058823529412
164.231,45.372,45.55377197265625,0.6561,0.6527,0.0
164.281,45.348,45.55377197265625,0.6564,0.6527,0.0
164.331,45.617,45.55377197265625,0.6566,0.6527,7.105882352941176
164.381,45.568,44.053775787353516,0.6571,0.6527,7.152941176470589
164.431,45.543,44.053775787353516,0.6572,0.6527,7.152941176470589
164.481,46.032,44.053775787353516,0.6574,0.6527,-7.623529411764705
164.531,45.958,44.053775787353516,0.6575,0.6527,-7.623529411764705
164.581,45.592,44.053775787353516,0.658,0.6527,-7.811764705882353
164.631,45.47,44.053775787353516,0.6583,0.6527,-7.764705882352941
164.681,45.177,44.053775787353516,0.6583,0.6527,-7.764705882352941
164.731,44.86,44.053775787353516,0.6584,0.6527,-7.576470588235294
164.781,44.591,44.053775787353516,0.6585,0.6527,-7.576470588235294
164.831,44.86,44.053775787353516,0.6585,0.6527,-7.341176470588235
164.881,44.029,44.053775787353516,0.6588,0.6527,-7.247058823529412
164.931,44.493,44.053775787353516,0.6588,0.6527,-7.247058823529412
164.981,44.371,44.053775787353516,0.6589,0.6527,0.0
165.031,44.347,44.053775787353516,0.6589,0.6527,0.0
165.081,44.127,44.053775787353516,0.6589,0.6527,-7.2
165.131,44.664,44.053775787353516,0.659,0.6527,-7.152941176470589
165.181,44.2,44.053775787353516,0.6592,0.6527,-7.152941176470589
165.231,43.98,44.053775787353516,0.6593,0.6527,-7.294117647058823
165.281,43.663,44.053775787353516,0.6596,0.6527,-7.294117647058823
165.331,43.907,44.053775787353516,0.6597,0.6527,7.105882352941176
165.381,44.005,43.809104919433594,0.6599,0.6527,7.105882352941176
165.431,43.956,43.809104919433594,0.6599,0.6527,7.105882352941176
165.481,44.396,43.809104919433594,0.6602,0.6527,7.105882352941176
165.531,44.591,43.809104919433594,0.6603,0.6527,-7.105882352941176
165.581,44.396,43.809104919433594,0.6608,0.6527,-7.105882352941176
165.631,44.689,43.809104919433594,0.6609,0.6527,-7.341176470588235
165.681,44.005,43.809104919433594,0.661,0.6527,-7.341176470588235
165.731,44.371,43.809104919433594,0.6614,0.6527,-7.3882352941176475
165.781,44.005,43.809104919433594,0.6616,0.6527,-7.3882352941176475
165.831,44.249,43.809104919433594,0.6618,0.6527,-7.247058823529412
165.881,43.639,43.809104919433594,0.6627,0.6527,-7.152941176470589
165.931,43.834,43.809104919433594,0.6632,0.6527,-7.152941176470589
165.981,43.541,43.809104919433594,0.6636,0.6527,7.105882352941176
166.031,43.712,43.809104919433594,0.6639,0.6527,7.105882352941176
166.081,43.883,43.809104919433594,0.6647,0.6527,7.152941176470589
166.133,43.736,43.809104919433594,0.6647,0.6527,7.105882352941176
166.182,44.664,43.809104919433594,0.6654,0.6527,7.105882352941176
166.232,44.347,43.809104919433594,0.6657,0.6527,7.105882352941176
166.282,45.177,43.809104919433594,0.6664,0.6527,7.105882352941176
166.332,45.348,43.809104919433594,0.6668,0.6527,-7.247058823529412
166.382,45.25,43.97216033935547,0.6674,0.6527,-7.576470588235294
166.432,45.324,43.97216033935547,0.6681,0.6527,-7.576470588235294
166.482,44.982,43.97216033935547,0.6683,0.6527,-7.529411764705882
166.532,44.908,43.97216033935547,0.669,0.6527,-7.529411764705882
166.582,44.689,43.97216033935547,0.6699,0.6527,-7.435294117647059
166.632,44.664,43.97216033935547,0.6705,0.6527,-7.435294117647059
166.682,44.2,43.97216033935547,0.671,0.6527,-7.341176470588235
166.732,44.542,43.97216033935547,0.6716,0.6527,-7.341176470588235
166.782,43.761,43.97216033935547,0.6717,0.6527,-7.152941176470589
166.832,43.443,43.97216033935547,0.6722,0.6527,-7.294117647058823
166.882,43.687,43.97216033935547,0.6726,0.6527,-7.294117647058823
166.932,43.761,43.97216033935547,0.6729,0.6527,7.247058823529412
166.982,43.907,43.97216033935547,0.6737,0.6527,7.247058823529412
167.032,43.785,43.97216033935547,0.6739,0.6527,7.152941176470589
167.082,44.64,43.97216033935547,0.6742,0.6527,7.105882352941176
167.132,44.42,43.97216033935547,0.6743,0.6527,7.105882352941176
167.182,44.664,43.97216033935547,0.6747,0.6527,-7.294117647058823
167.232,45.128,43.97216033935547,0.6748,0.6527,-7.294117647058823
167.282,44.689,43.97216033935547,0.6754,0.6527,-7.341176470588235
167.332,44.591,43.97216033935547,0.6756,0.6527,-7.482352941176471
167.382,44.64,42.69097900390625,0.6757,0.6527,-7.482352941176471
167.432,44.42,42.69097900390625,0.6758,0.6527,-7.294117647058823
167.482,44.274,42.69097900390625,0.6761,0.6527,-7.294117647058823
167.532,44.274,42.69097900390625,0.6761,0.6527,-7.7176470588235295
167.582,43.858,42.69097900390625,0.6761,0.6527,-7.670588235294118
167.632,43.907,42.69097900390625,0.6761,0.6527,-7.670588235294118
167.682,43.346,42.69097900390625,0.6761,0.6527,-7.482352941176471
167.732,43.663,42.69097900390625,0.6761,0.6527,-7.482352941176471
167.782,43.175,42.69097900390625,0.6761,0.6527,-7.294117647058823
167.832,43.321,42.69097900390625,0.6761,0.6527,-7.435294117647059
167.882,42.564,42.69097900390625,0.6761,0.6527,-7.435294117647059
167.932,42.784,42.69097900390625,0.6761,0.6527,-7.294117647058823
167.982,42.686,42.69097900390625,0.6761,0.6527,-7.294117647058823
168.032,42.93,42.69097900390625,0.6761,0.6527,-7.105882352941176
168.082,42.515,42.69097900390625,0.6758,0.6527,0.0
168.134,42.515,42.69097900390625,0.6758,0.6527,0.0
168.183,42.076,42.69097900390625,0.6758,0.6527,7.105882352941176
168.233,42.686,42.69097900390625,0.6758,0.6527,7.105882352941176
168.283,43.077,42.69097900390625,0.6758,0.6527,7.294117647058823
168.333,42.93,42.69097900390625,0.6757,0.6527,0.0
168.383,43.101,44.19097900390625,0.6757,0.6527,0.0
168.433,43.297,44.19097900390625,0.6757,0.6527,-7.152941176470589
168.483,42.735,44.19097900390625,0.6757,0.6527,-7.152941176470589
168.533,42.906,44.19097900390625,0.6758,0.6527,7.3882352941176475
168.583,43.101,44.19097900390625,0.6758,0.6527,7.623529411764705
168.633,42.857,44.19097900390625,0.6759,0.6527,7.623529411764705
168.683,43.565,44.19097900390625,0.6759,0.6527,7.482352941176471
168.733,43.59,44.19097900390625,0.6759,0.6527,7.482352941176471
168.783,44.518,44.19097900390625,0.6759,0.6527,7.294117647058823
168.833,44.225,44.19097900390625,0.676,0.6527,7.294117647058823
168.883,45.104,44.19097900390625,0.6761,0.6527,7.294117647058823
168.933,45.177,44.19097900390625,0.6762,0.6527,0.0
168.983,45.201,44.19097900390625,0.6762,0.6527,0.0
169.033,45.421,44.19097900390625,0.6763,0.6527,-7.435294117647059
169.083,44.884,44.19097900390625,0.6764,0.6527,-7.435294117647059
169.133,45.324,44.19097900390625,0.6764,0.6527,-7.435294117647059
169.183,44.64,44.19097900390625,0.6764,0.6527,-7.341176470588235
169.233,44.957,44.19097900390625,0.6764,0.6527,-7.341176470588235
169.283,44.396,44.19097900390625,0.6764,0.6527,-7.247058823529412
169.333,44.884,44.19097900390625,0.6764,0.6527,-7.341176470588235
169.383,44.42,45.261993408203125,0.6764,0.6527,-7.341176470588235
169.433,44.567,45.261993408203125,0.6764,0.6527,-7.341176470588235
169.483,44.274,45.261993408203125,0.6764,0.6527,-7.341176470588235
169.533,44.054,45.261993408203125,0.6764,0.6527,7.341176470588235
169.583,44.322,45.261993408203125,0.6764,0.6527,7.435294117647059
169.633,44.664,45.261993408203125,0.6764,0.6527,7.435294117647059
169.683,45.006,45.261993408203125,0.6764,0.6527,7.435294117647059
169.733,44.591,45.261993408203125,0.6763,0.6527,7.435294117647059
169.783,45.348,45.261993408203125,0.6759,0.6527,7.152941176470589
169.833,45.324,45.261993408203125,0.6757,0.6527,7.294117647058823
169.883,45.983,45.261993408203125,0.6757,0.6527,7.294117647058823
169.933,46.056,45.261993408203125,0.6754,0.6527,0.0
169.983,46.032,45.261993408203125,0.6747,0.6527,0.0
170.033,46.252,45.261993408203125,0.6747,0.6527,-7.341176470588235
170.083,45.714,45.261993408203125,0.6742,0.6527,-7.341176470588235
170.135,46.374,45.261993408203125,0.6742,0.6527,-7.341176470588235
170.184,45.665,45.261993408203125,0.674,0.6527,-7.247058823529412
170.234,45.617,45.261993408203125,0.6739,0.6527,-7.247058823529412
170.284,45.495,45.261993408203125,0.6731,0.6527,-7.2
170.334,45.348,45.261993408203125,0.6725,0.6527,-7.2
170.384,45.397,45.61005783081055,0.6724,0.6527,-7.2
170.434,45.055,45.61005783081055,0.6719,0.6527,-7.105882352941176
170.484,45.226,45.61005783081055,0.6717,0.6527,-7.105882352941176
170.534,45.25,45.61005783081055,0.6712,0.6527,7.247058823529412
170.584,44.444,45.61005783081055,0.671,0.6527,7.2
170.634,45.543,45.61005783081055,0.6703,0.6527,7.2
170.684,45.885,45.61005783081055,0.67,0.6527,7.482352941176471
170.734,46.276,45.61005783081055,0.6696,0.6527,7.482352941176471
170.784,46.227,45.61005783081055,0.6695,0.6527,-7.152941176470589
170.834,46.276,45.61005783081055,0.6693,0.6527,-7.152941176470589
170.884,45.861,45.61005783081055,0.6693,0.6527,-7.294117647058823
170.934,46.203,45.61005783081055,0.6687,0.6527,-7.294117647058823
170.984,45.861,45.61005783081055,0.6687,0.6527,-7.152941176470589
171.034,45.495,45.61005783081055,0.6685,0.6527,-7.294117647058823
171.084,45.812,45.61005783081055,0.6683,0.6527,-7.294117647058823
171.134,45.617,45.61005783081055,0.6682,0.6527,7.105882352941176
171.184,45.739,45.61005783081055,0.668,0.6527,7.105882352941176
171.234,45.91,45.61005783081055,0.6677,0.6527,0.0
171.284,45.934,45.61005783081055,0.6677,0.6527,0.0
171.334,45.885,45.61005783081055,0.6677,0.6527,-7.152941176470589
171.384,45.665,45.616905212402344,0.6677,0.6527,-7.152941176470589
171.434,45.714,45.616905212402344,0.6677,0.6527,-7.152941176470589
171.484,45.299,45.616905212402344,0.6677,0.6527,-7.152941176470589
171.534,45.543,45.616905212402344,0.6677,0.6527,-7.105882352941176
171.584,45.495,45.616905212402344,0.6677,0.6527,7.2
171.634,45.641,45.616905212402344,0.6678,0.6527,7.2
171.684,45.812,45.616905212402344,0.6682,0.6527,7.105882352941176
171.734,46.178,45.616905212402344,0.6683,0.6527,7.105882352941176
171.784,46.227,45.616905212402344,0.6686,0.6527,-7.152941176470589
171.834,45.91,45.616905212402344,0.6688,0.6527,-7.247058823529412
171.884,46.227,45.616905212402344,0.6692,0.6527,-7.247058823529412
171.934,45.812,45.616905212402344,0.6693,0.6527,-7.152941176470589
171.984,45.568,45.616905212402344,0.6696,0.6527,-7.152941176470589
172.034,45.836,45.616905212402344,0.6708,0.6527,-7.152941176470589
172.084,45.372,45.616905212402344,0.6708,0.6527,-7.152941176470589
172.136,45.568,45.616905212402344,0.6713,0.6527,-7.152941176470589
172.185,45.739,45.616905212402344,0.6719,0.6527,-7.152941176470589
172.235,45.519,45.616905212402344,0.6722,0.6527,0.0
172.285,45.226,45.616905212402344,0.6724,0.6527,-7.105882352941176
172.335,45.177,45.616905212402344,0.6729,0.6527,-7.105882352941176
172.385,45.299,44.549583435058594,0.6733,0.6527,7.2
172.435,45.495,44.549583435058594,0.674,0.6527,7.2
172.485,45.47,44.549583435058594,0.6741,0.6527,-7.341176470588235
172.535,45.568,44.549583435058594,0.6748,0.6527,-7.435294117647059
172.585,45.177,44.549583435058594,0.6756,0.6527,-7.435294117647059
172.635,45.128,44.549583435058594,0.6757,0.6527,-7.435294117647059
172.685,45.104,44.549583435058594,0.6764,0.6527,-7.435294117647059
172.735,45.006,44.549583435058594,0.6767,0.6527,-7.294117647058823
172.785,44.811,44.549583435058594,0.6777,0.6527,-7.247058823529412
172.835,44.371,44.549583435058594,0.6782,0.6527,-7.247058823529412
172.885,44.567,44.549583435058594,0.6784,0.6527,-7.152941176470589
172.935,44.567,44.549583435058594,0.6791,0.6527,-7.152941176470589
172.985,44.444,44.549583435058594,0.6794,0.6527,0.0
173.035,44.444,44.549583435058594,0.6799,0.6527,0.0
173.085,44.42,44.549583435058594,0.6803,0.6527,0.0
173.135,44.005,44.549583435058594,0.6806,0.6527,7.105882352941176
173.185,44.493,44.549583435058594,0.6811,0.6527,7.105882352941176
173.235,44.664,44.549583435058594,0.6812,0.6527,7.247058823529412
173.285,45.079,44.549583435058594,0.6813,0.6527,7.247058823529412
173.335,45.079,44.549583435058594,0.6821,0.6527,-7.105882352941176
173.385,44.933,45.56833267211914,0.6824,0.6527,-7.105882352941176
173.435,45.006,45.56833267211914,0.6824,0.6527,-7.247058823529412
173.485,44.884,45.56833267211914,0.683,0.6527,-7.247058823529412
173.535,44.835,45.56833267211914,0.6831,0.6527,7.247058823529412
173.585,45.177,45.56833267211914,0.6833,0.6527,7.247058823529412
173.635,45.153,45.56833267211914,0.6833,0.6527,7.341176470588235
173.685,45.446,45.56833267211914,0.6841,0.6527,7.341176470588235
173.735,45.885,45.56833267211914,0.6842,0.6527,7.2
173.785,46.007,45.56833267211914,0.6845,0.6527,7.105882352941176
173.835,45.934,45.56833267211914,0.6848,0.6527,7.105882352941176
173.885,46.52,45.56833267211914,0.6848,0.6527,-7.247058823529412
173.935,46.471,45.56833267211914,0.6851,0.6527,-7.247058823529412
173.985,46.447,45.56833267211914,0.6851,0.6527,-7.435294117647059
174.035,46.471,45.56833267211914,0.6851,0.6527,-7.435294117647059
174.085,45.983,45.56833267211914,0.6855,0.6527,-7.3882352941176475
174.137,45.861,45.56833267211914,0.6855,0.6527,-7.2
174.186,45.812,45.56833267211914,0.6856,0.6527,-7.2
174.236,45.543,45.56833267211914,0.6856,0.6527,-7.2
174.286,45.69,45.56833267211914,0.6857,0.6527,-7.152941176470589
174.336,45.201,45.56833267211914,0.6857,0.6527,-7.152941176470589
174.386,45.275,44.06833267211914,0.6857,0.6527,-7.105882352941176
174.436,45.397,44.06833267211914,0.6857,0.6527,-7.105882352941176
174.486,44.86,44.06833267211914,0.6857,0.6527,-7.529411764705882
174.536,45.201,44.06833267211914,0.6858,0.6527,-7.576470588235294
174.586,44.737,44.06833267211914,0.6858,0.6527,-7.576470588235294
174.636,44.86,44.06833267211914,0.686,0.6527,-7.482352941176471
174.686,44.786,44.06833267211914,0.686,0.6527,-7.482352941176471
174.736,44.298,44.06833267211914,0.6861,0.6527,-7.341176470588235
174.786,44.371,44.06833267211914,0.6861,0.6527,-7.341176470588235
174.836,44.347,44.06833267211914,0.6864,0.6527,-7.341176470588235
174.886,44.005,44.06833267211914,0.6865,0.6527,-7.152941176470589
174.936,43.663,44.06833267211914,0.6867,0.6527,-7.152941176470589
174.986,44.054,44.06833267211914,0.687,0.6527,7.105882352941176
175.036,44.054,44.06833267211914,0.6871,0.6527,7.2
175.086,44.493,44.06833267211914,0.6874,0.6527,7.2
175.136,44.42,44.06833267211914,0.6875,0.6527,0.0
175.186,44.444,44.06833267211914,0.6876,0.6527,0.0
175.236,44.835,44.06833267211914,0.688,0.6527,-7.2
175.286,44.64,44.06833267211914,0.6885,0.6527,-7.2
175.336,44.518,44.06833267211914,0.6888,0.6527,-7.2
175.386,44.103,44.350425720214844,0.6894,0.6527,-7.294117647058823
175.436,44.322,44.350425720214844,0.6895,0.6527,-7.294117647058823
175.486,43.932,44.350425720214844,0.6902,0.6527,7.152941176470589
175.536,44.103,44.350425720214844,0.6909,0.6527,0.0
175.586,44.127,44.350425720214844,0.691,0.6527,0.0
175.636,44.298,44.350425720214844,0.6916,0.6527,7.152941176470589
175.686,44.371,44.350425720214844,0.6927,0.6527,7.152941176470589
175.736,44.396,44.350425720214844,0.6929,0.6527,0.0
175.786,44.444,44.350425720214844,0.6937,0.6527,0.0
175.836,44.493,44.350425720214844,0.6946,0.6527,0.0
175.886,44.518,44.350425720214844,0.6947,0.6527,-7.105882352941176
175.936,44.444,44.350425720214844,0.6954,0.6527,-7.105882352941176
175.986,44.322,44.350425720214844,0.6965,0.6527,-7.105882352941176
176.036,44.225,44.350425720214844,0.6972,0.6527,-7.105882352941176
176.086,44.2,44.350425720214844,0.6979,0.6527,-7.105882352941176
176.138,44.274,44.350425720214844,0.6983,0.6527,7.105882352941176
176.187,44.225,44.350425720214844,0.6987,0.6527,7.105882352941176
176.237,44.444,44.350425720214844,0.6994,0.6527,7.105882352941176
176.287,44.737,44.350425720214844,0.7,0.6527,7.105882352941176
176.337,44.884,44.350425720214844,0.7009,0.6527,-7.105882352941176
176.387,44.567,42.85042190551758,0.7014,0.6527,-7.105882352941176
176.437,44.689,42.85042190551758,0.7015,0.6527,-7.247058823529412
176.487,44.786,42.85042190551758,0.7023,0.6527,-7.247058823529412
176.537,44.151,42.85042190551758,0.7024,0.6527,-7.764705882352941
176.587,44.469,42.85042190551758,0.7026,0.6527,-7.764705882352941
176.637,44.005,42.85042190551758,0.7032,0.6527,-7.529411764705882
176.687,43.761,42.85042190551758,0.7037,0.6527,-7.529411764705882
176.737,43.883,42.85042190551758,0.7037,0.6527,-7.482352941176471
176.787,43.858,42.85042190551758,0.704,0.6527,-7.3882352941176475
176.837,43.834,42.85042190551758,0.704,0.6527,-7.3882352941176475
176.887,43.468,42.85042190551758,0.704,0.6527,-7.435294117647059
176.937,42.955,42.85042190551758,0.704,0.6527,-7.435294117647059
176.987,42.955,42.85042190551758,0.704,0.6527,-7.294117647058823
177.037,43.004,42.85042190551758,0.704,0.6527,-7.105882352941176
177.087,43.199,42.85042190551758,0.704,0.6527,-7.105882352941176
177.137,42.857,42.85042190551758,0.704,0.6527,-7.105882352941176
177.187,42.906,42.85042190551758,0.704,0.6527,-7.105882352941176
177.237,42.784,42.85042190551758,0.704,0.6527,0.0
177.287,42.784,42.85042190551758,0.704,0.6527,0.0
177.337,42.784,42.85042190551758,0.7039,0.6527,0.0
177.387,43.004,44.121761322021484,0.7036,0.6527,7.105882352941176
177.437,42.882,44.121761322021484,0.7036,0.6527,7.105882352941176
177.487,42.882,44.121761322021484,0.703,0.6527,7.482352941176471
177.537,43.468,44.121761322021484,0.703,0.6527,7.482352941176471
177.587,43.858,44.121761322021484,0.703,0.6527,7.529411764705882
177.637,44.249,44.121761322021484,0.7027,0.6527,7.529411764705882
177.687,44.078,44.121761322021484,0.7025,0.6527,7.152941176470589
177.737,44.615,44.121761322021484,0.7021,0.6527,7.152941176470589
177.787,44.811,44.121761322021484,0.7021,0.6527,0.0
177.837,44.86,44.121761322021484,0.7015,0.6527,0.0
177.887,44.811,44.121761322021484,0.7014,0.6527,-7.341176470588235
177.937,44.567,44.121761322021484,0.7014,0.6527,-7.341176470588235
177.987,44.835,44.121761322021484,0.7011,0.6527,-7.341176470588235
178.037,44.469,44.121761322021484,0.7009,0.6527,-7.247058823529412
178.087,44.396,44.121761322021484,0.7005,0.6527,-7.247058823529412
178.139,44.005,44.121761322021484,0.6999,0.6527,-7.2
178.188,44.42,44.121761322021484,0.6999,0.6527,-7.2
178.238,44.298,44.121761322021484,0.6997,0.6527,7.105882352941176
178.288,44.469,44.121761322021484,0.6995,0.6527,7.105882352941176
178.338,44.347,44.121761322021484,0.6991,0.6527,-7.105882352941176
178.388,44.103,44.78098678588867,0.699,0.6527,-7.105882352941176
178.438,44.322,44.78098678588867,0.6989,0.6527,-7.152941176470589
178.488,44.249,44.78098678588867,0.6986,0.6527,7.294117647058823
178.538,44.396,44.78098678588867,0.6984,0.6527,7.294117647058823
178.588,44.518,44.78098678588867,0.698,0.6527,7.247058823529412
178.638,44.762,44.78098678588867,0.6979,0.6527,7.247058823529412
178.688,45.128,44.78098678588867,0.6978,0.6527,7.152941176470589
178.738,45.372,44.78098678588867,0.6975,0.6527,7.152941176470589
178.788,45.543,44.78098678588867,0.6974,0.6527,-7.2
178.838,45.446,44.78098678588867,0.697,0.6527,-7.2
178.888,45.25,44.78098678588867,0.6969,0.6527,-7.341176470588235
178.938,45.177,44.78098678588867,0.6965,0.6527,-7.341176470588235
178.988,45.201,44.78098678588867,0.6965,0.6527,-7.247058823529412
179.038,44.982,44.78098678588867,0.6964,0.6527,-7.2
179.088,44.884,44.78098678588867,0.6963,0.6527,-7.2
179.138,44.86,44.78098678588867,0.6962,0.6527,-7.152941176470589
179.188,44.518,44.78098678588867,0.6959,0.6527,-7.152941176470589
179.238,44.737,44.78098678588867,0.6958,0.6527,-7.105882352941176
179.288,44.737,44.78098678588867,0.6953,0.6527,-7.105882352941176
179.338,44.689,44.78098678588867,0.6951,0.6527,0.0
179.388,44.713,45.22187805175781,0.6949,0.6527,0.0
179.438,44.615,45.22187805175781,0.6947,0.6527,7.105882352941176
179.488,44.811,45.22187805175781,0.6947,0.6527,7.247058823529412
179.538,44.835,45.22187805175781,0.6946,0.6527,7.247058823529412
179.588,44.933,45.22187805175781,0.6946,0.6527,7.2
179.638,45.543,45.22187805175781,0.6944,0.6527,7.2
179.688,45.812,45.22187805175781,0.6944,0.6527,7.152941176470589
179.738,45.885,45.22187805175781,0.6944,0.6527,-7.2
179.788,46.007,45.22187805175781,0.6941,0.6527,-7.2
179.838,45.763,45.22187805175781,0.6939,0.6527,-7.294117647058823
179.888,45.275,45.22187805175781,0.6939,0.6527,-7.294117647058823
179.938,45.421,45.22187805175781,0.6936,0.6527,-7.247058823529412
179.988,45.543,45.22187805175781,0.6935,0.6527,0.0
180.038,45.495,45.22187805175781,0.6934,0.6527,0.0
180.088,45.495,45.22187805175781,0.6931,0.6527,-7.2
180.14,45.226,45.22187805175781,0.693,0.6527,-7.2
180.189,44.835,45.22187805175781,0.693,0.6527,-7.152941176470589
180.239,45.226,45.22187805175781,0.6929,0.6527,0.0
180.289,45.226,45.22187805175781,0.6924,0.6527,0.0
180.339,45.201,45.22187805175781,0.6922,0.6527,0.0
180.389,45.226,44.48241424560547,0.692,0.6527,0.0
180.439,45.201,44.48241424560547,0.6919,0.6527,0.0
180.489,45.226,44.48241424560547,0.6917,0.6527,-7.341176470588235
180.539,45.079,44.48241424560547,0.6916,0.6527,-7.341176470588235
180.589,44.835,44.48241424560547,0.6916,0.6527,-7.341176470588235
180.639,44.591,44.48241424560547,0.6914,0.6527,-7.341176470588235
180.689,44.64,44.48241424560547,0.6914,0.6527,-7.2
180.739,44.664,44.48241424560547,0.6913,0.6527,-7.2
180.789,44.591,44.48241424560547,0.6912,0.6527,-7.105882352941176
180.839,44.2,44.48241424560547,0.6908,0.6527,-7.105882352941176
180.889,44.371,44.48241424560547,0.6908,0.6527,-7.105882352941176
180.939,44.298,44.48241424560547,0.6908,0.6527,-7.105882352941176
180.989,44.347,44.48241424560547,0.6906,0.6527,7.105882352941176
181.039,44.396,44.48241424560547,0.6902,0.6527,7.105882352941176
181.089,44.567,44.48241424560547,0.6902,0.6527,7.105882352941176
181.139,44.786,44.48241424560547,0.6901,0.6527,7.105882352941176
181.189,45.128,44.48241424560547,0.6899,0.6527,7.105882352941176
181.239,45.104,44.48241424560547,0.6899,0.6527,-7.152941176470589
181.289,45.299,44.48241424560547,0.6899,0.6527,-7.294117647058823
181.339,45.031,44.48241424560547,0.6899,0.6527,-7.294117647058823
181.389,45.006,44.348506927490234,0.6898,0.6527,-7.3882352941176475
181.439,45.153,44.348506927490234,0.6898,0.6527,-7.3882352941176475
181.489,44.298,44.348506927490234,0.6898,0.6527,-7.294117647058823
181.539,44.444,44.348506927490234,0.6897,0.6527,-7.294117647058823
181.589,44.518,44.348506927490234,0.6897,0.6527,0.0
181.639,44.493,44.348506927490234,0.6897,0.6527,0.0
181.689,44.615,44.348506927490234,0.6895,0.6527,-7.105882352941176
181.739,44.322,44.348506927490234,0.6895,0.6527,-7.105882352941176
181.789,44.322,44.348506927490234,0.6895,0.6527,-7.105882352941176
181.839,44.371,44.348506927490234,0.6895,0.6527,0.0
181.889,44.42,44.348506927490234,0.6896,0.6527,0.0
181.939,44.371,44.348506927490234,0.6896,0.6527,0.0
181.989,44.298,44.348506927490234,0.6895,0.6527,-7.105882352941176
182.039,43.956,44.348506927490234,0.6895,0.6527,-7.105882352941176
182.089,44.249,44.348506927490234,0.6895,0.6527,0.0
182.141,44.176,44.348506927490234,0.6895,0.6527,7.105882352941176
182.19,44.347,44.348506927490234,0.6895,0.6527,7.105882352941176
182.24,44.542,44.348506927490234,0.6895,0.6527,7.105882352941176
182.29,44.444,44.348506927490234,0.6895,0.6527,7.105882352941176
182.34,45.128,44.348506927490234,0.6894,0.6527,-7.152941176470589
182.39,44.762,43.97065353393555,0.6893,0.6527,-7.152941176470589
182.44,45.226,43.97065353393555,0.6893,0.6527,-7.341176470588235
182.49,44.689,43.97065353393555,0.6892,0.6527,-7.341176470588235
182.54,44.615,43.97065353393555,0.6891,0.6527,-7.341176470588235
182.59,44.469,43.97065353393555,0.6891,0.6527,-7.341176470588235
182.64,44.42,43.97065353393555,0.6891,0.6527,-7.341176470588235
182.69,44.103,43.97065353393555,0.689,0.6527,-7.247058823529412
182.74,44.347,43.97065353393555,0.689,0.6527,-7.247058823529412
182.79,43.98,43.97065353393555,0.6889,0.6527,-7.247058823529412
182.84,44.005,43.97065353393555,0.6888,0.6527,-7.2
182.89,43.37,43.97065353393555,0.6888,0.6527,-7.2
182.94,43.639,43.97065353393555,0.6887,0.6527,0.0
182.99,43.59,43.97065353393555,0.6885,0.6527,7.294117647058823
183.04,43.468,43.97065353393555,0.6884,0.6527,7.294117647058823
183.09,43.956,43.97065353393555,0.6883,0.6527,7.2
183.14,44.151,43.97065353393555,0.6879,0.6527,7.2
183.19,44.444,43.97065353393555,0.6878,0.6527,0.0
183.24,43.394,43.97065353393555,0.6877,0.6527,-7.105882352941176
183.29,44.469,43.97065353393555,0.6875,0.6527,-7.105882352941176
183.34,44.567,43.97065353393555,0.6873,0.6527,7.294117647058823
183.39,44.347,45.00739669799805,0.6872,0.6527,7.294117647058823
183.44,44.64,45.00739669799805,0.6869,0.6527,-7.294117647058823
183.49,42.759,45.00739669799805,0.6868,0.6527,7.294117647058823
183.54,44.567,45.00739669799805,0.6866,0.6527,7.294117647058823
183.59,44.762,45.00739669799805,0.6866,0.6527,7.905882352941177
183.64,45.128,45.00739669799805,0.6861,0.6527,7.905882352941177
183.69,45.617,45.00739669799805,0.6852,0.6527,7.152941176470589
183.74,45.568,45.00739669799805,0.6851,0.6527,-7.105882352941176
183.79,45.47,45.00739669799805,0.6849,0.6527,-7.105882352941176
183.84,45.495,45.00739669799805,0.6848,0.6527,-7.247058823529412
183.89,45.348,45.00739669799805,0.6846,0.6527,-7.247058823529412
183.94,45.47,45.00739669799805,0.6844,0.6527,-7.247058823529412
183.99,45.006,45.00739669799805,0.6843,0.6527,-7.2
184.04,45.275,45.00739669799805,0.6836,0.6527,-7.2
184.09,45.201,45.00739669799805,0.6836,0.6527,0.0
184.142,45.299,45.00739669799805,0.6835,0.6527,-7.152941176470589
184.191,45.128,45.00739669799805,0.6829,0.6527,-7.152941176470589
184.241,45.177,45.00739669799805,0.6823,0.6527,-7.152941176470589
184.291,45.055,45.00739669799805,0.6819,0.6527,-7.152941176470589
184.341,45.177,45.00739669799805,0.6817,0.6527,-7.105882352941176
184.391,44.542,44.76462173461914,0.6815,0.6527,-7.105882352941176
184.441,44.274,44.76462173461914,0.6813,0.6527,-7.105882352941176
184.491,44.64,44.76462173461914,0.6806,0.6527,7.152941176470589
184.541,44.762,44.76462173461914,0.6803,0.6527,7.152941176470589
184.591,45.006,44.76462173461914,0.6799,0.6527,7.105882352941176
184.641,45.201,44.76462173461914,0.6798,0.6527,7.105882352941176
184.691,45.153,44.76462173461914,0.6794,0.6527,-7.152941176470589
184.741,44.957,44.76462173461914,0.6794,0.6527,-7.2
184.791,45.006,44.76462173461914,0.6792,0.6527,-7.2
184.841,44.884,44.76462173461914,0.6788,0.6527,-7.152941176470589
184.891,44.664,44.76462173461914,0.6788,0.6527,-7.152941176470589
184.941,44.567,44.76462173461914,0.6783,0.6527,-7.105882352941176
184.991,44.835,44.76462173461914,0.6779,0.6527,7.105882352941176
185.041,45.055,44.76462173461914,0.6778,0.6527,7.105882352941176
185.091,43.175,44.76462173461914,0.6777,0.6527,-7.105882352941176
185.141,45.372,44.76462173461914,0.6775,0.6527,-7.105882352941176
185.191,45.006,44.76462173461914,0.6774,0.6527,7.670588235294118
185.241,45.055,44.76462173461914,0.6773,0.6527,-7.294117647058823
185.291,44.884,44.76462173461914,0.6773,0.6527,-7.294117647058823
185.341,44.908,44.76462173461914,0.6772,0.6527,-7.152941176470589
185.391,44.737,45.21488952636719,0.6771,0.6527,-7.152941176470589
185.441,44.274,45.21488952636719,0.6771,0.6527,-7.105882352941176
185.491,44.225,45.21488952636719,0.6771,0.6527,-7.105882352941176
185.541,44.713,45.21488952636719,0.6771,0.6527,7.435294117647059
185.591,44.664,45.21488952636719,0.6771,0.6527,7.435294117647059
185.641,44.835,45.21488952636719,0.6771,0.6527,7.247058823529412
185.691,45.226,45.21488952636719,0.6771,0.6527,7.247058823529412
185.741,45.397,45.21488952636719,0.6773,0.6527,7.2
185.791,45.836,45.21488952636719,0.6773,0.6527,7.2
185.841,45.739,45.21488952636719,0.6773,0.6527,-7.105882352941176
185.891,45.543,45.21488952636719,0.6775,0.6527,-7.105882352941176
185.941,45.69,45.21488952636719,0.6776,0.6527,-7.247058823529412
185.991,45.446,45.21488952636719,0.6776,0.6527,-7.247058823529412
186.041,45.519,45.21488952636719,0.6777,0.6527,-7.247058823529412
186.091,45.25,45.21488952636719,0.6777,0.6527,-7.247058823529412
186.143,45.397,45.21488952636719,0.6777,0.6527,-7.152941176470589
186.192,46.032,45.21488952636719,0.6778,0.6527,-7.152941176470589
186.242,45.153,45.21488952636719,0.6778,0.6527,-7.105882352941176
186.292,45.079,45.21488952636719,0.6778,0.6527,-7.105882352941176
186.342,45.055,45.21488952636719,0.678,0.6527,0.0
186.392,45.055,43.71488952636719,0.6781,0.6527,0.0
186.442,45.177,43.71488952636719,0.6782,0.6527,7.105882352941176
186.492,45.177,43.71488952636719,0.6783,0.6527,-7.576470588235294
186.542,45.079,43.71488952636719,0.6784,0.6527,-7.576470588235294
186.592,44.567,43.71488952636719,0.6784,0.6527,-7.623529411764705
186.642,44.737,43.71488952636719,0.6784,0.6527,-7.623529411764705
186.692,44.518,43.71488952636719,0.6784,0.6527,-7.3882352941176475
186.742,44.005,43.71488952636719,0.6784,0.6527,-7.3882352941176475
186.792,44.493,43.71488952636719,0.6784,0.6527,-7.341176470588235
186.842,43.81,43.71488952636719,0.6784,0.6527,-7.341176470588235
186.892,43.956,43.71488952636719,0.6784,0.6527,-7.341176470588235
186.942,43.59,43.71488952636719,0.6784,0.6527,-7.105882352941176
186.992,43.712,43.71488952636719,0.6784,0.6527,-7.105882352941176
187.042,43.541,43.71488952636719,0.6784,0.6527,7.105882352941176
187.092,43.736,43.71488952636719,0.6784,0.6527,7.105882352941176
187.142,44.176,43.71488952636719,0.6784,0.6527,7.105882352941176
187.192,44.054,43.71488952636719,0.6784,0.6527,0.0
187.242,44.103,43.71488952636719,0.6782,0.6527,0.0
187.292,44.151,43.71488952636719,0.6781,0.6527,-7.2
187.342,44.322,43.71488952636719,0.6781,0.6527,-7.2
187.392,44.029,43.25459671020508,0.6781,0.6527,-7.2
187.442,44.054,43.25459671020508,0.6781,0.6527,-7.294117647058823
187.492,43.516,43.25459671020508,0.6779,0.6527,-7.294117647058823
187.542,44.029,43.25459671020508,0.6778,0.6527,-7.341176470588235
187.592,43.394,43.25459671020508,0.6777,0.6527,-7.341176470588235
187.642,43.59,43.25459671020508,0.6777,0.6527,-7.341176470588235
187.692,43.15,43.25459671020508,0.6777,0.6527,-7.105882352941176
187.742,43.37,43.25459671020508,0.6777,0.6527,-7.105882352941176
187.792,43.175,43.25459671020508,0.6777,0.6527,7.105882352941176
187.842,43.199,43.25459671020508,0.6777,0.6527,7.105882352941176
187.892,43.614,43.25459671020508,0.6776,0.6527,7.105882352941176
187.942,43.639,43.25459671020508,0.6776,0.6527,0.0
187.992,43.639,43.25459671020508,0.6776,0.6527,0.0
188.042,43.81,43.25459671020508,0.6776,0.6527,-7.2
188.092,43.663,43.25459671020508,0.6776,0.6527,-7.2
188.144,43.639,43.25459671020508,0.6776,0.6527,-7.247058823529412
188.193,43.663,43.25459671020508,0.6775,0.6527,-7.2
188.243,43.516,43.25459671020508,0.6775,0.6527,-7.2
188.293,43.248,43.25459671020508,0.6775,0.6527,-7.2
188.343,43.516,43.25459671020508,0.6774,0.6527,-7.2
188.393,43.199,43.552635192871094,0.6774,0.6527,0.0
188.443,43.199,43.552635192871094,0.6773,0.6527,0.0
188.493,43.297,43.552635192871094,0.6772,0.6527,7.2
188.543,43.321,43.552635192871094,0.6772,0.6527,7.2
188.593,43.492,43.552635192871094,0.6771,0.6527,7.152941176470589
188.643,43.394,43.552635192871094,0.6771,0.6527,7.152941176470589
188.693,43.834,43.552635192871094,0.677,0.6527,0.0
188.743,43.98,43.552635192871094,0.677,0.6527,0.0
188.793,44.103,43.552635192871094,0.677,0.6527,-7.152941176470589
188.843,44.347,43.552635192871094,0.6769,0.6527,-7.152941176470589
188.893,43.761,43.552635192871094,0.6769,0.6527,-7.247058823529412
188.943,43.639,43.552635192871094,0.6769,0.6527,-7.341176470588235
188.993,43.223,43.552635192871094,0.6768,0.6527,-7.341176470588235
189.043,43.614,43.552635192871094,0.6767,0.6527,-7.105882352941176
189.093,43.321,43.552635192871094,0.6766,0.6527,-7.105882352941176
189.143,43.297,43.552635192871094,0.6766,0.6527,0.0
189.193,43.248,43.552635192871094,0.6761,0.6527,7.152941176470589
189.243,43.419,43.552635192871094,0.6759,0.6527,7.152941176470589
189.293,43.81,43.552635192871094,0.6756,0.6527,7.152941176470589
189.343,43.834,43.552635192871094,0.6755,0.6527,7.105882352941176
189.393,44.176,44.635398864746094,0.675,0.6527,7.105882352941176
189.443,44.444,44.635398864746094,0.6748,0.6527,-7.152941176470589
189.493,44.054,44.635398864746094,0.6745,0.6527,-7.152941176470589
189.543,44.444,44.635398864746094,0.6739,0.6527,7.152941176470589
189.593,44.396,44.635398864746094,0.6736,0.6527,7.152941176470589
189.643,44.42,44.635398864746094,0.6734,0.6527,7.152941176470589
189.693,44.737,44.635398864746094,0.6731,0.6527,7.152941176470589
189.743,44.786,44.635398864746094,0.6731,0.6527,7.152941176470589
189.793,45.177,44.635398864746094,0.6723,0.6527,-7.105882352941176
189.843,45.25,44.635398864746094,0.6718,0.6527,-7.105882352941176
189.893,44.86,44.635398864746094,0.6718,0.6527,-7.247058823529412
189.943,45.104,44.635398864746094,0.6707,0.6527,-7.294117647058823
189.993,44.444,44.635398864746094,0.6704,0.6527,-7.294117647058823
190.043,45.104,44.635398864746094,0.67,0.6527,-7.247058823529412
190.093,44.64,44.635398864746094,0.6691,0.6527,-7.247058823529412
190.145,44.664,44.635398864746094,0.6689,0.6527,0.0
190.194,44.567,44.635398864746094,0.6679,0.6527,0.0
190.244,44.567,44.635398864746094,0.6672,0.6527,0.0
190.294,44.713,44.635398864746094,0.6672,0.6527,7.105882352941176
190.344,44.713,44.635398864746094,0.6664,0.6527,7.105882352941176
190.394,44.908,46.03545379638672,0.666,0.6527,-7.105882352941176
190.444,44.396,46.03545379638672,0.6654,0.6527,-7.105882352941176
190.494,44.835,46.03545379638672,0.665,0.6527,7.482352941176471
190.544,44.762,46.03545379638672,0.6641,0.6527,7.482352941176471
190.594,44.811,46.03545379638672,0.6638,0.6527,7.529411764705882
190.644,45.348,46.03545379638672,0.6636,0.6527,7.529411764705882
190.694,45.299,46.03545379638672,0.6629,0.6527,7.529411764705882
190.744,45.91,46.03545379638672,0.6625,0.6527,7.294117647058823
190.794,45.665,46.03545379638672,0.6617,0.6527,7.294117647058823
190.844,46.3,46.03545379638672,0.6612,0.6527,7.105882352941176
190.894,46.203,46.03545379638672,0.6607,0.6527,7.105882352941176
190.944,46.691,46.03545379638672,0.6607,0.6527,-7.152941176470589
190.994,46.96,46.03545379638672,0.6604,0.6527,-7.152941176470589
191.044,46.398,46.03545379638672,0.6597,0.6527,-7.294117647058823
191.094,46.203,46.03545379638672,0.6597,0.6527,-7.294117647058823
191.144,46.276,46.03545379638672,0.6585,0.6527,-7.2
191.194,45.983,46.03545379638672,0.6582,0.6527,-7.2
191.244,46.081,46.03545379638672,0.6581,0.6527,-7.152941176470589
191.294,46.227,46.03545379638672,0.658,0.6527,-7.152941176470589
191.344,45.958,46.03545379638672,0.6575,0.6527,0.0
191.394,45.958,44.6148796081543,0.6572,0.6527,0.0
191.444,46.105,44.6148796081543,0.6571,0.6527,7.105882352941176
191.494,46.081,44.6148796081543,0.6564,0.6527,7.105882352941176
191.544,46.276,44.6148796081543,0.6564,0.6527,-7.623529411764705
191.594,45.934,44.6148796081543,0.6561,0.6527,-7.623529411764705
191.644,46.056,44.6148796081543,0.6561,0.6527,-7.670588235294118
191.694,45.861,44.6148796081543,0.6561,0.6527,-7.576470588235294
191.744,45.714,44.6148796081543,0.656,0.6527,-7.576470588235294
191.794,45.47,44.6148796081543,0.656,0.6527,-7.529411764705882
191.844,45.348,44.6148796081543,0.656,0.6527,-7.529411764705882
191.894,45.153,44.6148796081543,0.6559,0.6527,-7.3882352941176475
191.944,45.079,44.6148796081543,0.6559,0.6527,-7.341176470588235
191.994,44.542,44.6148796081543,0.6559,0.6527,-7.341176470588235
192.044,44.933,44.6148796081543,0.6559,0.6527,-7.247058823529412
192.094,44.737,44.6148796081543,0.6559,0.6527,-7.247058823529412
192.146,44.542,44.6148796081543,0.6559,0.6527,-7.2
192.195,44.493,44.6148796081543,0.656,0.6527,-7.2
192.245,44.615,44.6148796081543,0.656,0.6527,7.105882352941176
192.295,44.42,44.6148796081543,0.656,0.6527,7.105882352941176
192.345,44.444,44.6148796081543,0.6564,0.6527,0.0
192.395,44.737,45.374603271484375,0.6566,0.6527,7.152941176470589
192.445,44.713,45.374603271484375,0.6566,0.6527,7.152941176470589
192.495,44.518,45.374603271484375,0.6568,0.6527,7.294117647058823
192.545,45.031,45.374603271484375,0.6568,0.6527,7.294117647058823
192.595,45.226,45.374603271484375,0.6573,0.6527,7.3882352941176475
192.645,45.519,45.374603271484375,0.6576,0.6527,7.2
192.695,45.885,45.374603271484375,0.658,0.6527,7.2
192.745,46.325,45.374603271484375,0.6581,0.6527,-7.105882352941176
192.795,46.325,45.374603271484375,0.6583,0.6527,-7.105882352941176
192.845,46.447,45.374603271484375,0.6584,0.6527,-7.435294117647059
192.895,45.617,45.374603271484375,0.659,0.6527,-7.435294117647059
192.945,46.056,45.374603271484375,0.6593,0.6527,-7.435294117647059
192.995,45.714,45.374603271484375,0.6596,0.6527,-7.152941176470589
193.045,45.763,45.374603271484375,0.6599,0.6527,-7.152941176470589
193.095,45.714,45.374603271484375,0.6601,0.6527,-7.2
193.145,45.421,45.374603271484375,0.6602,0.6527,-7.2
193.195,45.201,45.374603271484375,0.6602,0.6527,-7.2
193.245,45.177,45.374603271484375,0.6607,0.6527,0.0
193.295,45.153,45.374603271484375,0.6609,0.6527,0.0
193.345,45.153,45.374603271484375,0.6609,0.6527,7.152941176470589
193.395,45.104,44.60886764526367,0.661,0.6527,7.152941176470589
193.445,45.055,44.60886764526367,0.661,0.6527,7.152941176470589
193.495,45.812,44.60886764526367,0.661,0.6527,-7.247058823529412
193.545,45.763,44.60886764526367,0.6611,0.6527,-7.247058823529412
193.595,45.104,44.60886764526367,0.6612,0.6527,-7.529411764705882
193.645,45.177,44.60886764526367,0.6612,0.6527,-7.482352941176471
193.695,45.25,44.60886764526367,0.6612,0.6527,-7.482352941176471
193.745,45.055,44.60886764526367,0.6612,0.6527,-7.294117647058823
193.795,44.811,44.60886764526367,0.6612,0.6527,-7.294117647058823
193.845,45.055,44.60886764526367,0.6612,0.6527,-7.247058823529412
193.895,44.469,44.60886764526367,0.6612,0.6527,-7.152941176470589
193.945,44.737,44.60886764526367,0.6612,0.6527,-7.152941176470589
193.995,44.615,44.60886764526367,0.6612,0.6527,7.105882352941176
194.045,44.591,44.60886764526367,0.661,0.6527,7.105882352941176
194.095,44.689,44.60886764526367,0.661,0.6527,0.0
194.147,44.762,44.60886764526367,0.661,0.6527,0.0
194.196,44.762,44.60886764526367,0.6609,0.6527,0.0
194.246,44.664,44.60886764526367,0.6609,0.6527,-7.105882352941176
194.296,44.835,44.60886764526367,0.6609,0.6527,-7.105882352941176
194.346,44.713,44.60886764526367,0.6609,0.6527,0.0
194.396,44.664,43.342044830322266,0.6609,0.6527,-7.152941176470589
194.446,44.176,43.342044830322266,0.6609,0.6527,-7.152941176470589
194.496,44.469,43.342044830322266,0.6609,0.6527,-7.576470588235294
194.546,44.371,43.342044830322266,0.6609,0.6527,-7.576470588235294
194.596,43.858,43.342044830322266,0.661,0.6527,-7.482352941176471
194.646,44.005,43.342044830322266,0.661,0.6527,-7.435294117647059
194.696,43.932,43.342044830322266,0.6611,0.6527,-7.435294117647059
194.746,43.639,43.342044830322266,0.6612,0.6527,-7.294117647058823
194.796,43.199,43.342044830322266,0.6614,0.6527,-7.294117647058823
194.846,43.516,43.342044830322266,0.6615,0.6527,-7.152941176470589
194.896,43.346,43.342044830322266,0.6616,0.6527,7.105882352941176
194.946,43.468,43.342044830322266,0.6619,0.6527,7.105882352941176
194.996,43.541,43.342044830322266,0.6619,0.6527,0.0
195.046,43.614,43.342044830322266,0.662,0.6527,0.0
195.096,43.468,43.342044830322266,0.6627,0.6527,-7.152941176470589
195.146,43.712,43.342044830322266,0.6628,0.6527,-7.152941176470589
195.196,43.37,43.342044830322266,0.6634,0.6527,-7.152941176470589
195.246,42.906,43.342044830322266,0.6636,0.6527,-7.2
195.296,42.979,43.342044830322266,0.6636,0.6527,-7.2
195.346,43.175,43.342044830322266,0.664,0.6527,7.2
195.396,43.394,43.57466506958008,0.6643,0.6527,7.2
195.446,43.541,43.57466506958008,0.665,0.6527,7.2
195.496,43.858,43.57466506958008,0.6652,0.6527,7.105882352941176
195.546,44.029,43.57466506958008,0.6654,0.6527,7.105882352941176
195.596,44.274,43.57466506958008,0.6665,0.6527,-7.152941176470589
195.646,44.151,43.57466506958008,0.6668,0.6527,-7.247058823529412
195.696,43.761,43.57466506958008,0.6671,0.6527,-7.247058823529412
195.746,44.005,43.57466506958008,0.6674,0.6527,-7.294117647058823
195.796,44.908,43.57466506958008,0.6679,0.6527,-7.294117647058823
195.846,43.785,43.57466506958008,0.6681,0.6527,-7.2
195.896,43.419,43.57466506958008,0.6687,0.6527,-7.576470588235294
195.946,43.297,43.57466506958008,0.6691,0.6527,-7.576470588235294
195.996,43.516,43.57466506958008,0.6697,0.6527,7.105882352941176
196.046,43.565,43.57466506958008,0.6699,0.6527,7.105882352941176
196.096,43.59,43.57466506958008,0.6699,0.6527,0.0
196.148,43.59,43.57466506958008,0.6705,0.6527,0.0
196.197,43.614,43.57466506958008,0.6707,0.6527,0.0
196.247,43.614,43.57466506958008,0.6708,0.6527,0.0
196.297,43.614,43.57466506958008,0.6709,0.6527,0.0
196.347,43.663,43.57466506958008,0.671,0.6527,0.0
196.397,43.639,44.282936096191406,0.671,0.6527,0.0
196.447,43.639,44.282936096191406,0.671,0.6527,0.0
196.497,43.59,44.282936096191406,0.671,0.6527,7.294117647058823
196.547,43.712,44.282936096191406,0.671,0.6527,7.294117647058823
196.597,44.029,44.282936096191406,0.671,0.6527,7.341176470588235
196.647,44.493,44.282936096191406,0.671,0.6527,7.294117647058823
196.697,44.786,44.282936096191406,0.671,0.6527,7.294117647058823
196.747,44.762,44.282936096191406,0.671,0.6527,-7.152941176470589
196.797,44.444,44.282936096191406,0.6707,0.6527,-7.152941176470589
196.847,44.615,44.282936096191406,0.6706,0.6527,-7.247058823529412
196.897,44.493,44.282936096191406,0.6705,0.6527,-7.105882352941176
196.947,44.42,44.282936096191406,0.6705,0.6527,-7.105882352941176
196.997,44.127,44.282936096191406,0.6696,0.6527,-7.152941176470589
197.047,44.322,44.282936096191406,0.6692,0.6527,-7.152941176470589
197.097,44.298,44.282936096191406,0.6688,0.6527,7.105882352941176
197.147,44.347,44.282936096191406,0.668,0.6527,0.0
197.197,44.347,44.282936096191406,0.6678,0.6527,0.0
197.247,44.249,44.282936096191406,0.6677,0.6527,-7.105882352941176
197.297,44.249,44.282936096191406,0.6669,0.6527,-7.105882352941176
197.347,44.2,44.282936096191406,0.6661,0.6527,0.0
197.397,44.225,45.435951232910156,0.666,0.6527,0.0
197.447,44.054,45.435951232910156,0.6652,0.6527,7.105882352941176
197.497,44.322,45.435951232910156,0.665,0.6527,7.105882352941176
197.547,44.567,45.435951232910156,0.665,0.6527,7.576470588235294
197.597,44.615,45.435951232910156,0.6642,0.6527,7.576470588235294
197.647,44.933,45.435951232910156,0.6637,0.6527,7.3882352941176475
197.697,45.495,45.435951232910156,0.6633,0.6527,7.3882352941176475
197.747,45.592,45.435951232910156,0.6626,0.6527,7.247058823529412
197.797,45.788,45.435951232910156,0.6623,0.6527,7.247058823529412
197.847,45.934,45.435951232910156,0.6617,0.6527,-7.105882352941176
197.897,45.885,45.435951232910156,0.6615,0.6527,-7.2
197.947,45.592,45.435951232910156,0.6612,0.6527,-7.2
197.997,45.665,45.435951232910156,0.6611,0.6527,-7.247058823529412
198.047,45.47,45.435951232910156,0.6603,0.6527,-7.247058823529412
198.097,45.226,45.435951232910156,0.6598,0.6527,-7.152941176470589
198.149,45.47,45.435951232910156,0.6595,0.6527,0.0
198.198,45.47,45.435951232910156,0.6591,0.6527,0.0
198.248,45.446,45.435951232910156,0.6591,0.6527,0.0
198.298,45.495,45.435951232910156,0.659,0.6527,0.0
198.348,45.495,45.435951232910156,0.6587,0.6527,0.0
198.398,45.47,46.857322692871094,0.6587,0.6527,0.0
198.448,45.495,46.857322692871094,0.6585,0.6527,0.0
198.498,45.47,46.857322692871094,0.6584,0.6527,0.0
198.548,46.349,46.857322692871094,0.6584,0.6527,7.576470588235294
198.598,45.519,46.857322692871094,0.6584,0.6527,7.576470588235294
198.648,45.665,46.857322692871094,0.6584,0.6527,7.247058823529412
198.698,46.129,46.857322692871094,0.6584,0.6527,7.247058823529412
198.748,46.374,46.857322692871094,0.6585,0.6527,7.529411764705882
198.798,46.398,46.857322692871094,0.6585,0.6527,7.529411764705882
198.848,46.813,46.857322692871094,0.6587,0.6527,7.247058823529412
198.898,46.838,46.857322692871094,0.6589,0.6527,7.247058823529412
198.948,47.155,46.857322692871094,0.6592,0.6527,0.0
198.998,47.228,46.857322692871094,0.6593,0.6527,0.0
199.048,45.836,46.857322692871094,0.6593,0.6527,-7.152941176470589
199.098,47.277,46.857322692871094,0.6595,0.6527,-7.2
199.148,47.082,46.857322692871094,0.6595,0.6527,-7.2
199.198,47.155,46.857322692871094,0.6599,0.6527,-7.2
199.248,47.106,46.857322692871094,0.6601,0.6527,-7.2
199.298,46.667,46.857322692871094,0.6603,0.6527,-7.152941176470589
199.348,46.74,46.857322692871094,0.6603,0.6527,-7.152941176470589
199.398,46.349,45.54479217529297,0.6605,0.6527,-7.152941176470589
199.448,46.642,45.54479217529297,0.6608,0.6527,7.105882352941176
199.498,46.74,45.54479217529297,0.6614,0.6527,7.105882352941176
199.548,47.131,45.54479217529297,0.6615,0.6527,-7.482352941176471
199.598,46.862,45.54479217529297,0.6615,0.6527,-7.529411764705882
199.648,46.642,45.54479217529297,0.6616,0.6527,-7.529411764705882
199.698,46.447,45.54479217529297,0.6616,0.6527,-7.576470588235294
199.748,45.885,45.54479217529297,0.6619,0.6527,-7.576470588235294
199.798,46.276,45.54479217529297,0.6623,0.6527,-7.3882352941176475
199.848,46.032,45.54479217529297,0.6624,0.6527,-7.2
199.898,45.739,45.54479217529297,0.6629,0.6527,-7.2
199.948,45.812,45.54479217529297,0.6629,0.6527,-7.247058823529412
199.998,45.397,45.54479217529297,0.6629,0.6527,-7.247058823529412
200.048,45.495,45.54479217529297,0.663,0.6527,-7.152941176470589
200.098,45.592,45.54479217529297,0.6632,0.6527,7.105882352941176
200.15,45.592,45.54479217529297,0.6633,0.6527,0.0
200.199,45.617,45.54479217529297,0.6635,0.6527,0.0
200.249,45.617,45.54479217529297,0.6638,0.6527,0.0
200.299,45.153,45.54479217529297,0.6639,0.6527,-7.105882352941176
200.349,45.665,45.54479217529297,0.6642,0.6527,-7.105882352941176
200.399,45.47,44.93376541137695,0.6643,0.6527,7.2
200.449,45.641,44.93376541137695,0.6643,0.6527,7.2
200.499,45.153,44.93376541137695,0.6648,0.6527,-7.247058823529412
200.549,45.665,44.93376541137695,0.6656,0.6527,-7.247058823529412
200.599,45.446,44.93376541137695,0.6657,0.6527,-7.152941176470589
200.649,45.519,44.93376541137695,0.6659,0.6527,-7.152941176470589
200.699,44.982,44.93376541137695,0.6662,0.6527,-7.247058823529412
200.749,45.201,44.93376541137695,0.6669,0.6527,-7.247058823529412
200.799,45.201,44.93376541137695,0.6671,0.6527,0.0
200.849,45.177,44.93376541137695,0.6679,0.6527,-7.152941176470589
200.899,45.104,44.93376541137695,0.6683,0.6527,-7.152941176470589
200.949,45.079,44.93376541137695,0.6686,0.6527,-7.152941176470589
200.999,44.811,44.93376541137695,0.6688,0.6527,-7.152941176470589
201.049,44.786,44.93376541137695,0.6694,0.6527,-7.105882352941176
201.099,44.664,44.93376541137695,0.6703,0.6527,7.105882352941176
201.149,44.933,44.93376541137695,0.6706,0.6527,7.105882352941176
201.199,45.104,44.93376541137695,0.6713,0.6527,7.152941176470589
201.249,45.226,44.93376541137695,0.672,0.6527,7.152941176470589
201.299,45.275,44.93376541137695,0.6726,0.6527,-7.105882352941176
201.349,45.397,44.93376541137695,0.6729,0.6527,-7.152941176470589
201.399,44.933,43.785465240478516,0.6736,0.6527,-7.152941176470589
201.449,45.25,43.785465240478516,0.6745,0.6527,-7.247058823529412
201.499,44.786,43.785465240478516,0.6748,0.6527,-7.247058823529412
201.549,45.128,43.785465240478516,0.676,0.6527,-7.623529411764705
201.599,44.884,43.785465240478516,0.6766,0.6527,-7.435294117647059
201.649,44.713,43.785465240478516,0.6769,0.6527,-7.435294117647059
201.699,44.518,43.785465240478516,0.6778,0.6527,-7.482352941176471
201.749,44.444,43.785465240478516,0.6784,0.6527,-7.482352941176471
201.799,44.176,43.785465240478516,0.6787,0.6527,-7.341176470588235
201.849,44.274,43.785465240478516,0.6798,0.6527,-7.294117647058823
201.899,43.81,43.785465240478516,0.6811,0.6527,-7.294117647058823
201.949,43.663,43.785465240478516,0.6812,0.6527,-7.247058823529412
201.999,43.81,43.785465240478516,0.6818,0.6527,-7.247058823529412
202.049,42.076,43.785465240478516,0.6826,0.6527,7.105882352941176
202.099,43.785,43.785465240478516,0.6831,0.6527,0.0
202.151,43.834,43.785465240478516,0.6836,0.6527,0.0
202.2,43.858,43.785465240478516,0.6849,0.6527,0.0
202.25,43.907,43.785465240478516,0.685,0.6527,0.0
202.3,43.907,43.785465240478516,0.6857,0.6527,-7.105882352941176
202.35,43.639,43.785465240478516,0.686,0.6527,-7.105882352941176
202.4,43.663,42.285465240478516,0.6867,0.6527,-7.105882352941176
202.45,43.59,42.285465240478516,0.6869,0.6527,7.105882352941176
202.5,43.736,42.285465240478516,0.6878,0.6527,7.105882352941176
202.55,44.005,42.285465240478516,0.689,0.6527,-7.529411764705882
202.6,43.37,42.285465240478516,0.689,0.6527,-7.529411764705882
202.65,43.639,42.285465240478516,0.6896,0.6527,-7.7176470588235295
202.7,43.443,42.285465240478516,0.6902,0.6527,-7.7176470588235295
202.75,43.297,42.285465240478516,0.6902,0.6527,-7.576470588235294
202.8,43.199,42.285465240478516,0.6907,0.6527,-7.576470588235294
202.85,43.101,42.285465240478516,0.6916,0.6527,-7.435294117647059
202.9,42.882,42.285465240478516,0.6917,0.6527,-7.435294117647059
202.95,42.784,42.285465240478516,0.6921,0.6527,-7.3882352941176475
203.0,42.564,42.285465240478516,0.6924,0.6527,-7.3882352941176475
203.05,42.393,42.285465240478516,0.6926,0.6527,-7.247058823529412
203.1,42.418,42.285465240478516,0.6928,0.6527,-7.152941176470589
203.15,42.027,42.285465240478516,0.693,0.6527,-7.152941176470589
203.2,41.661,42.285465240478516,0.6934,0.6527,-7.105882352941176
203.25,42.027,42.285465240478516,0.6937,0.6527,-7.105882352941176
203.3,41.929,42.285465240478516,0.6937,0.6527,7.294117647058823
203.35,42.076,42.285465240478516,0.6938,0.6527,7.152941176470589
203.4,42.295,42.6561279296875,0.6939,0.6527,7.152941176470589
203.45,42.589,42.6561279296875,0.694,0.6527,7.152941176470589
203.5,42.882,42.6561279296875,0.6947,0.6527,7.152941176470589
203.55,43.394,42.6561279296875,0.6949,0.6527,7.105882352941176
203.6,43.419,42.6561279296875,0.6951,0.6527,-7.152941176470589
203.65,43.077,42.6561279296875,0.6951,0.6527,-7.152941176470589
203.7,43.443,42.6561279296875,0.6951,0.6527,-7.341176470588235
203.75,43.199,42.6561279296875,0.6951,0.6527,-7.341176470588235
203.8,42.808,42.6561279296875,0.6951,0.6527,-7.341176470588235
203.85,43.077,42.6561279296875,0.6951,0.6527,-7.247058823529412
203.9,42.882,42.6561279296875,0.6952,0.6527,-7.247058823529412
203.95,42.369,42.6561279296875,0.6951,0.6527,-7.2
204.0,42.808,42.6561279296875,0.6951,0.6527,-7.2
204.05,42.54,42.6561279296875,0.6951,0.6527,7.152941176470589
204.1,42.686,42.6561279296875,0.6951,0.6527,-7.105882352941176
204.152,42.735,42.6561279296875,0.6949,0.6527,-7.105882352941176
204.201,42.564,42.6561279296875,0.6948,0.6527,0.0
204.251,42.54,42.6561279296875,0.6948,0.6527,0.0
204.301,42.686,42.6561279296875,0.6947,0.6527,7.105882352941176
204.351,42.735,42.6561279296875,0.6946,0.6527,7.105882352941176
204.401,42.589,43.90203094482422,0.6945,0.6527,7.105882352941176
204.451,43.101,43.90203094482422,0.6943,0.6527,-7.105882352941176
204.501,43.004,43.90203094482422,0.6941,0.6527,-7.105882352941176
204.551,42.93,43.90203094482422,0.694,0.6527,7.341176470588235
204.601,43.223,43.90203094482422,0.694,0.6527,7.341176470588235
204.651,43.346,43.90203094482422,0.6934,0.6527,7.435294117647059
204.701,43.321,43.90203094482422,0.6931,0.6527,7.435294117647059
204.751,43.81,43.90203094482422,0.693,0.6527,7.247058823529412
204.801,44.42,43.90203094482422,0.6928,0.6527,7.247058823529412
204.851,44.713,43.90203094482422,0.6927,0.6527,7.105882352941176
204.901,44.86,43.90203094482422,0.692,0.6527,7.105882352941176
204.951,44.908,43.90203094482422,0.6919,0.6527,-7.341176470588235
205.001,45.104,43.90203094482422,0.6911,0.6527,-7.341176470588235
205.051,44.444,43.90203094482422,0.691,0.6527,-7.435294117647059
205.101,44.835,43.90203094482422,0.6907,0.6527,-7.529411764705882
205.151,44.664,43.90203094482422,0.69,0.6527,-7.529411764705882
205.201,44.469,43.90203094482422,0.6897,0.6527,-7.3882352941176475
205.251,44.347,43.90203094482422,0.6891,0.6527,-7.3882352941176475
205.301,43.736,43.90203094482422,0.6882,0.6527,-7.294117647058823
205.351,43.98,43.90203094482422,0.6874,0.6527,-7.294117647058823
205.401,43.834,45.35142517089844,0.6873,0.6527,7.105882352941176
205.451,43.98,45.35142517089844,0.6871,0.6527,7.105882352941176
205.501,44.127,45.35142517089844,0.6866,0.6527,7.623529411764705
205.551,44.493,45.35142517089844,0.6864,0.6527,7.623529411764705
205.601,44.713,45.35142517089844,0.6855,0.6527,7.529411764705882
205.651,45.177,45.35142517089844,0.6845,0.6527,7.529411764705882
205.701,45.568,45.35142517089844,0.6838,0.6527,7.294117647058823
205.751,45.519,45.35142517089844,0.6835,0.6527,7.294117647058823
205.801,45.568,45.35142517089844,0.6832,0.6527,-7.152941176470589
205.851,45.739,45.35142517089844,0.6825,0.6527,-7.152941176470589
205.901,45.324,45.35142517089844,0.6821,0.6527,-7.152941176470589
205.951,45.665,45.35142517089844,0.6808,0.6527,-7.152941176470589
206.001,45.543,45.35142517089844,0.6804,0.6527,0.0
206.051,45.47,45.35142517089844,0.6803,0.6527,-7.2
206.101,45.446,45.35142517089844,0.6791,0.6527,-7.2
206.153,45.348,45.35142517089844,0.679,0.6527,-7.105882352941176
206.202,45.372,45.35142517089844,0.6782,0.6527,-7.105882352941176
206.252,45.201,45.35142517089844,0.6774,0.6527,0.0
206.302,45.177,45.35142517089844,0.677,0.6527,0.0
206.352,45.177,45.35142517089844,0.6762,0.6527,0.0
206.402,45.397,46.759544372558594,0.6761,0.6527,7.105882352941176
206.452,45.25,46.759544372558594,0.6755,0.6527,7.105882352941176
206.502,45.47,46.759544372558594,0.6748,0.6527,7.576470588235294
206.552,45.421,46.759544372558594,0.6748,0.6527,7.623529411764705
206.602,46.178,46.759544372558594,0.6741,0.6527,7.623529411764705
206.652,45.885,46.759544372558594,0.6736,0.6527,7.576470588235294
206.702,46.227,46.759544372558594,0.6732,0.6527,7.576470588235294
206.752,46.667,46.759544372558594,0.6726,0.6527,7.3882352941176475
206.802,47.106,46.759544372558594,0.6724,0.6527,7.247058823529412
206.852,47.253,46.759544372558594,0.6724,0.6527,7.247058823529412
206.902,47.448,46.759544372558594,0.6719,0.6527,-7.2
206.952,47.497,46.759544372558594,0.6717,0.6527,-7.2
207.002,47.375,46.759544372558594,0.6715,0.6527,-7.341176470588235
207.052,47.35,46.759544372558594,0.6712,0.6527,-7.341176470588235
207.102,46.789,46.759544372558594,0.6707,0.6527,-7.341176470588235
207.152,47.082,46.759544372558594,0.6707,0.6527,-7.294117647058823
207.202,46.716,46.759544372558594,0.6703,0.6527,-7.294117647058823
207.252,46.691,46.759544372558594,0.6701,0.6527,-7.2
207.302,46.716,46.759544372558594,0.6697,0.6527,0.0
207.352,46.74,46.759544372558594,0.6693,0.6527,0.0
207.402,46.74,45.25954818725586,0.6691,0.6527,0.0
207.452,46.74,45.25954818725586,0.669,0.6527,0.0
207.502,46.838,45.25954818725586,0.6686,0.6527,-7.623529411764705
207.552,46.691,45.25954818725586,0.6685,0.6527,-7.623529411764705
207.602,46.227,45.25954818725586,0.6685,0.6527,-7.623529411764705
207.652,46.374,45.25954818725586,0.6685,0.6527,-7.576470588235294
207.702,46.032,45.25954818725586,0.6684,0.6527,-7.576470588235294
207.752,45.812,45.25954818725586,0.6684,0.6527,-7.482352941176471
207.802,45.69,45.25954818725586,0.6684,0.6527,-7.341176470588235
207.852,45.519,45.25954818725586,0.6684,0.6527,-7.341176470588235
207.902,45.519,45.25954818725586,0.6681,0.6527,-7.2
207.952,45.592,45.25954818725586,0.6681,0.6527,-7.2
208.002,45.031,45.25954818725586,0.6681,0.6527,-7.152941176470589
208.052,45.275,45.25954818725586,0.6681,0.6527,-7.2
208.102,44.933,45.25954818725586,0.6684,0.6527,-7.2
208.154,45.104,45.25954818725586,0.6685,0.6527,0.0
208.203,45.104,45.25954818725586,0.6685,0.6527,0.0
208.253,45.177,45.25954818725586,0.6685,0.6527,7.105882352941176
208.303,45.153,45.25954818725586,0.6685,0.6527,7.105882352941176
208.353,44.884,45.25954818725586,0.6686,0.6527,7.105882352941176
208.403,45.372,43.890560150146484,0.6688,0.6527,7.105882352941176
208.453,45.543,43.890560150146484,0.6695,0.6527,7.105882352941176
208.503,45.934,43.890560150146484,0.6696,0.6527,-7.623529411764705
208.553,46.398,43.890560150146484,0.6696,0.6527,-7.670588235294118
208.603,45.519,43.890560150146484,0.67,0.6527,-7.670588235294118
208.653,44.542,43.890560150146484,0.6702,0.6527,-8.0
208.703,45.446,43.890560150146484,0.6705,0.6527,-8.0
208.753,45.177,43.890560150146484,0.6712,0.6527,-7.294117647058823
208.803,45.079,43.890560150146484,0.6717,0.6527,-7.623529411764705
208.853,45.177,43.890560150146484,0.6722,0.6527,-7.623529411764705
208.903,44.664,43.890560150146484,0.6724,0.6527,-7.529411764705882
208.953,44.713,43.890560150146484,0.6729,0.6527,-7.529411764705882
209.003,44.322,43.890560150146484,0.673,0.6527,-7.341176470588235
209.053,44.42,43.890560150146484,0.6732,0.6527,-7.3882352941176475
209.103,43.81,43.890560150146484,0.6738,0.6527,-7.3882352941176475
209.153,44.298,43.890560150146484,0.674,0.6527,-7.247058823529412
209.203,43.663,43.890560150146484,0.6744,0.6527,-7.247058823529412
209.253,43.907,43.890560150146484,0.6745,0.6527,-7.2
209.303,43.614,43.890560150146484,0.6751,0.6527,-7.2
209.353,43.59,43.890560150146484,0.6753,0.6527,0.0
209.403,43.59,44.457645416259766,0.6761,0.6527,0.0
209.453,43.443,44.457645416259766,0.6762,0.6527,7.152941176470589
209.503,43.663,44.457645416259766,0.6763,0.6527,7.152941176470589
209.553,43.932,44.457645416259766,0.6769,0.6527,7.435294117647059
209.603,44.103,44.457645416259766,0.6773,0.6527,7.435294117647059
209.653,44.591,44.457645416259766,0.6774,0.6527,7.247058823529412
209.703,44.884,44.457645416259766,0.678,0.6527,7.247058823529412
209.753,44.933,44.457645416259766,0.6781,0.6527,-7.105882352941176
209.803,44.542,44.457645416259766,0.6788,0.6527,-7.2
209.853,44.933,44.457645416259766,0.6788,0.6527,-7.2
209.903,44.664,44.457645416259766,0.6789,0.6527,-7.105882352941176
209.953,44.86,44.457645416259766,0.6791,0.6527,-7.105882352941176
210.003,44.054,44.457645416259766,0.6791,0.6527,-7.152941176470589
210.053,44.664,44.457645416259766,0.6794,0.6527,-7.2
210.103,43.932,44.457645416259766,0.6794,0.6527,-7.2
210.155,44.396,44.457645416259766,0.6795,0.6527,-7.152941176470589
210.204,44.322,44.457645416259766,0.6795,0.6527,-7.152941176470589
210.254,44.103,44.457645416259766,0.6795,0.6527,0.0
210.304,44.054,44.457645416259766,0.6795,0.6527,0.0
210.354,44.347,44.457645416259766,0.6795,0.6527,7.2
210.404,44.225,44.223873138427734,0.6796,0.6527,7.2
210.454,44.225,44.223873138427734,0.6797,0.6527,7.105882352941176
210.504,44.86,44.223873138427734,0.6797,0.6527,7.105882352941176
210.554,44.811,44.223873138427734,0.6797,0.6527,0.0
210.604,44.786,44.223873138427734,0.6797,0.6527,0.0
210.654,45.104,44.223873138427734,0.6796,0.6527,-7.294117647058823
210.704,44.615,44.223873138427734,0.6796,0.6527,-7.294117647058823
210.754,45.079,44.223873138427734,0.6796,0.6527,-7.3882352941176475
210.804,44.567,44.223873138427734,0.6794,0.6527,-7.2
210.854,44.664,44.223873138427734,0.6794,0.6527,-7.2
210.904,44.298,44.223873138427734,0.6789,0.6527,-7.2
210.954,44.444,44.223873138427734,0.6788,0.6527,-7.2
211.004,43.883,44.223873138427734,0.6787,0.6527,-7.105882352941176
211.054,44.347,44.223873138427734,0.6786,0.6527,-7.152941176470589
211.104,44.054,44.223873138427734,0.6783,0.6527,-7.152941176470589
211.154,44.151,44.223873138427734,0.6781,0.6527,-7.105882352941176
211.204,43.834,44.223873138427734,0.6777,0.6527,-7.105882352941176
211.254,43.15,44.223873138427734,0.6777,0.6527,7.105882352941176
211.304,43.883,44.223873138427734,0.6773,0.6527,7.105882352941176
211.354,43.614,44.223873138427734,0.6769,0.6527,7.482352941176471
211.404,44.615,45.72386932373047,0.6767,0.6527,7.482352941176471
211.454,44.322,45.72386932373047,0.6765,0.6527,7.294117647058823
211.504,44.737,45.72386932373047,0.6763,0.6527,7.482352941176471
211.554,44.933,45.72386932373047,0.6763,0.6527,7.482352941176471
211.604,45.543,45.72386932373047,0.6762,0.6527,7.435294117647059
211.654,45.446,45.72386932373047,0.6762,0.6527,7.435294117647059
211.704,46.154,45.72386932373047,0.6762,0.6527,7.105882352941176
211.754,45.983,45.72386932373047,0.6762,0.6527,7.105882352941176
211.804,46.276,45.72386932373047,0.6762,0.6527,-7.2
211.854,46.496,45.72386932373047,0.6762,0.6527,-7.2
211.904,46.154,45.72386932373047,0.6762,0.6527,-7.247058823529412
211.954,46.178,45.72386932373047,0.6762,0.6527,-7.247058823529412
212.004,45.958,45.72386932373047,0.6762,0.6527,-7.2
212.054,45.983,45.72386932373047,0.6762,0.6527,-7.247058823529412
212.104,45.861,45.72386932373047,0.6762,0.6527,-7.247058823529412
212.156,45.275,45.72386932373047,0.6762,0.6527,-7.152941176470589
212.205,45.739,45.72386932373047,0.6762,0.6527,-7.152941176470589
212.255,45.714,45.72386932373047,0.6762,0.6527,7.247058823529412
212.305,45.446,45.72386932373047,0.6763,0.6527,7.247058823529412
212.355,45.69,45.72386932373047,0.6763,0.6527,0.0
212.405,45.714,45.4307975769043,0.6763,0.6527,0.0
212.455,45.763,45.4307975769043,0.6764,0.6527,0.0
212.505,45.788,45.4307975769043,0.6764,0.6527,0.0
212.555,45.91,45.4307975769043,0.6765,0.6527,-7.2
212.605,45.397,45.4307975769043,0.6767,0.6527,-7.2
212.655,45.739,45.4307975769043,0.677,0.6527,-7.247058823529412
212.705,45.348,45.4307975769043,0.6771,0.6527,-7.247058823529412
212.755,45.568,45.4307975769043,0.6773,0.6527,-7.152941176470589
212.805,45.275,45.4307975769043,0.6774,0.6527,-7.152941176470589
212.855,45.299,45.4307975769043,0.6776,0.6527,-7.105882352941176
212.905,45.006,45.4307975769043,0.6776,0.6527,-7.105882352941176
212.955,45.201,45.4307975769043,0.6777,0.6527,7.105882352941176
213.005,45.25,45.4307975769043,0.6777,0.6527,7.105882352941176
213.055,45.079,45.4307975769043,0.6777,0.6527,7.152941176470589
213.105,45.763,45.4307975769043,0.6779,0.6527,7.152941176470589
213.155,45.788,45.4307975769043,0.6781,0.6527,7.2
213.205,46.276,45.4307975769043,0.6781,0.6527,7.2
213.255,46.593,45.4307975769043,0.6782,0.6527,-7.2
213.305,45.934,45.4307975769043,0.6783,0.6527,-7.2
213.355,46.569,45.4307975769043,0.6784,0.6527,-7.482352941176471
213.405,45.958,44.01306915283203,0.6785,0.6527,-7.482352941176471
213.455,45.934,44.01306915283203,0.679,0.6527,-7.482352941176471
213.505,45.812,44.01306915283203,0.6791,0.6527,-7.811764705882353
213.555,45.69,44.01306915283203,0.6792,0.6527,-7.811764705882353
213.605,45.446,44.01306915283203,0.6792,0.6527,-7.7176470588235295
213.655,45.519,44.01306915283203,0.6794,0.6527,-7.7176470588235295
213.705,44.713,44.01306915283203,0.6795,0.6527,-7.576470588235294
213.755,45.104,44.01306915283203,0.6802,0.6527,-7.623529411764705
213.805,44.762,44.01306915283203,0.6804,0.6527,-7.623529411764705
213.855,44.737,44.01306915283203,0.6806,0.6527,-7.482352941176471
213.905,44.444,44.01306915283203,0.6806,0.6527,-7.482352941176471
213.955,44.444,44.01306915283203,0.6807,0.6527,-7.341176470588235
214.005,44.078,44.01306915283203,0.6808,0.6527,-7.2
214.055,44.2,44.01306915283203,0.681,0.6527,-7.2
214.105,43.858,44.01306915283203,0.6812,0.6527,-7.105882352941176
214.157,43.712,44.01306915283203,0.6819,0.6527,7.105882352941176
214.206,43.761,44.01306915283203,0.682,0.6527,7.105882352941176
214.256,44.078,44.01306915283203,0.6822,0.6527,7.152941176470589
214.306,44.151,44.01306915283203,0.6825,0.6527,7.152941176470589
214.356,44.615,44.01306915283203,0.6829,0.6527,-7.105882352941176
214.406,44.42,43.34883499145508,0.6831,0.6527,-7.105882352941176
214.456,44.737,43.34883499145508,0.6833,0.6527,-7.294117647058823
214.506,44.396,43.34883499145508,0.6837,0.6527,-7.482352941176471
214.556,44.274,43.34883499145508,0.6838,0.6527,-7.482352941176471
214.606,44.005,43.34883499145508,0.6845,0.6527,-7.435294117647059
214.656,43.932,43.34883499145508,0.6847,0.6527,-7.435294117647059
214.706,43.712,43.34883499145508,0.6855,0.6527,-7.294117647058823
214.756,43.932,43.34883499145508,0.6858,0.6527,-7.294117647058823
214.806,43.59,43.34883499145508,0.686,0.6527,-7.294117647058823
214.856,43.443,43.34883499145508,0.6867,0.6527,-7.294117647058823
214.906,42.979,43.34883499145508,0.6867,0.6527,-7.294117647058823
214.956,43.297,43.34883499145508,0.6868,0.6527,-7.105882352941176
215.006,43.077,43.34883499145508,0.6874,0.6527,7.2
215.056,43.175,43.34883499145508,0.6879,0.6527,7.2
215.106,43.028,43.34883499145508,0.688,0.6527,7.152941176470589
215.156,43.565,43.34883499145508,0.6882,0.6527,7.152941176470589
215.206,44.078,43.34883499145508,0.6882,0.6527,7.2
215.256,44.005,43.34883499145508,0.6888,0.6527,-7.152941176470589
215.306,43.98,43.34883499145508,0.6892,0.6527,-7.152941176470589
215.356,43.761,43.34883499145508,0.69,0.6527,-7.294117647058823
215.406,44.005,43.55904006958008,0.6901,0.6527,-7.294117647058823
215.456,43.687,43.55904006958008,0.6902,0.6527,-7.2
215.506,43.614,43.55904006958008,0.6903,0.6527,-7.247058823529412
215.556,43.175,43.55904006958008,0.6907,0.6527,-7.247058823529412
215.606,43.541,43.55904006958008,0.6912,0.6527,0.0
215.656,43.59,43.55904006958008,0.6913,0.6527,0.0
215.706,43.565,43.55904006958008,0.6914,0.6527,0.0
215.756,43.541,43.55904006958008,0.6914,0.6527,0.0
215.806,43.565,43.55904006958008,0.6914,0.6527,0.0
215.856,43.565,43.55904006958008,0.6914,0.6527,0.0
215.906,43.565,43.55904006958008,0.6914,0.6527,0.0
215.956,43.565,43.55904006958008,0.6914,0.6527,0.0
216.006,43.565,43.55904006958008,0.6914,0.6527,0.0
216.056,43.565,43.55904006958008,0.6914,0.6527,0.0
216.106,43.565,43.55904006958008,0.6913,0.6527,0.0
216.158,43.565,43.55904006958008,0.6912,0.6527,0.0
216.207,43.59,43.55904006958008,0.6912,0.6527,0.0
216.257,43.565,43.55904006958008,0.6908,0.6527,0.0
216.307,43.516,43.55904006958008,0.6906,0.6527,0.0
216.357,43.541,43.55904006958008,0.6904,0.6527,0.0
216.407,43.565,43.84608840942383,0.6902,0.6527,0.0
216.457,43.565,43.84608840942383,0.6902,0.6527,0.0
216.507,43.565,43.84608840942383,0.6896,0.6527,0.0
216.557,43.175,43.84608840942383,0.6894,0.6527,7.152941176470589
216.607,43.687,43.84608840942383,0.6893,0.6527,7.152941176470589
216.657,43.712,43.84608840942383,0.6886,0.6527,7.152941176470589
216.707,44.151,43.84608840942383,0.6886,0.6527,7.105882352941176
216.757,44.322,43.84608840942383,0.6881,0.6527,7.105882352941176
216.807,44.469,43.84608840942383,0.6874,0.6527,-7.152941176470589
216.857,44.542,43.84608840942383,0.6874,0.6527,-7.152941176470589
216.907,44.127,43.84608840942383,0.6869,0.6527,-7.294117647058823
216.957,44.469,43.84608840942383,0.6864,0.6527,-7.341176470588235
217.007,44.029,43.84608840942383,0.6862,0.6527,-7.341176470588235
217.057,44.005,43.84608840942383,0.6856,0.6527,-7.294117647058823
217.107,43.932,43.84608840942383,0.6855,0.6527,-7.294117647058823
217.157,44.225,43.84608840942383,0.685,0.6527,-7.105882352941176
217.207,43.321,43.84608840942383,0.6841,0.6527,-7.105882352941176
217.257,43.126,43.84608840942383,0.6837,0.6527,-7.105882352941176
217.307,43.59,43.84608840942383,0.6837,0.6527,7.247058823529412
217.357,43.614,43.84608840942383,0.6834,0.6527,7.247058823529412
217.407,44.127,45.34608840942383,0.683,0.6527,7.152941176470589
217.457,43.736,45.34608840942383,0.6826,0.6527,7.152941176470589
217.507,44.469,45.34608840942383,0.6821,0.6527,7.152941176470589
217.557,44.396,45.34608840942383,0.6819,0.6527,7.670588235294118
217.607,44.884,45.34608840942383,0.6815,0.6527,7.670588235294118
217.657,44.933,45.34608840942383,0.6812,0.6527,7.435294117647059
217.707,45.641,45.34608840942383,0.6809,0.6527,7.435294117647059
217.757,45.592,45.34608840942383,0.6809,0.6527,7.2
217.807,46.032,45.34608840942383,0.6802,0.6527,7.2
217.857,46.252,45.34608840942383,0.68,0.6527,-7.152941176470589
217.907,46.129,45.34608840942383,0.6798,0.6527,-7.152941176470589
217.957,46.422,45.34608840942383,0.6795,0.6527,-7.3882352941176475
218.007,45.568,45.34608840942383,0.6794,0.6527,-7.3882352941176475
218.057,46.032,45.34608840942383,0.679,0.6527,-7.482352941176471
218.107,45.299,45.34608840942383,0.6786,0.6527,-7.482352941176471
218.159,45.324,45.34608840942383,0.6782,0.6527,-7.294117647058823
218.208,45.495,45.34608840942383,0.6776,0.6527,0.0
218.258,45.446,45.34608840942383,0.6776,0.6527,0.0
218.308,45.519,45.34608840942383,0.6773,0.6527,-7.105882352941176
218.358,45.617,45.34608840942383,0.6771,0.6527,-7.105882352941176
218.408,45.006,44.36509323120117,0.6768,0.6527,-7.105882352941176
218.458,45.397,44.36509323120117,0.6767,0.6527,-7.152941176470589
218.508,45.128,44.36509323120117,0.6761,0.6527,-7.152941176470589
218.558,45.079,44.36509323120117,0.676,0.6527,-7.435294117647059
218.608,45.006,44.36509323120117,0.6759,0.6527,-7.435294117647059
218.658,44.957,44.36509323120117,0.6757,0.6527,-7.341176470588235
218.708,44.347,44.36509323120117,0.6755,0.6527,-7.294117647058823
218.758,44.615,44.36509323120117,0.6753,0.6527,-7.294117647058823
218.808,44.444,44.36509323120117,0.6748,0.6527,0.0
218.858,44.444,44.36509323120117,0.6746,0.6527,0.0
218.908,44.591,44.36509323120117,0.6746,0.6527,-7.105882352941176
218.958,44.493,44.36509323120117,0.674,0.6527,-7.105882352941176
219.008,44.029,44.36509323120117,0.6738,0.6527,-7.105882352941176
219.058,44.371,44.36509323120117,0.6737,0.6527,-7.105882352941176
219.108,43.883,44.36509323120117,0.6735,0.6527,-7.105882352941176
219.158,44.029,44.36509323120117,0.673,0.6527,0.0
219.208,43.98,44.36509323120117,0.673,0.6527,7.247058823529412
219.258,44.127,44.36509323120117,0.6728,0.6527,7.247058823529412
219.308,44.347,44.36509323120117,0.6728,0.6527,7.2
219.358,44.42,44.36509323120117,0.6726,0.6527,7.2
219.408,44.762,43.9694938659668,0.6726,0.6527,0.0
219.458,44.835,43.9694938659668,0.6725,0.6527,0.0
219.508,44.835,43.9694938659668,0.6723,0.6527,0.0
219.558,45.177,43.9694938659668,0.6723,0.6527,-7.3882352941176475
219.608,44.86,43.9694938659668,0.6722,0.6527,-7.3882352941176475
219.658,44.908,43.9694938659668,0.6722,0.6527,-7.529411764705882
219.708,44.542,43.9694938659668,0.6721,0.6527,-7.3882352941176475
219.758,44.664,43.9694938659668,0.6721,0.6527,-7.3882352941176475
219.808,44.249,43.9694938659668,0.6721,0.6527,-7.294117647058823
219.858,44.249,43.9694938659668,0.672,0.6527,-7.294117647058823
219.908,43.858,43.9694938659668,0.672,0.6527,-7.152941176470589
219.958,44.2,43.9694938659668,0.6719,0.6527,-7.152941176470589
220.008,43.541,43.9694938659668,0.6717,0.6527,-7.152941176470589
220.058,43.907,43.9694938659668,0.6717,0.6527,-7.152941176470589
220.108,43.565,43.9694938659668,0.6716,0.6527,-7.152941176470589
220.16,43.639,43.9694938659668,0.6716,0.6527,0.0
220.209,42.662,43.9694938659668,0.6715,0.6527,7.2
220.259,43.541,43.9694938659668,0.6714,0.6527,7.2
220.309,44.103,43.9694938659668,0.6713,0.6527,7.529411764705882
220.359,43.956,43.9694938659668,0.6712,0.6527,7.529411764705882
220.409,44.371,45.075233459472656,0.6711,0.6527,-7.105882352941176
220.459,44.42,45.075233459472656,0.6708,0.6527,0.0
220.509,44.42,45.075233459472656,0.6707,0.6527,0.0
220.559,44.322,45.075233459472656,0.6706,0.6527,7.294117647058823
220.609,44.444,45.075233459472656,0.6706,0.6527,7.294117647058823
220.659,44.396,45.075233459472656,0.6706,0.6527,7.341176470588235
220.709,45.055,45.075233459472656,0.6705,0.6527,7.294117647058823
220.759,45.201,45.075233459472656,0.6705,0.6527,7.294117647058823
220.809,45.495,45.075233459472656,0.6704,0.6527,0.0
220.859,45.495,45.075233459472656,0.6704,0.6527,0.0
220.909,45.495,45.075233459472656,0.6697,0.6527,-7.2
220.959,45.519,45.075233459472656,0.6693,0.6527,-7.2
221.009,45.324,45.075233459472656,0.6691,0.6527,-7.2
221.059,45.055,45.075233459472656,0.6689,0.6527,-7.247058823529412
221.109,45.128,45.075233459472656,0.6686,0.6527,-7.247058823529412
221.159,45.153,45.075233459472656,0.6685,0.6527,0.0
221.209,45.128,45.075233459472656,0.6682,0.6527,0.0
221.259,45.128,45.075233459472656,0.6676,0.6527,0.0
221.309,45.128,45.075233459472656,0.6673,0.6527,0.0
221.359,45.128,45.075233459472656,0.6672,0.6527,0.0
221.409,45.153,45.744014739990234,0.6664,0.6527,0.0
221.459,45.128,45.744014739990234,0.6662,0.6527,0.0
221.509,45.128,45.744014739990234,0.666,0.6527,0.0
221.559,45.104,45.744014739990234,0.6652,0.6527,7.294117647058823
221.609,45.275,45.744014739990234,0.665,0.6527,7.294117647058823
221.659,45.104,45.744014739990234,0.6647,0.6527,7.294117647058823
221.709,46.032,45.744014739990234,0.6638,0.6527,7.247058823529412
221.759,45.69,45.744014739990234,0.6637,0.6527,7.247058823529412
221.809,45.226,45.744014739990234,0.6635,0.6527,-7.152941176470589
221.859,45.983,45.744014739990234,0.6629,0.6527,-7.152941176470589
221.909,45.983,45.744014739990234,0.6621,0.6527,7.247058823529412
221.959,46.105,45.744014739990234,0.662,0.6527,-7.152941176470589
222.009,45.812,45.744014739990234,0.6614,0.6527,-7.152941176470589
222.059,46.056,45.744014739990234,0.6613,0.6527,-7.2
222.109,45.763,45.744014739990234,0.661,0.6527,-7.2
222.161,45.641,45.744014739990234,0.6605,0.6527,0.0
222.21,45.641,45.744014739990234,0.66,0.6527,0.0
222.26,45.641,45.744014739990234,0.6591,0.6527,0.0
222.31,43.883,45.744014739990234,0.659,0.6527,7.105882352941176
222.36,45.665,45.744014739990234,0.659,0.6527,7.105882352941176
222.41,46.105,45.185081481933594,0.6588,0.6527,7.764705882352941
222.46,45.91,45.185081481933594,0.6588,0.6527,7.764705882352941
222.51,46.129,45.185081481933594,0.6586,0.6527,-7.3882352941176475
222.56,46.862,45.185081481933594,0.6586,0.6527,-7.3882352941176475
222.61,46.325,45.185081481933594,0.6586,0.6527,-7.435294117647059
222.66,46.227,45.185081481933594,0.6584,0.6527,-7.670588235294118
222.71,45.836,45.185081481933594,0.6584,0.6527,-7.670588235294118
222.76,45.983,45.185081481933594,0.6584,0.6527,-7.435294117647059
222.81,45.495,45.185081481933594,0.6574,0.6527,-7.435294117647059
222.86,45.69,45.185081481933594,0.6574,0.6527,-7.341176470588235
222.91,44.957,45.185081481933594,0.6574,0.6527,-7.341176470588235
222.96,45.47,45.185081481933594,0.6583,0.6527,-7.247058823529412
223.01,44.957,45.185081481933594,0.6584,0.6527,-7.247058823529412
223.06,45.177,45.185081481933594,0.6584,0.6527,-7.152941176470589
223.11,44.811,45.185081481933594,0.6588,0.6527,-7.152941176470589
223.16,44.884,45.185081481933594,0.6588,0.6527,0.0
223.21,45.006,45.185081481933594,0.6588,0.6527,7.2
223.26,45.079,45.185081481933594,0.6588,0.6527,7.2
223.31,45.153,45.185081481933594,0.6589,0.6527,7.105882352941176
223.36,45.079,45.185081481933594,0.6595,0.6527,7.105882352941176
223.41,45.543,46.68508529663086,0.6597,0.6527,0.0
223.46,45.885,46.68508529663086,0.6602,0.6527,7.105882352941176
223.51,45.641,46.68508529663086,0.6604,0.6527,7.105882352941176
223.56,45.861,46.68508529663086,0.6607,0.6527,7.341176470588235
223.61,46.081,46.68508529663086,0.6612,0.6527,7.341176470588235
223.66,46.349,46.68508529663086,0.6621,0.6527,7.3882352941176475
223.71,46.618,46.68508529663086,0.6625,0.6527,7.294117647058823
223.76,46.96,46.68508529663086,0.6628,0.6527,7.294117647058823
223.81,47.131,46.68508529663086,0.6628,0.6527,7.105882352941176
223.86,47.253,46.68508529663086,0.6639,0.6527,7.105882352941176
223.91,47.375,46.68508529663086,0.6639,0.6527,-7.247058823529412
223.96,48.352,46.68508529663086,0.6643,0.6527,-7.247058823529412
224.01,47.179,46.68508529663086,0.6647,0.6527,-7.341176470588235
224.06,47.521,46.68508529663086,0.6653,0.6527,-7.341176470588235
224.11,46.74,46.68508529663086,0.6653,0.6527,-7.247058823529412
224.162,47.106,46.68508529663086,0.6659,0.6527,0.0
224.211,47.106,46.68508529663086,0.6664,0.6527,0.0
224.261,47.106,46.68508529663086,0.6666,0.6527,0.0
224.311,47.155,46.68508529663086,0.6669,0.6527,-7.2
224.361,47.668,46.68508529663086,0.6674,0.6527,-7.2
224.411,46.447,45.88479232788086,0.6674,0.6527,-7.247058823529412
224.461,46.911,45.88479232788086,0.6679,0.6527,-7.247058823529412
224.511,46.349,45.88479232788086,0.6679,0.6527,-7.247058823529412
224.561,46.667,45.88479232788086,0.6682,0.6527,-7.247058823529412
224.611,46.422,45.88479232788086,0.6682,0.6527,-7.247058823529412
224.661,46.593,45.88479232788086,0.6687,0.6527,-7.341176470588235
224.711,46.349,45.88479232788086,0.6689,0.6527,-7.341176470588235
224.761,46.349,45.88479232788086,0.6691,0.6527,-7.341176470588235
224.811,45.543,45.88479232788086,0.6692,0.6527,-7.341176470588235
224.861,46.032,45.88479232788086,0.6692,0.6527,-7.247058823529412
224.911,45.739,45.88479232788086,0.6692,0.6527,7.2
224.961,45.812,45.88479232788086,0.6695,0.6527,7.2
225.011,46.154,45.88479232788086,0.6696,0.6527,7.105882352941176
225.061,46.203,45.88479232788086,0.6699,0.6527,7.105882352941176
225.111,46.252,45.88479232788086,0.6699,0.6527,-7.152941176470589
225.161,46.886,45.88479232788086,0.6699,0.6527,-7.152941176470589
225.211,46.276,45.88479232788086,0.6701,0.6527,-7.2
225.261,45.836,45.88479232788086,0.6701,0.6527,-7.2
225.311,46.154,45.88479232788086,0.6704,0.6527,-7.2
225.361,46.105,45.88479232788086,0.671,0.6527,-7.2
225.411,45.861,44.38479232788086,0.6713,0.6527,-7.152941176470589
225.461,45.934,44.38479232788086,0.6714,0.6527,-7.152941176470589
225.511,45.788,44.38479232788086,0.6719,0.6527,-7.623529411764705
225.561,45.275,44.38479232788086,0.672,0.6527,-7.623529411764705
225.611,45.543,44.38479232788086,0.6723,0.6527,-7.576470588235294
225.661,45.324,44.38479232788086,0.6734,0.6527,-7.3882352941176475
225.711,45.104,44.38479232788086,0.6737,0.6527,-7.3882352941176475
225.761,45.031,44.38479232788086,0.6741,0.6527,-7.435294117647059
225.811,44.933,44.38479232788086,0.675,0.6527,-7.435294117647059
225.861,44.86,44.38479232788086,0.6752,0.6527,-7.294117647058823
225.911,45.372,44.38479232788086,0.676,0.6527,-7.247058823529412
225.961,44.151,44.38479232788086,0.6763,0.6527,-7.247058823529412
226.011,44.298,44.38479232788086,0.6774,0.6527,-7.435294117647059
226.061,44.029,44.38479232788086,0.6786,0.6527,-7.435294117647059
226.111,44.2,44.38479232788086,0.6789,0.6527,7.105882352941176
226.163,44.225,44.38479232788086,0.6802,0.6527,7.2
226.212,44.2,44.38479232788086,0.6814,0.6527,7.2
226.262,44.957,44.38479232788086,0.6815,0.6527,7.105882352941176
226.312,44.86,44.38479232788086,0.6828,0.6527,7.105882352941176
226.362,45.348,44.38479232788086,0.684,0.6527,-7.294117647058823
226.412,45.006,44.08674621582031,0.685,0.6527,-7.247058823529412
226.462,45.275,44.08674621582031,0.6869,0.6527,-7.247058823529412
226.512,45.031,44.08674621582031,0.6876,0.6527,-7.3882352941176475
226.562,44.908,44.08674621582031,0.6884,0.6527,-7.3882352941176475
226.612,44.811,44.08674621582031,0.6893,0.6527,-7.435294117647059
226.662,44.713,44.08674621582031,0.6911,0.6527,-7.3882352941176475
226.712,44.42,44.08674621582031,0.692,0.6527,-7.3882352941176475
226.762,44.518,44.08674621582031,0.6933,0.6527,-7.294117647058823
226.812,44.347,44.08674621582031,0.6948,0.6527,-7.294117647058823
226.862,44.444,44.08674621582031,0.6955,0.6527,-7.2
226.912,44.127,44.08674621582031,0.696,0.6527,-7.152941176470589
226.962,44.078,44.08674621582031,0.6977,0.6527,-7.152941176470589
227.012,43.858,44.08674621582031,0.6986,0.6527,0.0
227.062,43.834,44.08674621582031,0.699,0.6527,0.0
227.112,44.151,44.08674621582031,0.7013,0.6527,7.152941176470589
227.162,44.103,44.08674621582031,0.7016,0.6527,7.152941176470589
227.212,43.858,44.08674621582031,0.7021,0.6527,7.152941176470589
227.262,44.347,44.08674621582031,0.7035,0.6527,0.0
227.312,44.371,44.08674621582031,0.7042,0.6527,0.0
227.362,44.444,44.08674621582031,0.7047,0.6527,-7.152941176470589
227.412,44.176,42.58674621582031,0.7062,0.6527,-7.152941176470589
227.462,44.542,42.58674621582031,0.7064,0.6527,-7.152941176470589
227.512,44.2,42.58674621582031,0.7074,0.6527,-7.670588235294118
227.562,44.151,42.58674621582031,0.7077,0.6527,-7.670588235294118
227.612,43.785,42.58674621582031,0.7086,0.6527,-7.670588235294118
227.662,43.687,42.58674621582031,0.7087,0.6527,-7.670588235294118
227.712,43.541,42.58674621582031,0.7095,0.6527,-7.670588235294118
227.762,43.419,42.58674621582031,0.7097,0.6527,-7.482352941176471
227.812,43.248,42.58674621582031,0.7103,0.6527,-7.482352941176471
227.862,43.541,42.58674621582031,0.7105,0.6527,-7.3882352941176475
227.912,42.784,42.58674621582031,0.7105,0.6527,-7.294117647058823
227.962,42.808,42.58674621582031,0.7107,0.6527,-7.294117647058823
228.012,42.271,42.58674621582031,0.7112,0.6527,-7.152941176470589
228.062,42.613,42.58674621582031,0.7113,0.6527,-7.152941176470589
228.112,42.589,42.58674621582031,0.7115,0.6527,7.2
228.164,42.515,42.58674621582031,0.7116,0.6527,0.0
228.213,42.589,42.58674621582031,0.7116,0.6527,0.0
228.263,42.784,42.58674621582031,0.7117,0.6527,7.105882352941176
228.313,42.784,42.58674621582031,0.7118,0.6527,7.105882352941176
228.363,42.686,42.58674621582031,0.7118,0.6527,-7.152941176470589
228.413,42.369,44.08674621582031,0.7119,0.6527,-7.152941176470589
228.463,42.637,44.08674621582031,0.7119,0.6527,-7.152941176470589
228.513,42.637,44.08674621582031,0.7119,0.6527,7.7176470588235295
228.563,42.93,44.08674621582031,0.712,0.6527,7.7176470588235295
228.613,43.199,44.08674621582031,0.712,0.6527,7.623529411764705
228.663,43.639,44.08674621582031,0.712,0.6527,7.482352941176471
228.713,43.492,44.08674621582031,0.712,0.6527,7.482352941176471
228.763,44.103,44.08674621582031,0.712,0.6527,7.247058823529412
228.813,44.713,44.08674621582031,0.712,0.6527,7.247058823529412
228.863,44.591,44.08674621582031,0.7121,0.6527,0.0
228.913,44.615,44.08674621582031,0.7121,0.6527,-7.294117647058823
228.963,44.615,44.08674621582031,0.7121,0.6527,-7.294117647058823
229.013,44.347,44.08674621582031,0.7121,0.6527,-7.247058823529412
229.063,44.469,44.08674621582031,0.7121,0.6527,-7.247058823529412
229.113,43.98,44.08674621582031,0.7121,0.6527,-7.152941176470589
229.163,44.444,44.08674621582031,0.7122,0.6527,-7.152941176470589
229.213,44.151,44.08674621582031,0.7122,0.6527,7.105882352941176
229.263,44.151,44.08674621582031,0.7123,0.6527,7.105882352941176
229.313,44.127,44.08674621582031,0.7123,0.6527,-7.105882352941176
229.363,44.396,44.08674621582031,0.7123,0.6527,-7.105882352941176
229.413,44.249,43.864192962646484,0.7124,0.6527,0.0
229.463,44.298,43.864192962646484,0.7124,0.6527,0.0
229.513,44.078,43.864192962646484,0.7124,0.6527,-7.2
229.563,44.151,43.864192962646484,0.7124,0.6527,-7.2
229.613,43.907,43.864192962646484,0.7124,0.6527,-7.152941176470589
229.663,44.054,43.864192962646484,0.7124,0.6527,-7.152941176470589
229.713,43.932,43.864192962646484,0.7124,0.6527,0.0
229.763,43.956,43.864192962646484,0.7124,0.6527,0.0
229.813,43.98,43.864192962646484,0.7124,0.6527,-7.105882352941176
229.863,43.956,43.864192962646484,0.7124,0.6527,-7.105882352941176
229.913,43.785,43.864192962646484,0.7124,0.6527,-7.105882352941176
229.963,43.761,43.864192962646484,0.7124,0.6527,-7.105882352941176
230.013,43.59,43.864192962646484,0.7124,0.6527,-7.105882352941176
230.063,43.492,43.864192962646484,0.7123,0.6527,7.105882352941176
230.113,43.663,43.864192962646484,0.7123,0.6527,7.105882352941176
230.165,43.101,43.864192962646484,0.7123,0.6527,7.2
230.214,43.834,43.864192962646484,0.7122,0.6527,7.2
230.264,44.567,43.864192962646484,0.7122,0.6527,7.341176470588235
230.314,44.615,43.864192962646484,0.7121,0.6527,7.341176470588235
230.364,44.737,43.864192962646484,0.7118,0.6527,-7.341176470588235
230.414,44.86,43.10547637939453,0.7118,0.6527,-7.341176470588235
230.464,44.567,43.10547637939453,0.7116,0.6527,-7.341176470588235
230.514,44.42,43.10547637939453,0.7116,0.6527,-7.7176470588235295
230.564,44.469,43.10547637939453,0.7116,0.6527,-7.7176470588235295
230.614,44.274,43.10547637939453,0.7114,0.6527,-7.576470588235294
230.664,44.054,43.10547637939453,0.7113,0.6527,-7.576470588235294
230.714,43.98,43.10547637939453,0.7112,0.6527,-7.482352941176471
230.764,43.761,43.10547637939453,0.711,0.6527,-7.482352941176471
230.814,43.639,43.10547637939453,0.7107,0.6527,-7.3882352941176475
230.864,43.516,43.10547637939453,0.7104,0.6527,-7.294117647058823
230.914,43.443,43.10547637939453,0.7104,0.6527,-7.294117647058823
230.964,42.833,43.10547637939453,0.7101,0.6527,-7.2
231.014,43.077,43.10547637939453,0.7097,0.6527,-7.2
231.064,43.297,43.10547637939453,0.7097,0.6527,7.152941176470589
231.114,43.223,43.10547637939453,0.7094,0.6527,0.0
231.164,43.223,43.10547637939453,0.7092,0.6527,0.0
231.214,43.175,43.10547637939453,0.7091,0.6527,-7.105882352941176
231.264,42.979,43.10547637939453,0.709,0.6527,-7.105882352941176
231.314,43.101,43.10547637939453,0.7082,0.6527,-7.105882352941176
231.364,43.15,43.10547637939453,0.7082,0.6527,7.105882352941176
231.414,43.101,43.604270935058594,0.7076,0.6527,7.105882352941176
231.464,43.175,43.604270935058594,0.7076,0.6527,0.0
231.514,43.248,43.604270935058594,0.7073,0.6527,0.0
231.564,43.15,43.604270935058594,0.7071,0.6527,7.2
231.614,43.297,43.604270935058594,0.7065,0.6527,7.2
231.664,43.565,43.604270935058594,0.7063,0.6527,7.2
231.714,43.932,43.604270935058594,0.7055,0.6527,7.152941176470589
231.764,44.127,43.604270935058594,0.7054,0.6527,7.152941176470589
231.814,44.249,43.604270935058594,0.7053,0.6527,-7.2
231.864,44.298,43.604270935058594,0.7048,0.6527,-7.247058823529412
231.914,43.858,43.604270935058594,0.7046,0.6527,-7.247058823529412
231.964,44.249,43.604270935058594,0.7046,0.6527,-7.341176470588235
232.014,43.98,43.604270935058594,0.7032,0.6527,-7.341176470588235
232.064,44.029,43.604270935058594,0.7032,0.6527,-7.294117647058823
232.114,43.443,43.604270935058594,0.7028,0.6527,-7.2
232.166,43.614,43.604270935058594,0.7025,0.6527,-7.2
232.215,43.712,43.604270935058594,0.7022,0.6527,7.105882352941176
232.265,43.81,43.604270935058594,0.7018,0.6527,7.105882352941176
232.315,43.492,43.604270935058594,0.701,0.6527,-7.105882352941176
232.365,43.516,43.604270935058594,0.701,0.6527,-7.152941176470589
232.415,43.297,44.87602615356445,0.7004,0.6527,-7.152941176470589
232.465,43.59,44.87602615356445,0.6999,0.6527,7.105882352941176
232.515,43.687,44.87602615356445,0.6995,0.6527,7.105882352941176
232.565,43.614,44.87602615356445,0.6988,0.6527,7.529411764705882
232.615,44.371,44.87602615356445,0.6982,0.6527,7.529411764705882
232.665,44.176,44.87602615356445,0.6977,0.6527,7.529411764705882
232.715,44.786,44.87602615356445,0.6971,0.6527,7.247058823529412
232.765,45.153,44.87602615356445,0.6962,0.6527,7.247058823529412
232.815,45.226,44.87602615356445,0.6961,0.6527,7.105882352941176
232.865,45.275,44.87602615356445,0.6957,0.6527,-7.152941176470589
232.915,45.031,44.87602615356445,0.6946,0.6527,-7.152941176470589
232.965,45.031,44.87602615356445,0.6938,0.6527,-7.2
233.015,45.104,44.87602615356445,0.6934,0.6527,-7.2
233.065,45.079,44.87602615356445,0.6926,0.6527,-7.105882352941176
233.115,44.737,44.87602615356445,0.6921,0.6527,-7.152941176470589
233.165,44.884,44.87602615356445,0.6916,0.6527,-7.152941176470589
233.215,44.811,44.87602615356445,0.691,0.6527,7.105882352941176
233.265,44.933,44.87602615356445,0.6903,0.6527,7.105882352941176
233.315,45.079,44.87602615356445,0.6892,0.6527,7.105882352941176
233.365,45.201,44.87602615356445,0.6885,0.6527,0.0
233.415,45.226,45.42559814453125,0.6876,0.6527,0.0
233.465,45.372,45.42559814453125,0.6869,0.6527,-7.2
233.515,45.543,45.42559814453125,0.6864,0.6527,-7.2
233.565,45.177,45.42559814453125,0.6859,0.6527,0.0
233.615,44.933,45.42559814453125,0.6847,0.6527,-7.105882352941176
233.665,45.324,45.42559814453125,0.6842,0.6527,-7.105882352941176
233.715,45.324,45.42559814453125,0.684,0.6527,7.247058823529412
233.765,45.177,45.42559814453125,0.6827,0.6527,7.247058823529412
233.815,45.104,45.42559814453125,0.6819,0.6527,7.105882352941176
233.865,45.372,45.42559814453125,0.6819,0.6527,7.152941176470589
233.915,45.714,45.42559814453125,0.681,0.6527,7.152941176470589
233.965,45.958,45.42559814453125,0.6802,0.6527,0.0
234.015,45.958,45.42559814453125,0.6796,0.6527,0.0
234.065,46.105,45.42559814453125,0.6785,0.6527,-7.247058823529412
234.115,46.325,45.42559814453125,0.6777,0.6527,-7.247058823529412
234.167,45.617,45.42559814453125,0.6776,0.6527,-7.3882352941176475
234.216,45.47,45.42559814453125,0.6765,0.6527,-7.3882352941176475
234.266,44.2,45.42559814453125,0.6764,0.6527,-7.3882352941176475
234.316,45.592,45.42559814453125,0.6758,0.6527,0.0
234.366,45.568,45.42559814453125,0.6748,0.6527,0.0
234.416,45.495,44.726707458496094,0.6742,0.6527,-7.105882352941176
234.466,45.543,44.726707458496094,0.6738,0.6527,-7.105882352941176
234.516,45.543,44.726707458496094,0.6734,0.6527,-7.341176470588235
234.566,44.908,44.726707458496094,0.673,0.6527,-7.3882352941176475
234.616,44.982,44.726707458496094,0.6729,0.6527,-7.3882352941176475
234.666,45.177,44.726707458496094,0.672,0.6527,-7.105882352941176
234.716,44.908,44.726707458496094,0.6716,0.6527,-7.105882352941176
234.766,44.884,44.726707458496094,0.671,0.6527,-7.247058823529412
234.816,44.762,44.726707458496094,0.671,0.6527,-7.105882352941176
234.866,44.737,44.726707458496094,0.6706,0.6527,-7.105882352941176
234.916,44.737,44.726707458496094,0.6704,0.6527,0.0
234.966,44.713,44.726707458496094,0.6701,0.6527,0.0
235.016,44.713,44.726707458496094,0.67,0.6527,0.0
235.066,44.713,44.726707458496094,0.6695,0.6527,0.0
235.116,44.689,44.726707458496094,0.6692,0.6527,0.0
235.166,44.713,44.726707458496094,0.6691,0.6527,0.0
235.216,44.689,44.726707458496094,0.6687,0.6527,0.0
235.266,44.567,44.726707458496094,0.6686,0.6527,0.0
235.316,44.713,44.726707458496094,0.6685,0.6527,0.0
235.366,44.567,44.726707458496094,0.6684,0.6527,7.105882352941176
235.416,44.762,45.06947326660156,0.6682,0.6527,7.105882352941176
235.466,44.884,45.06947326660156,0.668,0.6527,7.105882352941176
235.516,45.25,45.06947326660156,0.668,0.6527,7.105882352941176
235.566,44.957,45.06947326660156,0.668,0.6527,7.105882352941176
235.616,45.397,45.06947326660156,0.668,0.6527,-7.105882352941176
235.666,45.128,45.06947326660156,0.668,0.6527,-7.105882352941176
235.716,45.372,45.06947326660156,0.6679,0.6527,-7.2
235.766,45.153,45.06947326660156,0.6678,0.6527,-7.2
235.816,44.835,45.06947326660156,0.6678,0.6527,-7.152941176470589
235.866,45.055,45.06947326660156,0.6678,0.6527,-7.152941176470589
235.916,45.079,45.06947326660156,0.6677,0.6527,7.152941176470589
235.966,45.177,45.06947326660156,0.6676,0.6527,7.152941176470589
236.016,45.201,45.06947326660156,0.6675,0.6527,0.0
236.066,45.201,45.06947326660156,0.6675,0.6527,0.0
236.116,45.324,45.06947326660156,0.6674,0.6527,-7.105882352941176
236.168,45.372,45.06947326660156,0.6672,0.6527,-7.105882352941176
236.217,45.348,45.06947326660156,0.667,0.6527,-7.152941176470589
236.267,44.982,45.06947326660156,0.667,0.6527,-7.152941176470589
236.317,44.689,45.06947326660156,0.6668,0.6527,-7.152941176470589
236.367,44.591,45.06947326660156,0.6668,0.6527,-7.152941176470589
236.417,44.737,43.56947708129883,0.6664,0.6527,7.2
236.467,44.811,43.56947708129883,0.6658,0.6527,7.2
236.517,45.055,43.56947708129883,0.6658,0.6527,-7.482352941176471
236.567,44.591,43.56947708129883,0.6657,0.6527,-7.529411764705882
236.617,44.591,43.56947708129883,0.6654,0.6527,-7.529411764705882
236.667,44.908,43.56947708129883,0.6651,0.6527,-7.435294117647059
236.717,44.42,43.56947708129883,0.6645,0.6527,-7.435294117647059
236.767,44.469,43.56947708129883,0.6644,0.6527,-7.576470588235294
236.817,44.005,43.56947708129883,0.664,0.6527,-7.3882352941176475
236.867,44.322,43.56947708129883,0.6634,0.6527,-7.3882352941176475
236.917,43.883,43.56947708129883,0.6633,0.6527,-7.2
236.967,43.932,43.56947708129883,0.6628,0.6527,-7.2
237.017,43.614,43.56947708129883,0.6624,0.6527,-7.2
237.067,43.468,43.56947708129883,0.6623,0.6527,-7.2
237.117,43.443,43.56947708129883,0.6615,0.6527,-7.2
237.167,43.15,43.56947708129883,0.6611,0.6527,7.105882352941176
237.217,43.101,43.56947708129883,0.6609,0.6527,7.105882352941176
237.267,43.614,43.56947708129883,0.6604,0.6527,7.2
237.317,43.883,43.56947708129883,0.6604,0.6527,7.2
237.367,44.029,43.56947708129883,0.6601,0.6527,0.0
237.417,44.103,45.06947326660156,0.6595,0.6527,0.0
237.467,44.249,45.06947326660156,0.659,0.6527,-7.247058823529412
237.517,43.956,45.06947326660156,0.6589,0.6527,-7.247058823529412
237.567,43.956,45.06947326660156,0.6584,0.6527,7.3882352941176475
237.617,44.249,45.06947326660156,0.6583,0.6527,7.482352941176471
237.667,44.005,45.06947326660156,0.6583,0.6527,7.482352941176471
237.717,44.762,45.06947326660156,0.6582,0.6527,7.3882352941176475
237.767,44.493,45.06947326660156,0.6576,0.6527,7.3882352941176475
237.817,45.104,45.06947326660156,0.6574,0.6527,7.152941176470589
237.867,44.493,45.06947326660156,0.6573,0.6527,7.294117647058823
237.917,45.275,45.06947326660156,0.657,0.6527,7.294117647058823
237.967,45.714,45.06947326660156,0.657,0.6527,7.294117647058823
238.017,46.032,45.06947326660156,0.6569,0.6527,7.294117647058823
238.067,46.422,45.06947326660156,0.6568,0.6527,-7.294117647058823
238.117,45.934,45.06947326660156,0.6567,0.6527,-7.435294117647059
238.169,46.081,45.06947326660156,0.6564,0.6527,-7.435294117647059
238.218,45.665,45.06947326660156,0.6563,0.6527,-7.3882352941176475
238.268,46.227,45.06947326660156,0.656,0.6527,-7.3882352941176475
238.318,45.641,45.06947326660156,0.6559,0.6527,-7.294117647058823
238.368,45.739,45.06947326660156,0.6559,0.6527,-7.294117647058823
238.418,45.226,44.64069366455078,0.6556,0.6527,-7.294117647058823
238.468,45.47,44.64069366455078,0.6554,0.6527,-7.294117647058823
238.518,44.86,44.64069366455078,0.6554,0.6527,-7.294117647058823
238.568,45.299,44.64069366455078,0.6552,0.6527,-7.3882352941176475
238.618,44.835,44.64069366455078,0.6549,0.6527,-7.3882352941176475
238.668,45.226,44.64069366455078,0.6549,0.6527,-7.294117647058823
238.718,44.371,44.64069366455078,0.6547,0.6527,-7.294117647058823
238.768,44.884,44.64069366455078,0.6546,0.6527,-7.294117647058823
238.818,44.444,44.64069366455078,0.6541,0.6527,7.152941176470589
238.868,44.615,44.64069366455078,0.6539,0.6527,7.152941176470589
238.918,44.884,44.64069366455078,0.6539,0.6527,7.152941176470589
238.968,44.737,44.64069366455078,0.6537,0.6527,7.152941176470589
239.018,45.104,44.64069366455078,0.6537,0.6527,-7.152941176470589
239.068,45.299,44.64069366455078,0.6534,0.6527,-7.105882352941176
239.118,44.982,44.64069366455078,0.6532,0.6527,-7.105882352941176
239.168,44.982,44.64069366455078,0.6529,0.6527,-7.294117647058823
239.218,44.786,44.64069366455078,0.6526,0.6527,-7.294117647058823
239.268,45.055,44.64069366455078,0.6525,0.6527,-7.2
239.318,44.249,44.64069366455078,0.6524,0.6527,-7.105882352941176
239.368,44.689,44.64069366455078,0.6524,0.6527,-7.105882352941176
239.418,44.444,46.14069366455078,0.6521,0.6527,7.2
239.468,44.591,46.14069366455078,0.6519,0.6527,7.2
239.518,44.86,46.14069366455078,0.6515,0.6527,7.7176470588235295
239.568,44.518,46.14069366455078,0.6515,0.6527,7.623529411764705
239.618,44.982,46.14069366455078,0.6514,0.6527,7.623529411764705
239.668,44.274,46.14069366455078,0.6513,0.6527,7.670588235294118
239.718,45.861,46.14069366455078,0.6513,0.6527,7.670588235294118
239.768,45.934,46.14069366455078,0.6513,0.6527,7.764705882352941
239.818,46.154,46.14069366455078,0.6512,0.6527,7.764705882352941
239.868,46.545,46.14069366455078,0.6512,0.6527,7.152941176470589
239.918,46.96,46.14069366455078,0.6511,0.6527,7.152941176470589
239.968,47.131,46.14069366455078,0.6511,0.6527,-7.2
240.018,46.789,46.14069366455078,0.6511,0.6527,-7.2
240.068,47.253,46.14069366455078,0.6511,0.6527,-7.435294117647059
240.118,46.447,46.14069366455078,0.6511,0.6527,-7.435294117647059
240.17,46.203,46.14069366455078,0.651,0.6527,-7.482352941176471
240.219,46.642,46.14069366455078,0.6509,0.6527,-7.482352941176471
240.269,46.349,46.14069366455078,0.6509,0.6527,0.0
240.319,46.349,46.14069366455078,0.6509,0.6527,0.0
240.369,46.471,46.14069366455078,0.6509,0.6527,-7.152941176470589
240.419,46.227,46.587547302246094,0.6509,0.6527,-7.152941176470589
240.469,46.349,46.587547302246094,0.6508,0.6527,-7.2
240.519,46.081,46.587547302246094,0.6508,0.6527,-7.2
240.569,45.91,46.587547302246094,0.6508,0.6527,7.152941176470589
240.619,46.032,46.587547302246094,0.6508,0.6527,7.152941176470589
240.669,46.081,46.587547302246094,0.6508,0.6527,7.294117647058823
240.719,46.447,46.587547302246094,0.6509,0.6527,7.294117647058823
240.769,46.74,46.587547302246094,0.6509,0.6527,7.247058823529412
240.819,46.935,46.587547302246094,0.6509,0.6527,7.105882352941176
240.869,46.862,46.587547302246094,0.6509,0.6527,7.105882352941176
240.919,47.155,46.587547302246094,0.651,0.6527,-7.2
240.969,47.424,46.587547302246094,0.651,0.6527,-7.2
241.019,47.082,46.587547302246094,0.6512,0.6527,-7.294117647058823
241.069,47.448,46.587547302246094,0.6513,0.6527,-7.3882352941176475
241.119,47.009,46.587547302246094,0.6514,0.6527,-7.3882352941176475
241.169,47.009,46.587547302246094,0.6516,0.6527,-7.3882352941176475
241.219,46.52,46.587547302246094,0.6516,0.6527,-7.3882352941176475
241.269,46.52,46.587547302246094,0.6517,0.6527,-7.2
241.319,46.52,46.587547302246094,0.6517,0.6527,7.105882352941176
241.369,46.667,46.587547302246094,0.6518,0.6527,7.105882352941176
241.419,46.813,45.087547302246094,0.6519,0.6527,7.105882352941176
241.469,46.838,45.087547302246094,0.6522,0.6527,7.105882352941176
241.519,47.204,45.087547302246094,0.6525,0.6527,-7.7176470588235295
241.569,47.277,45.087547302246094,0.6527,0.6527,-7.7176470588235295
241.619,47.057,45.087547302246094,0.6528,0.6527,-7.7176470588235295
241.669,47.179,45.087547302246094,0.6531,0.6527,-7.905882352941177
241.719,46.569,45.087547302246094,0.6532,0.6527,-7.905882352941177
241.769,46.398,45.087547302246094,0.654,0.6527,-7.858823529411764
241.819,46.081,45.087547302246094,0.6542,0.6527,-7.623529411764705
241.869,45.617,45.087547302246094,0.6549,0.6527,-7.623529411764705
241.919,46.007,45.087547302246094,0.6551,0.6527,-7.435294117647059
241.969,45.91,45.087547302246094,0.6553,0.6527,-7.435294117647059
242.019,45.495,45.087547302246094,0.6563,0.6527,-7.3882352941176475
242.069,45.543,45.087547302246094,0.6565,0.6527,-7.3882352941176475
242.119,45.104,45.087547302246094,0.6568,0.6527,-7.3882352941176475
242.171,45.055,45.087547302246094,0.6574,0.6527,-7.247058823529412
242.22,45.128,45.087547302246094,0.6582,0.6527,-7.247058823529412
242.27,44.884,45.087547302246094,0.6585,0.6527,0.0
242.32,44.86,45.087547302246094,0.6586,0.6527,0.0
242.37,45.153,45.087547302246094,0.6601,0.6527,7.152941176470589
242.42,44.884,46.396644592285156,0.6603,0.6527,7.152941176470589
242.47,45.299,46.396644592285156,0.6616,0.6527,-7.105882352941176
242.52,45.104,46.396644592285156,0.6623,0.6527,7.623529411764705
242.57,44.933,46.396644592285156,0.6627,0.6527,7.623529411764705
242.62,45.226,46.396644592285156,0.6636,0.6527,7.529411764705882
242.67,45.495,46.396644592285156,0.6645,0.6527,7.529411764705882
242.72,46.203,46.396644592285156,0.6659,0.6527,7.482352941176471
242.77,45.861,46.396644592285156,0.6671,0.6527,7.482352941176471
242.82,46.569,46.396644592285156,0.6678,0.6527,7.152941176470589
242.87,46.618,46.396644592285156,0.6688,0.6527,7.152941176470589
242.92,46.911,46.396644592285156,0.6695,0.6527,-7.105882352941176
242.97,47.155,46.396644592285156,0.6702,0.6527,-7.105882352941176
243.02,46.813,46.396644592285156,0.6715,0.6527,-7.247058823529412
243.07,46.593,46.396644592285156,0.6728,0.6527,-7.341176470588235
243.12,46.447,46.396644592285156,0.6732,0.6527,-7.341176470588235
243.17,46.203,46.396644592285156,0.6745,0.6527,-7.152941176470589
243.22,46.349,46.396644592285156,0.6756,0.6527,-7.152941176470589
243.27,46.325,46.396644592285156,0.6759,0.6527,7.152941176470589
243.32,46.447,46.396644592285156,0.6769,0.6527,7.152941176470589
243.37,46.178,46.396644592285156,0.6777,0.6527,7.105882352941176
243.42,46.862,44.896644592285156,0.6781,0.6527,7.105882352941176
243.47,47.057,44.896644592285156,0.6794,0.6527,7.152941176470589
243.52,47.179,44.896644592285156,0.6806,0.6527,-7.811764705882353
243.57,47.277,44.896644592285156,0.6811,0.6527,-7.811764705882353
243.62,47.057,44.896644592285156,0.6817,0.6527,-7.905882352941177
243.67,46.862,44.896644592285156,0.6828,0.6527,-7.905882352941177
243.72,46.618,44.896644592285156,0.6832,0.6527,-7.858823529411764
243.77,46.447,44.896644592285156,0.6839,0.6527,-7.811764705882353
243.82,46.252,44.896644592285156,0.6851,0.6527,-7.811764705882353
243.87,46.203,44.896644592285156,0.6855,0.6527,-7.623529411764705
243.92,45.763,44.896644592285156,0.6856,0.6527,-7.623529411764705
243.97,45.47,44.896644592285156,0.6862,0.6527,-7.529411764705882
244.02,45.665,44.896644592285156,0.6863,0.6527,-7.3882352941176475
244.07,43.516,44.896644592285156,0.6873,0.6527,-7.3882352941176475
244.12,45.128,44.896644592285156,0.6883,0.6527,-7.341176470588235
244.172,45.079,44.896644592285156,0.6883,0.6527,-7.341176470588235
244.221,45.226,44.896644592285156,0.6887,0.6527,-7.152941176470589
244.271,45.006,44.896644592285156,0.6888,0.6527,-7.105882352941176
244.321,44.689,44.896644592285156,0.6897,0.6527,-7.105882352941176
244.371,44.811,44.896644592285156,0.6898,0.6527,-7.105882352941176
244.421,44.64,43.396644592285156,0.6906,0.6527,-7.105882352941176
244.471,44.518,43.396644592285156,0.6911,0.6527,7.105882352941176
244.521,44.86,43.396644592285156,0.6917,0.6527,-7.529411764705882
244.571,44.298,43.396644592285156,0.692,0.6527,-7.529411764705882
244.621,44.029,43.396644592285156,0.6931,0.6527,-7.623529411764705
244.671,43.956,43.396644592285156,0.6933,0.6527,-7.623529411764705
244.721,44.005,43.396644592285156,0.6939,0.6527,-7.294117647058823
244.771,43.443,43.396644592285156,0.695,0.6527,-7.294117647058823
244.821,43.785,43.396644592285156,0.6961,0.6527,-7.294117647058823
244.871,43.639,43.396644592285156,0.6961,0.6527,-7.294117647058823
244.921,43.541,43.396644592285156,0.697,0.6527,-7.2
244.971,43.639,43.396644592285156,0.698,0.6527,-7.2
245.021,43.004,43.396644592285156,0.6987,0.6527,-7.105882352941176
245.071,43.468,43.396644592285156,0.6994,0.6527,-7.105882352941176
245.121,43.199,43.396644592285156,0.7007,0.6527,7.2
245.171,43.394,43.396644592285156,0.7014,0.6527,7.2
245.221,43.492,43.396644592285156,0.7024,0.6527,7.152941176470589
245.271,43.663,43.396644592285156,0.7038,0.6527,0.0
245.321,43.712,43.396644592285156,0.7042,0.6527,0.0
245.371,44.005,43.396644592285156,0.7058,0.6527,-7.152941176470589
245.421,43.712,41.89664077758789,0.7067,0.6527,-7.152941176470589
245.471,43.98,41.89664077758789,0.7079,0.6527,-7.294117647058823
245.521,43.59,41.89664077758789,0.7091,0.6527,-7.764705882352941
245.571,43.468,41.89664077758789,0.7101,0.6527,-7.764705882352941
245.621,43.223,41.89664077758789,0.7115,0.6527,-7.7176470588235295
245.671,43.248,41.89664077758789,0.7125,0.6527,-7.7176470588235295
245.721,42.833,41.89664077758789,0.7137,0.6527,-7.576470588235294
245.771,42.833,41.89664077758789,0.7149,0.6527,-7.576470588235294
245.821,42.491,41.89664077758789,0.7157,0.6527,-7.576470588235294
245.871,42.466,41.89664077758789,0.7172,0.6527,-7.3882352941176475
245.921,42.222,41.89664077758789,0.7182,0.6527,-7.3882352941176475
245.971,42.344,41.89664077758789,0.719,0.6527,-7.294117647058823
246.021,42.002,41.89664077758789,0.7201,0.6527,-7.2
246.071,42.051,41.89664077758789,0.7212,0.6527,-7.2
246.121,41.465,41.89664077758789,0.7219,0.6527,-7.105882352941176
246.173,41.343,41.89664077758789,0.7231,0.6527,-7.105882352941176
246.222,41.563,41.89664077758789,0.7241,0.6527,7.2
246.272,41.685,41.89664077758789,0.7248,0.6527,7.247058823529412
246.322,41.954,41.89664077758789,0.7256,0.6527,7.247058823529412
246.372,41.929,41.89664077758789,0.7257,0.6527,7.152941176470589
246.422,42.735,41.60800552368164,0.7273,0.6527,7.152941176470589
246.472,42.808,41.60800552368164,0.7277,0.6527,0.0
246.522,42.882,41.60800552368164,0.7285,0.6527,-7.482352941176471
246.572,43.053,41.60800552368164,0.7287,0.6527,-7.482352941176471
246.622,42.686,41.60800552368164,0.7291,0.6527,-7.529411764705882
246.672,42.686,41.60800552368164,0.7292,0.6527,-7.529411764705882
246.722,42.076,41.60800552368164,0.73,0.6527,-7.482352941176471
246.772,42.1,41.60800552368164,0.73,0.6527,-7.482352941176471
246.822,41.954,41.60800552368164,0.7302,0.6527,-7.482352941176471
246.872,42.125,41.60800552368164,0.7302,0.6527,-7.247058823529412
246.922,41.368,41.60800552368164,0.7302,0.6527,-7.247058823529412
246.972,41.783,41.60800552368164,0.7302,0.6527,-7.247058823529412
247.022,41.636,41.60800552368164,0.7302,0.6527,7.152941176470589
247.072,41.465,41.60800552368164,0.7302,0.6527,7.152941176470589
247.122,41.807,41.60800552368164,0.7302,0.6527,0.0
247.172,41.978,41.60800552368164,0.7296,0.6527,0.0
247.222,41.954,41.60800552368164,0.7293,0.6527,-7.152941176470589
247.272,41.978,41.60800552368164,0.7291,0.6527,-7.2
247.322,41.734,41.60800552368164,0.7288,0.6527,-7.2
247.372,41.807,41.60800552368164,0.7282,0.6527,-7.2
247.422,41.587,41.939239501953125,0.7278,0.6527,-7.2
247.472,41.661,41.939239501953125,0.7274,0.6527,-7.152941176470589
247.522,41.441,41.939239501953125,0.7266,0.6527,7.2
247.572,41.612,41.939239501953125,0.7265,0.6527,7.2
247.622,41.954,41.939239501953125,0.7258,0.6527,7.247058823529412
247.672,41.807,41.939239501953125,0.7247,0.6527,7.247058823529412
247.722,42.295,41.939239501953125,0.7244,0.6527,0.0
247.772,42.686,41.939239501953125,0.7237,0.6527,7.105882352941176
247.822,42.442,41.939239501953125,0.7228,0.6527,7.105882352941176
247.872,43.028,41.939239501953125,0.7226,0.6527,-7.341176470588235
247.922,42.295,41.939239501953125,0.7211,0.6527,-7.341176470588235
247.972,42.662,41.939239501953125,0.7208,0.6527,-7.482352941176471
248.022,42.173,41.939239501953125,0.7203,0.6527,-7.2
248.072,42.564,41.939239501953125,0.719,0.6527,-7.2
248.122,41.929,41.939239501953125,0.7187,0.6527,-7.152941176470589
248.174,42.027,41.939239501953125,0.7186,0.6527,-7.152941176470589
248.223,42.051,41.939239501953125,0.7172,0.6527,0.0
248.273,42.173,41.939239501953125,0.7169,0.6527,-7.105882352941176
248.323,41.978,41.939239501953125,0.7164,0.6527,-7.105882352941176
248.373,42.1,41.939239501953125,0.715,0.6527,-7.152941176470589
248.423,41.783,43.439239501953125,0.7139,0.6527,-7.152941176470589
248.473,41.758,43.439239501953125,0.7138,0.6527,-7.105882352941176
248.523,41.685,43.439239501953125,0.7135,0.6527,7.670588235294118
248.573,41.807,43.439239501953125,0.7126,0.6527,7.670588235294118
248.623,42.051,43.439239501953125,0.7125,0.6527,7.7176470588235295
248.673,42.247,43.439239501953125,0.7108,0.6527,7.7176470588235295
248.723,43.077,43.439239501953125,0.7106,0.6527,7.576470588235294
248.773,42.833,43.439239501953125,0.7103,0.6527,7.529411764705882
248.823,43.614,43.439239501953125,0.7095,0.6527,7.529411764705882
248.873,43.443,43.439239501953125,0.7093,0.6527,7.294117647058823
248.923,44.103,43.439239501953125,0.7085,0.6527,7.294117647058823
248.973,44.42,43.439239501953125,0.7079,0.6527,0.0
249.023,44.42,43.439239501953125,0.7072,0.6527,0.0
249.073,44.518,43.439239501953125,0.7068,0.6527,-7.435294117647059
249.123,44.396,43.439239501953125,0.7057,0.6527,-7.435294117647059
249.173,44.567,43.439239501953125,0.7052,0.6527,-7.482352941176471
249.223,44.274,43.439239501953125,0.7047,0.6527,-7.435294117647059
249.273,44.176,43.439239501953125,0.7044,0.6527,-7.435294117647059
249.323,43.932,43.439239501953125,0.7037,0.6527,-7.3882352941176475
249.373,43.932,43.439239501953125,0.7029,0.6527,-7.3882352941176475
249.423,43.492,44.939239501953125,0.7021,0.6527,-7.247058823529412
249.473,43.761,44.939239501953125,0.7012,0.6527,-7.247058823529412
249.523,43.297,44.939239501953125,0.7004,0.6527,-7.247058823529412
249.573,43.321,44.939239501953125,0.7,0.6527,7.482352941176471
249.623,43.687,44.939239501953125,0.6991,0.6527,7.482352941176471
249.673,43.516,44.939239501953125,0.6981,0.6527,7.670588235294118
249.723,44.176,44.939239501953125,0.6971,0.6527,7.670588235294118
249.773,43.932,44.939239501953125,0.6959,0.6527,7.576470588235294
249.823,44.884,44.939239501953125,0.6955,0.6527,7.576470588235294
249.873,44.884,44.939239501953125,0.694,0.6527,7.435294117647059
249.923,45.226,44.939239501953125,0.6937,0.6527,7.435294117647059
249.973,45.495,44.939239501953125,0.6925,0.6527,0.0
250.023,45.348,44.939239501953125,0.6908,0.6527,-7.152941176470589
250.073,45.592,44.939239501953125,0.6906,0.6527,-7.152941176470589
250.123,45.348,44.939239501953125,0.6889,0.6527,-7.2
250.175,45.128,44.939239501953125,0.688,0.6527,-7.2
250.224,45.25,44.939239501953125,0.6869,0.6527,-7.2
250.274,45.104,44.939239501953125,0.686,0.6527,-7.2
250.324,44.249,44.939239501953125,0.6846,0.6527,-7.152941176470589
250.374,44.933,44.939239501953125,0.6828,0.6527,-7.152941176470589
